Fetching 5618 files:   0%|          | 0/5618 [00:00<?, ?it/s]Still waiting to acquire lock on /scratch/shahils/openpi/datasets/Libero-XVLA-format/.cache/huggingface/.gitignore.lock (elapsed: 0.1 seconds)
Still waiting to acquire lock on /scratch/shahils/openpi/datasets/Libero-XVLA-format/.cache/huggingface/.gitignore.lock (elapsed: 0.1 seconds)
Still waiting to acquire lock on /scratch/shahils/openpi/datasets/Libero-XVLA-format/.cache/huggingface/.gitignore.lock (elapsed: 0.1 seconds)
Downloading '.gitattributes' to '/scratch/shahils/openpi/datasets/Libero-XVLA-format/.cache/huggingface/download/wPaCkH-WbT7GsmxMKKrNZTV4nSM=.56a5918ca4501e0faba8725cdef19e0a4e6839c1.incomplete'
Downloading 'libero_10/KITCHEN_SCENE3_turn_on_the_stove_and_put_the_moka_pot_on_it_demo/demo_13.hdf5' to '/scratch/shahils/openpi/datasets/Libero-XVLA-format/.cache/huggingface/download/libero_10/KITCHEN_SCENE3_turn_on_the_stove_and_put_the_moka_pot_on_it_demo/NkkCokoXhiuvGb16sv2kt7AnL2k=.270b2157d577bbfb463a98cf96bcdbe70faebcc78c5cbad8ac264d28ff55aada.incomplete'
Download complete. Moving file to /scratch/shahils/openpi/datasets/Libero-XVLA-format/.gitattributes
Downloading 'libero_10/KITCHEN_SCENE3_turn_on_the_stove_and_put_the_moka_pot_on_it_demo/demo_14.hdf5' to '/scratch/shahils/openpi/datasets/Libero-XVLA-format/.cache/huggingface/download/libero_10/KITCHEN_SCENE3_turn_on_the_stove_and_put_the_moka_pot_on_it_demo/neGPYLrCEkbENyyrDK-tLEwet5Q=.6c323d0e7b65b048e0c34e915e1274bb4a99edea148a1227e882c0b5306d252d.incomplete'
Downloading 'libero_10/KITCHEN_SCENE3_turn_on_the_stove_and_put_the_moka_pot_on_it_demo/demo_0.hdf5' to '/scratch/shahils/openpi/datasets/Libero-XVLA-format/.cache/huggingface/download/libero_10/KITCHEN_SCENE3_turn_on_the_stove_and_put_the_moka_pot_on_it_demo/-SUtq2iS9pccEl-u7s03cwI-BTI=.7afcf68c87674227d63fb07febbcbf3657e55c1d0b48e8c700c7dc2d31ec720f.incomplete'
Downloading 'libero_10/KITCHEN_SCENE3_turn_on_the_stove_and_put_the_moka_pot_on_it_demo/demo_1.hdf5' to '/scratch/shahils/openpi/datasets/Libero-XVLA-format/.cache/huggingface/download/libero_10/KITCHEN_SCENE3_turn_on_the_stove_and_put_the_moka_pot_on_it_demo/G-5RjmQ2_e5v-a7yjG2BYUzL9K0=.31bc1d194a2b8187bdb413cb6fbd1bf2db0084f99bfe1e4ff2ececebda957f75.incomplete'
Fetching 5618 files:   0%|          | 1/5618 [00:00<34:44,  2.69it/s]Downloading 'libero_10/KITCHEN_SCENE3_turn_on_the_stove_and_put_the_moka_pot_on_it_demo/demo_10.hdf5' to '/scratch/shahils/openpi/datasets/Libero-XVLA-format/.cache/huggingface/download/libero_10/KITCHEN_SCENE3_turn_on_the_stove_and_put_the_moka_pot_on_it_demo/qIanSg8lEEhbjgh5TfQXC9aObEA=.8c24ea3fc2709de572aaa70b88a2e608364d17aa8f4eb4ea0b3705ba522a04bb.incomplete'
Downloading 'libero_10/KITCHEN_SCENE3_turn_on_the_stove_and_put_the_moka_pot_on_it_demo/demo_11.hdf5' to '/scratch/shahils/openpi/datasets/Libero-XVLA-format/.cache/huggingface/download/libero_10/KITCHEN_SCENE3_turn_on_the_stove_and_put_the_moka_pot_on_it_demo/T6SmyekXmGOaXhadezMfhlRR42s=.82a433bba4ad28279610f434c67005948d7f487589f48e32cd5031fb7f26eb3a.incomplete'
Downloading 'libero_10/KITCHEN_SCENE3_turn_on_the_stove_and_put_the_moka_pot_on_it_demo/demo_15.hdf5' to '/scratch/shahils/openpi/datasets/Libero-XVLA-format/.cache/huggingface/download/libero_10/KITCHEN_SCENE3_turn_on_the_stove_and_put_the_moka_pot_on_it_demo/iCPyddSLzII7wzJLY_yWK4NQfdE=.b8e11c516494c09167895fc7e9f143d42337a57e9a11b33cc50ca17b7b58dfe6.incomplete'
Downloading 'README.md' to '/scratch/shahils/openpi/datasets/Libero-XVLA-format/.cache/huggingface/download/Xn7B-BWUGOee2Y6hCZtEhtFu4BE=.7b95401dc46245ac339fc25059d4a56d90b4cde5.incomplete'
Download complete. Moving file to /scratch/shahils/openpi/datasets/Libero-XVLA-format/README.md
Fetching 5618 files:   0%|          | 2/5618 [00:00<25:15,  3.71it/s]Downloading 'libero_10/KITCHEN_SCENE3_turn_on_the_stove_and_put_the_moka_pot_on_it_demo/demo_16.hdf5' to '/scratch/shahils/openpi/datasets/Libero-XVLA-format/.cache/huggingface/download/libero_10/KITCHEN_SCENE3_turn_on_the_stove_and_put_the_moka_pot_on_it_demo/s1llPhM4ziSOsExqdg76GXM5fSI=.dbda583e38d679572eb5851f3fc546bc1c3f1e54ef933359efa6967eb0d5c92b.incomplete'
Download complete. Moving file to /scratch/shahils/openpi/datasets/Libero-XVLA-format/libero_10/KITCHEN_SCENE3_turn_on_the_stove_and_put_the_moka_pot_on_it_demo/demo_10.hdf5
Download complete. Moving file to /scratch/shahils/openpi/datasets/Libero-XVLA-format/libero_10/KITCHEN_SCENE3_turn_on_the_stove_and_put_the_moka_pot_on_it_demo/demo_0.hdf5
Fetching 5618 files:   0%|          | 3/5618 [00:01<1:01:13,  1.53it/s]Downloading 'libero_10/KITCHEN_SCENE3_turn_on_the_stove_and_put_the_moka_pot_on_it_demo/demo_2.hdf5' to '/scratch/shahils/openpi/datasets/Libero-XVLA-format/.cache/huggingface/download/libero_10/KITCHEN_SCENE3_turn_on_the_stove_and_put_the_moka_pot_on_it_demo/3og14UMK8OhFZ5TnH3yoVefIegk=.dbfa1dadaa80486d9e346be145dafec3de8dcd1e7c19180576d97b2f222096e2.incomplete'
Download complete. Moving file to /scratch/shahils/openpi/datasets/Libero-XVLA-format/libero_10/KITCHEN_SCENE3_turn_on_the_stove_and_put_the_moka_pot_on_it_demo/demo_1.hdf5
Downloading 'libero_10/KITCHEN_SCENE3_turn_on_the_stove_and_put_the_moka_pot_on_it_demo/demo_20.hdf5' to '/scratch/shahils/openpi/datasets/Libero-XVLA-format/.cache/huggingface/download/libero_10/KITCHEN_SCENE3_turn_on_the_stove_and_put_the_moka_pot_on_it_demo/YKCRkR71roKkdVB7ct5LRhgdm0w=.d04c2efbb1dc9292cc28fa2a4944bcc6c6f6a281d5227510de46fbd3f7df546a.incomplete'
Download complete. Moving file to /scratch/shahils/openpi/datasets/Libero-XVLA-format/libero_10/KITCHEN_SCENE3_turn_on_the_stove_and_put_the_moka_pot_on_it_demo/demo_14.hdf5
Downloading 'libero_10/KITCHEN_SCENE3_turn_on_the_stove_and_put_the_moka_pot_on_it_demo/demo_22.hdf5' to '/scratch/shahils/openpi/datasets/Libero-XVLA-format/.cache/huggingface/download/libero_10/KITCHEN_SCENE3_turn_on_the_stove_and_put_the_moka_pot_on_it_demo/gWwjSkl0yFcWGaeq6CAzkhpO2D0=.799fd47d45cc2f296dcb0c4ddbab05318194de3b2f77c6ddb568f8a3fa0dcabb.incomplete'
Download complete. Moving file to /scratch/shahils/openpi/datasets/Libero-XVLA-format/libero_10/KITCHEN_SCENE3_turn_on_the_stove_and_put_the_moka_pot_on_it_demo/demo_11.hdf5
Fetching 5618 files:   0%|          | 6/5618 [00:01<25:15,  3.70it/s]  Download complete. Moving file to /scratch/shahils/openpi/datasets/Libero-XVLA-format/libero_10/KITCHEN_SCENE3_turn_on_the_stove_and_put_the_moka_pot_on_it_demo/demo_13.hdf5
Downloading 'libero_10/KITCHEN_SCENE3_turn_on_the_stove_and_put_the_moka_pot_on_it_demo/demo_24.hdf5' to '/scratch/shahils/openpi/datasets/Libero-XVLA-format/.cache/huggingface/download/libero_10/KITCHEN_SCENE3_turn_on_the_stove_and_put_the_moka_pot_on_it_demo/Av9f4nuuD5gt-fGnBnDr3GSVu64=.0c96d74f7f7e21099ba8f05678b89810e5ac1dfbf23632ed582be94eb75820a2.incomplete'
Downloading 'libero_10/KITCHEN_SCENE3_turn_on_the_stove_and_put_the_moka_pot_on_it_demo/demo_23.hdf5' to '/scratch/shahils/openpi/datasets/Libero-XVLA-format/.cache/huggingface/download/libero_10/KITCHEN_SCENE3_turn_on_the_stove_and_put_the_moka_pot_on_it_demo/yzE0FOLSaNlQiGR555_6tIW-62E=.e76d82972fff61fc451ea402c5ce4935f27be7b486570f0c92d67cb5baf00da6.incomplete'
Downloading 'libero_10/KITCHEN_SCENE3_turn_on_the_stove_and_put_the_moka_pot_on_it_demo/demo_25.hdf5' to '/scratch/shahils/openpi/datasets/Libero-XVLA-format/.cache/huggingface/download/libero_10/KITCHEN_SCENE3_turn_on_the_stove_and_put_the_moka_pot_on_it_demo/6Z-wCyJKscsJ4FI7YAMP-Ecsv0g=.b2330c0c790c3b41e7fb9245d17f85cc161f64fd158e39c5966566840af3c107.incomplete'
Download complete. Moving file to /scratch/shahils/openpi/datasets/Libero-XVLA-format/libero_10/KITCHEN_SCENE3_turn_on_the_stove_and_put_the_moka_pot_on_it_demo/demo_15.hdf5
Fetching 5618 files:   0%|          | 9/5618 [00:02<15:42,  5.95it/s]Downloading 'libero_10/KITCHEN_SCENE3_turn_on_the_stove_and_put_the_moka_pot_on_it_demo/demo_26.hdf5' to '/scratch/shahils/openpi/datasets/Libero-XVLA-format/.cache/huggingface/download/libero_10/KITCHEN_SCENE3_turn_on_the_stove_and_put_the_moka_pot_on_it_demo/D0Sfp77Lbsw-ire7S06x4EHBIz8=.c6c89f092f39f06bc0a177555f506cd8be85ed71626fb3e8caa79ee550afbf69.incomplete'
Download complete. Moving file to /scratch/shahils/openpi/datasets/Libero-XVLA-format/libero_10/KITCHEN_SCENE3_turn_on_the_stove_and_put_the_moka_pot_on_it_demo/demo_16.hdf5
Downloading 'libero_10/KITCHEN_SCENE3_turn_on_the_stove_and_put_the_moka_pot_on_it_demo/demo_27.hdf5' to '/scratch/shahils/openpi/datasets/Libero-XVLA-format/.cache/huggingface/download/libero_10/KITCHEN_SCENE3_turn_on_the_stove_and_put_the_moka_pot_on_it_demo/awW9_RZm5u75nVXyr7-Wt87ouRY=.1e2eda19cc46907d28d0856dbcea96b22816bf1153d8ec5ef7ae6a09ca275524.incomplete'
Download complete. Moving file to /scratch/shahils/openpi/datasets/Libero-XVLA-format/libero_10/KITCHEN_SCENE3_turn_on_the_stove_and_put_the_moka_pot_on_it_demo/demo_22.hdf5
Downloading 'libero_10/KITCHEN_SCENE3_turn_on_the_stove_and_put_the_moka_pot_on_it_demo/demo_28.hdf5' to '/scratch/shahils/openpi/datasets/Libero-XVLA-format/.cache/huggingface/download/libero_10/KITCHEN_SCENE3_turn_on_the_stove_and_put_the_moka_pot_on_it_demo/oCHBOAFNGVGg80mwaTp2RsvSXNo=.5a2f69d7f55b573c0cc0dc7f403c8ceabecd325b481d0e07fa0a41ab3091f362.incomplete'
Download complete. Moving file to /scratch/shahils/openpi/datasets/Libero-XVLA-format/libero_10/KITCHEN_SCENE3_turn_on_the_stove_and_put_the_moka_pot_on_it_demo/demo_25.hdf5
Download complete. Moving file to /scratch/shahils/openpi/datasets/Libero-XVLA-format/libero_10/KITCHEN_SCENE3_turn_on_the_stove_and_put_the_moka_pot_on_it_demo/demo_2.hdf5
Fetching 5618 files:   0%|          | 11/5618 [00:02<22:26,  4.17it/s]Downloading 'libero_10/KITCHEN_SCENE3_turn_on_the_stove_and_put_the_moka_pot_on_it_demo/demo_29.hdf5' to '/scratch/shahils/openpi/datasets/Libero-XVLA-format/.cache/huggingface/download/libero_10/KITCHEN_SCENE3_turn_on_the_stove_and_put_the_moka_pot_on_it_demo/yAz0xkAEzHO3nJc6fbf1lm5EA4A=.f89eb3c53b5936b32887abf0f9b690e1fe001bdc3300307a86f80806046d4259.incomplete'
Download complete. Moving file to /scratch/shahils/openpi/datasets/Libero-XVLA-format/libero_10/KITCHEN_SCENE3_turn_on_the_stove_and_put_the_moka_pot_on_it_demo/demo_20.hdf5
Downloading 'libero_10/KITCHEN_SCENE3_turn_on_the_stove_and_put_the_moka_pot_on_it_demo/demo_3.hdf5' to '/scratch/shahils/openpi/datasets/Libero-XVLA-format/.cache/huggingface/download/libero_10/KITCHEN_SCENE3_turn_on_the_stove_and_put_the_moka_pot_on_it_demo/kDPYMwpDbb0UmDre7lwzbkhjc_A=.9a938e3f22d42d0d2e5b27477ffcca324189c7a49382103e40dcaee2badff4c0.incomplete'
Download complete. Moving file to /scratch/shahils/openpi/datasets/Libero-XVLA-format/libero_10/KITCHEN_SCENE3_turn_on_the_stove_and_put_the_moka_pot_on_it_demo/demo_24.hdf5
Downloading 'libero_10/KITCHEN_SCENE3_turn_on_the_stove_and_put_the_moka_pot_on_it_demo/demo_30.hdf5' to '/scratch/shahils/openpi/datasets/Libero-XVLA-format/.cache/huggingface/download/libero_10/KITCHEN_SCENE3_turn_on_the_stove_and_put_the_moka_pot_on_it_demo/5eZjcC9Xnjg2nGdXeYCieWD8ndg=.d8731a12cc55708d27b558662671d619a0786c8ff8ca68889d0098dc6d73dbde.incomplete'
Download complete. Moving file to /scratch/shahils/openpi/datasets/Libero-XVLA-format/libero_10/KITCHEN_SCENE3_turn_on_the_stove_and_put_the_moka_pot_on_it_demo/demo_26.hdf5
Downloading 'libero_10/KITCHEN_SCENE3_turn_on_the_stove_and_put_the_moka_pot_on_it_demo/demo_31.hdf5' to '/scratch/shahils/openpi/datasets/Libero-XVLA-format/.cache/huggingface/download/libero_10/KITCHEN_SCENE3_turn_on_the_stove_and_put_the_moka_pot_on_it_demo/NBPPmp9ufBi0WLlkvdO6oSjfcDw=.76aaf0f50b3837c118805675af247712a2a3e03084b84775d8c925bebc843862.incomplete'
Downloading 'libero_10/KITCHEN_SCENE3_turn_on_the_stove_and_put_the_moka_pot_on_it_demo/demo_33.hdf5' to '/scratch/shahils/openpi/datasets/Libero-XVLA-format/.cache/huggingface/download/libero_10/KITCHEN_SCENE3_turn_on_the_stove_and_put_the_moka_pot_on_it_demo/71dKVjNemPYFufIxiL0NslgkHZ4=.cff97de4709a08aea18f2ade65bffe0e5561cee8358cc195cd3cf3c8bcf7f50d.incomplete'
Download complete. Moving file to /scratch/shahils/openpi/datasets/Libero-XVLA-format/libero_10/KITCHEN_SCENE3_turn_on_the_stove_and_put_the_moka_pot_on_it_demo/demo_27.hdf5
Download complete. Moving file to /scratch/shahils/openpi/datasets/Libero-XVLA-format/libero_10/KITCHEN_SCENE3_turn_on_the_stove_and_put_the_moka_pot_on_it_demo/demo_29.hdf5
Downloading 'libero_10/KITCHEN_SCENE3_turn_on_the_stove_and_put_the_moka_pot_on_it_demo/demo_34.hdf5' to '/scratch/shahils/openpi/datasets/Libero-XVLA-format/.cache/huggingface/download/libero_10/KITCHEN_SCENE3_turn_on_the_stove_and_put_the_moka_pot_on_it_demo/XvqvOhPRR_plUN0huKWrYYYqQso=.b543e7b818c38bba45f9e2df03d7e47190a4b1cc085e5c6cccf92a950306a999.incomplete'
Downloading 'libero_10/KITCHEN_SCENE3_turn_on_the_stove_and_put_the_moka_pot_on_it_demo/demo_35.hdf5' to '/scratch/shahils/openpi/datasets/Libero-XVLA-format/.cache/huggingface/download/libero_10/KITCHEN_SCENE3_turn_on_the_stove_and_put_the_moka_pot_on_it_demo/puxvedngqel9iesOxTa00onBNow=.5a274c25cb3c309679db8a09183ff14d1d44d94eee1534cda7ba49746d2d4f28.incomplete'
Download complete. Moving file to /scratch/shahils/openpi/datasets/Libero-XVLA-format/libero_10/KITCHEN_SCENE3_turn_on_the_stove_and_put_the_moka_pot_on_it_demo/demo_23.hdf5
Download complete. Moving file to /scratch/shahils/openpi/datasets/Libero-XVLA-format/libero_10/KITCHEN_SCENE3_turn_on_the_stove_and_put_the_moka_pot_on_it_demo/demo_30.hdf5
Fetching 5618 files:   0%|          | 14/5618 [00:03<24:59,  3.74it/s]Downloading 'libero_10/KITCHEN_SCENE3_turn_on_the_stove_and_put_the_moka_pot_on_it_demo/demo_36.hdf5' to '/scratch/shahils/openpi/datasets/Libero-XVLA-format/.cache/huggingface/download/libero_10/KITCHEN_SCENE3_turn_on_the_stove_and_put_the_moka_pot_on_it_demo/0t-nm1J8m0Aumq16uzFp8HaSrqk=.5ce01b7ebd1d96d3d3f2d63247e0e3906dc8fa9a9fec26d71296f6d85e58c173.incomplete'
Downloading 'libero_10/KITCHEN_SCENE3_turn_on_the_stove_and_put_the_moka_pot_on_it_demo/demo_37.hdf5' to '/scratch/shahils/openpi/datasets/Libero-XVLA-format/.cache/huggingface/download/libero_10/KITCHEN_SCENE3_turn_on_the_stove_and_put_the_moka_pot_on_it_demo/six54jnBxEIwvnS7MaIA-ysQ7ww=.eb1a6cd5950af1d9180787e417c7d3cf3dc6a3f30d2f71af529237cc8f88b103.incomplete'
Download complete. Moving file to /scratch/shahils/openpi/datasets/Libero-XVLA-format/libero_10/KITCHEN_SCENE3_turn_on_the_stove_and_put_the_moka_pot_on_it_demo/demo_3.hdf5
Download complete. Moving file to /scratch/shahils/openpi/datasets/Libero-XVLA-format/libero_10/KITCHEN_SCENE3_turn_on_the_stove_and_put_the_moka_pot_on_it_demo/demo_28.hdf5
Downloading 'libero_10/KITCHEN_SCENE3_turn_on_the_stove_and_put_the_moka_pot_on_it_demo/demo_38.hdf5' to '/scratch/shahils/openpi/datasets/Libero-XVLA-format/.cache/huggingface/download/libero_10/KITCHEN_SCENE3_turn_on_the_stove_and_put_the_moka_pot_on_it_demo/FvVDF7ms8p6TQEbfo1o-dhDgGUo=.c451a47884159e49dad68dc6f2251292c1370a3eef88a1bb27afd1bb5646df46.incomplete'
Fetching 5618 files:   0%|          | 19/5618 [00:04<15:55,  5.86it/s]Downloading 'libero_10/KITCHEN_SCENE3_turn_on_the_stove_and_put_the_moka_pot_on_it_demo/demo_39.hdf5' to '/scratch/shahils/openpi/datasets/Libero-XVLA-format/.cache/huggingface/download/libero_10/KITCHEN_SCENE3_turn_on_the_stove_and_put_the_moka_pot_on_it_demo/uc2s1qxkrQQuSk7uhnI17Kpq7so=.68ac3b82ee8982daa0799af403e19e3297c07ee73b4d0bc1b05eaf28b969484f.incomplete'
Download complete. Moving file to /scratch/shahils/openpi/datasets/Libero-XVLA-format/libero_10/KITCHEN_SCENE3_turn_on_the_stove_and_put_the_moka_pot_on_it_demo/demo_33.hdf5
Download complete. Moving file to /scratch/shahils/openpi/datasets/Libero-XVLA-format/libero_10/KITCHEN_SCENE3_turn_on_the_stove_and_put_the_moka_pot_on_it_demo/demo_34.hdf5
Downloading 'libero_10/KITCHEN_SCENE3_turn_on_the_stove_and_put_the_moka_pot_on_it_demo/demo_4.hdf5' to '/scratch/shahils/openpi/datasets/Libero-XVLA-format/.cache/huggingface/download/libero_10/KITCHEN_SCENE3_turn_on_the_stove_and_put_the_moka_pot_on_it_demo/ipuk287oYmp9DTR1pceb2mWz1L8=.75eac6f55a1ee07d7ac5841ec2a57f6f8544913501629e40a2b4b74ff8916058.incomplete'
Download complete. Moving file to /scratch/shahils/openpi/datasets/Libero-XVLA-format/libero_10/KITCHEN_SCENE3_turn_on_the_stove_and_put_the_moka_pot_on_it_demo/demo_37.hdf5
Downloading 'libero_10/KITCHEN_SCENE3_turn_on_the_stove_and_put_the_moka_pot_on_it_demo/demo_40.hdf5' to '/scratch/shahils/openpi/datasets/Libero-XVLA-format/.cache/huggingface/download/libero_10/KITCHEN_SCENE3_turn_on_the_stove_and_put_the_moka_pot_on_it_demo/gbqCG95rgl4AbHbeFAAh6X4b9_0=.83f4148cef6439324112f58d9d48a6371c77614d2e2fed8c497e53093027367f.incomplete'
Download complete. Moving file to /scratch/shahils/openpi/datasets/Libero-XVLA-format/libero_10/KITCHEN_SCENE3_turn_on_the_stove_and_put_the_moka_pot_on_it_demo/demo_35.hdf5
Download complete. Moving file to /scratch/shahils/openpi/datasets/Libero-XVLA-format/libero_10/KITCHEN_SCENE3_turn_on_the_stove_and_put_the_moka_pot_on_it_demo/demo_31.hdf5
Fetching 5618 files:   0%|          | 23/5618 [00:04<14:32,  6.41it/s]Downloading 'libero_10/KITCHEN_SCENE3_turn_on_the_stove_and_put_the_moka_pot_on_it_demo/demo_42.hdf5' to '/scratch/shahils/openpi/datasets/Libero-XVLA-format/.cache/huggingface/download/libero_10/KITCHEN_SCENE3_turn_on_the_stove_and_put_the_moka_pot_on_it_demo/aG9SsDqjtm7eJlBwavK1b1oF2A0=.70b4bb14d0d7c4ed4e3100347af62ae42b4ee6c9cd4a1633f0e2f380adabedeb.incomplete'
Downloading 'libero_10/KITCHEN_SCENE3_turn_on_the_stove_and_put_the_moka_pot_on_it_demo/demo_41.hdf5' to '/scratch/shahils/openpi/datasets/Libero-XVLA-format/.cache/huggingface/download/libero_10/KITCHEN_SCENE3_turn_on_the_stove_and_put_the_moka_pot_on_it_demo/3iMrJnDf8EyN9l6WylHc3Y2wlVg=.bc39e26b816d269bb3415ce496dd13e5dec9d0d7539c1f6fb453405a9e81535d.incomplete'
Downloading 'libero_10/KITCHEN_SCENE3_turn_on_the_stove_and_put_the_moka_pot_on_it_demo/demo_43.hdf5' to '/scratch/shahils/openpi/datasets/Libero-XVLA-format/.cache/huggingface/download/libero_10/KITCHEN_SCENE3_turn_on_the_stove_and_put_the_moka_pot_on_it_demo/xDtfjXi1ZpcTDqx8nNxVshnvTLY=.c7009881c920c343a06643c08e153327a62367e7f3ee16d85f42f9c2c29b8b05.incomplete'
Download complete. Moving file to /scratch/shahils/openpi/datasets/Libero-XVLA-format/libero_10/KITCHEN_SCENE3_turn_on_the_stove_and_put_the_moka_pot_on_it_demo/demo_36.hdf5
Fetching 5618 files:   0%|          | 27/5618 [00:05<12:55,  7.21it/s]Download complete. Moving file to /scratch/shahils/openpi/datasets/Libero-XVLA-format/libero_10/KITCHEN_SCENE3_turn_on_the_stove_and_put_the_moka_pot_on_it_demo/demo_38.hdf5
Downloading 'libero_10/KITCHEN_SCENE3_turn_on_the_stove_and_put_the_moka_pot_on_it_demo/demo_44.hdf5' to '/scratch/shahils/openpi/datasets/Libero-XVLA-format/.cache/huggingface/download/libero_10/KITCHEN_SCENE3_turn_on_the_stove_and_put_the_moka_pot_on_it_demo/WSw2kAHnlOu7Sf1zW4FvtY6ae68=.6af1e772dc6f18ad860ccd8c2b5b98188a31b907483156a0fd98f64afe3a366b.incomplete'
Download complete. Moving file to /scratch/shahils/openpi/datasets/Libero-XVLA-format/libero_10/KITCHEN_SCENE3_turn_on_the_stove_and_put_the_moka_pot_on_it_demo/demo_4.hdf5
Downloading 'libero_10/KITCHEN_SCENE3_turn_on_the_stove_and_put_the_moka_pot_on_it_demo/demo_45.hdf5' to '/scratch/shahils/openpi/datasets/Libero-XVLA-format/.cache/huggingface/download/libero_10/KITCHEN_SCENE3_turn_on_the_stove_and_put_the_moka_pot_on_it_demo/UJk1zjgo-NhoaRnOwcI5hlYGES8=.eb15e693155038aa1a67a9b9803d2025c9d81efcaea200d40b269172b68ae723.incomplete'
Download complete. Moving file to /scratch/shahils/openpi/datasets/Libero-XVLA-format/libero_10/KITCHEN_SCENE3_turn_on_the_stove_and_put_the_moka_pot_on_it_demo/demo_40.hdf5
Downloading 'libero_10/KITCHEN_SCENE3_turn_on_the_stove_and_put_the_moka_pot_on_it_demo/demo_46.hdf5' to '/scratch/shahils/openpi/datasets/Libero-XVLA-format/.cache/huggingface/download/libero_10/KITCHEN_SCENE3_turn_on_the_stove_and_put_the_moka_pot_on_it_demo/GSFiAZuoEvbbDSjbh92wEUVAKvQ=.eaa2c153fdf09569148f85d9462e0a8546b48464d2ba2b8bcd4e574b9499b4e1.incomplete'
Download complete. Moving file to /scratch/shahils/openpi/datasets/Libero-XVLA-format/libero_10/KITCHEN_SCENE3_turn_on_the_stove_and_put_the_moka_pot_on_it_demo/demo_42.hdf5
Downloading 'libero_10/KITCHEN_SCENE3_turn_on_the_stove_and_put_the_moka_pot_on_it_demo/demo_49.hdf5' to '/scratch/shahils/openpi/datasets/Libero-XVLA-format/.cache/huggingface/download/libero_10/KITCHEN_SCENE3_turn_on_the_stove_and_put_the_moka_pot_on_it_demo/AqGksBkHsgl6Z30tGZzu6zuU6u4=.08dafdbe3986b5062f1e63616c45743382fdd88ae36ff63e095b84fe4a920e2b.incomplete'
Downloading 'libero_10/KITCHEN_SCENE3_turn_on_the_stove_and_put_the_moka_pot_on_it_demo/demo_5.hdf5' to '/scratch/shahils/openpi/datasets/Libero-XVLA-format/.cache/huggingface/download/libero_10/KITCHEN_SCENE3_turn_on_the_stove_and_put_the_moka_pot_on_it_demo/W103OyYBEP6E2F77F2mPmmee-xo=.a13f14461849b13648193cb05049f2025d887d1fed6b5062518713f69361a318.incomplete'
Download complete. Moving file to /scratch/shahils/openpi/datasets/Libero-XVLA-format/libero_10/KITCHEN_SCENE3_turn_on_the_stove_and_put_the_moka_pot_on_it_demo/demo_41.hdf5
Downloading 'libero_10/KITCHEN_SCENE3_turn_on_the_stove_and_put_the_moka_pot_on_it_demo/demo_6.hdf5' to '/scratch/shahils/openpi/datasets/Libero-XVLA-format/.cache/huggingface/download/libero_10/KITCHEN_SCENE3_turn_on_the_stove_and_put_the_moka_pot_on_it_demo/Wr6ZPoJs4sFIJWzyWVAnWCPbWzA=.21ebf5c43c99e6f2f9caac7eea7ab4586d4eb006be484ffd7b90ba72381db965.incomplete'
Download complete. Moving file to /scratch/shahils/openpi/datasets/Libero-XVLA-format/libero_10/KITCHEN_SCENE3_turn_on_the_stove_and_put_the_moka_pot_on_it_demo/demo_43.hdf5
Downloading 'libero_10/KITCHEN_SCENE3_turn_on_the_stove_and_put_the_moka_pot_on_it_demo/demo_8.hdf5' to '/scratch/shahils/openpi/datasets/Libero-XVLA-format/.cache/huggingface/download/libero_10/KITCHEN_SCENE3_turn_on_the_stove_and_put_the_moka_pot_on_it_demo/guTF9kyhn15zkapITNaJzvsF6SM=.81407952231eddcfecf3e892db36f8c9b2600fafb1ba3558cd4a2ad0c7af6bad.incomplete'
Download complete. Moving file to /scratch/shahils/openpi/datasets/Libero-XVLA-format/libero_10/KITCHEN_SCENE3_turn_on_the_stove_and_put_the_moka_pot_on_it_demo/demo_45.hdf5
Downloading 'libero_10/KITCHEN_SCENE3_turn_on_the_stove_and_put_the_moka_pot_on_it_demo/demo_9.hdf5' to '/scratch/shahils/openpi/datasets/Libero-XVLA-format/.cache/huggingface/download/libero_10/KITCHEN_SCENE3_turn_on_the_stove_and_put_the_moka_pot_on_it_demo/jlB8BvhXv_s7_AXzTNoxVPsUohM=.849c2ada41ca97397db3c0515c97c3d597598e16765e11025b0314896987054c.incomplete'
Download complete. Moving file to /scratch/shahils/openpi/datasets/Libero-XVLA-format/libero_10/KITCHEN_SCENE3_turn_on_the_stove_and_put_the_moka_pot_on_it_demo/demo_46.hdf5
Download complete. Moving file to /scratch/shahils/openpi/datasets/Libero-XVLA-format/libero_10/KITCHEN_SCENE3_turn_on_the_stove_and_put_the_moka_pot_on_it_demo/demo_39.hdf5
Fetching 5618 files:   1%|          | 30/5618 [00:06<19:44,  4.72it/s]Download complete. Moving file to /scratch/shahils/openpi/datasets/Libero-XVLA-format/libero_10/KITCHEN_SCENE3_turn_on_the_stove_and_put_the_moka_pot_on_it_demo/demo_44.hdf5
Downloading 'libero_10/KITCHEN_SCENE4_put_the_black_bowl_in_the_bottom_drawer_of_the_cabinet_and_close_it_demo/demo_10.hdf5' to '/scratch/shahils/openpi/datasets/Libero-XVLA-format/.cache/huggingface/download/libero_10/KITCHEN_SCENE4_put_the_black_bowl_in_the_bottom_drawer_of_the_cabinet_and_close_it_demo/qIanSg8lEEhbjgh5TfQXC9aObEA=.2ce5e37f27382f01ca0f2bdb70fe5a84ea5919daaa99e19d4ae45c9b4e52737e.incomplete'
Downloading 'libero_10/KITCHEN_SCENE4_put_the_black_bowl_in_the_bottom_drawer_of_the_cabinet_and_close_it_demo/demo_1.hdf5' to '/scratch/shahils/openpi/datasets/Libero-XVLA-format/.cache/huggingface/download/libero_10/KITCHEN_SCENE4_put_the_black_bowl_in_the_bottom_drawer_of_the_cabinet_and_close_it_demo/G-5RjmQ2_e5v-a7yjG2BYUzL9K0=.92ea0bc164a8e4eef8dd8a7cd3674a8f65d9e703ea64f02f556929bc71814789.incomplete'
Fetching 5618 files:   1%|          | 36/5618 [00:06<12:05,  7.69it/s]Download complete. Moving file to /scratch/shahils/openpi/datasets/Libero-XVLA-format/libero_10/KITCHEN_SCENE3_turn_on_the_stove_and_put_the_moka_pot_on_it_demo/demo_6.hdf5
Download complete. Moving file to /scratch/shahils/openpi/datasets/Libero-XVLA-format/libero_10/KITCHEN_SCENE3_turn_on_the_stove_and_put_the_moka_pot_on_it_demo/demo_49.hdf5
Downloading 'libero_10/KITCHEN_SCENE4_put_the_black_bowl_in_the_bottom_drawer_of_the_cabinet_and_close_it_demo/demo_11.hdf5' to '/scratch/shahils/openpi/datasets/Libero-XVLA-format/.cache/huggingface/download/libero_10/KITCHEN_SCENE4_put_the_black_bowl_in_the_bottom_drawer_of_the_cabinet_and_close_it_demo/T6SmyekXmGOaXhadezMfhlRR42s=.e8b3087445096ae0fefbf139b61794edd62da8f13458449e7641aa805798a990.incomplete'
Fetching 5618 files:   1%|          | 39/5618 [00:06<10:07,  9.18it/s]Download complete. Moving file to /scratch/shahils/openpi/datasets/Libero-XVLA-format/libero_10/KITCHEN_SCENE3_turn_on_the_stove_and_put_the_moka_pot_on_it_demo/demo_5.hdf5
Downloading 'libero_10/KITCHEN_SCENE4_put_the_black_bowl_in_the_bottom_drawer_of_the_cabinet_and_close_it_demo/demo_12.hdf5' to '/scratch/shahils/openpi/datasets/Libero-XVLA-format/.cache/huggingface/download/libero_10/KITCHEN_SCENE4_put_the_black_bowl_in_the_bottom_drawer_of_the_cabinet_and_close_it_demo/QDq8jLIyXUsYQbypRHAy-yw4iXg=.479a54aa90f69e16d6bead548660cbf16819a7f0aed3e33792e089c4cffc1702.incomplete'
Download complete. Moving file to /scratch/shahils/openpi/datasets/Libero-XVLA-format/libero_10/KITCHEN_SCENE3_turn_on_the_stove_and_put_the_moka_pot_on_it_demo/demo_8.hdf5
Fetching 5618 files:   1%|          | 42/5618 [00:06<08:25, 11.03it/s]Downloading 'libero_10/KITCHEN_SCENE4_put_the_black_bowl_in_the_bottom_drawer_of_the_cabinet_and_close_it_demo/demo_15.hdf5' to '/scratch/shahils/openpi/datasets/Libero-XVLA-format/.cache/huggingface/download/libero_10/KITCHEN_SCENE4_put_the_black_bowl_in_the_bottom_drawer_of_the_cabinet_and_close_it_demo/iCPyddSLzII7wzJLY_yWK4NQfdE=.3685e1c146233c23df13720cd1d7990ead4633f61aa7b98ea2ef30556686b096.incomplete'
Downloading 'libero_10/KITCHEN_SCENE4_put_the_black_bowl_in_the_bottom_drawer_of_the_cabinet_and_close_it_demo/demo_13.hdf5' to '/scratch/shahils/openpi/datasets/Libero-XVLA-format/.cache/huggingface/download/libero_10/KITCHEN_SCENE4_put_the_black_bowl_in_the_bottom_drawer_of_the_cabinet_and_close_it_demo/NkkCokoXhiuvGb16sv2kt7AnL2k=.c63d7f20febe2375baee01e20fc97e297ab9bb71f1fef03c6bb9c7f14f5771ce.incomplete'
Downloading 'libero_10/KITCHEN_SCENE4_put_the_black_bowl_in_the_bottom_drawer_of_the_cabinet_and_close_it_demo/demo_16.hdf5' to '/scratch/shahils/openpi/datasets/Libero-XVLA-format/.cache/huggingface/download/libero_10/KITCHEN_SCENE4_put_the_black_bowl_in_the_bottom_drawer_of_the_cabinet_and_close_it_demo/s1llPhM4ziSOsExqdg76GXM5fSI=.10cc53bc8d6fece7dd7c500a63859c275142111ed4130e3574562bfdb5c619ee.incomplete'
Download complete. Moving file to /scratch/shahils/openpi/datasets/Libero-XVLA-format/libero_10/KITCHEN_SCENE3_turn_on_the_stove_and_put_the_moka_pot_on_it_demo/demo_9.hdf5
Download complete. Moving file to /scratch/shahils/openpi/datasets/Libero-XVLA-format/libero_10/KITCHEN_SCENE4_put_the_black_bowl_in_the_bottom_drawer_of_the_cabinet_and_close_it_demo/demo_10.hdf5
Downloading 'libero_10/KITCHEN_SCENE4_put_the_black_bowl_in_the_bottom_drawer_of_the_cabinet_and_close_it_demo/demo_17.hdf5' to '/scratch/shahils/openpi/datasets/Libero-XVLA-format/.cache/huggingface/download/libero_10/KITCHEN_SCENE4_put_the_black_bowl_in_the_bottom_drawer_of_the_cabinet_and_close_it_demo/tdk1YGznMGt3DKeO1j0C_7zlX5E=.7d104c49aa56e1bdf4d9a0663ab4586f1c51f5b82ec18c8ae998ef92c9433804.incomplete'
Downloading 'libero_10/KITCHEN_SCENE4_put_the_black_bowl_in_the_bottom_drawer_of_the_cabinet_and_close_it_demo/demo_18.hdf5' to '/scratch/shahils/openpi/datasets/Libero-XVLA-format/.cache/huggingface/download/libero_10/KITCHEN_SCENE4_put_the_black_bowl_in_the_bottom_drawer_of_the_cabinet_and_close_it_demo/QKYXz1zdl3FTvUCbpq3qqjTLQU0=.8cff097dc557356d56a4ddc45365a4b1c73edafb6c6234fc50900c1e7b9d3e12.incomplete'
Download complete. Moving file to /scratch/shahils/openpi/datasets/Libero-XVLA-format/libero_10/KITCHEN_SCENE4_put_the_black_bowl_in_the_bottom_drawer_of_the_cabinet_and_close_it_demo/demo_11.hdf5
Downloading 'libero_10/KITCHEN_SCENE4_put_the_black_bowl_in_the_bottom_drawer_of_the_cabinet_and_close_it_demo/demo_19.hdf5' to '/scratch/shahils/openpi/datasets/Libero-XVLA-format/.cache/huggingface/download/libero_10/KITCHEN_SCENE4_put_the_black_bowl_in_the_bottom_drawer_of_the_cabinet_and_close_it_demo/6xBKWCyw0SdK7vupOIeue6KcRJQ=.69b6d6119043a0e1b4c3f677cb57b4697b5a0e8c14196bd02735699290f3d141.incomplete'
Download complete. Moving file to /scratch/shahils/openpi/datasets/Libero-XVLA-format/libero_10/KITCHEN_SCENE4_put_the_black_bowl_in_the_bottom_drawer_of_the_cabinet_and_close_it_demo/demo_12.hdf5
Download complete. Moving file to /scratch/shahils/openpi/datasets/Libero-XVLA-format/libero_10/KITCHEN_SCENE4_put_the_black_bowl_in_the_bottom_drawer_of_the_cabinet_and_close_it_demo/demo_15.hdf5
Download complete. Moving file to /scratch/shahils/openpi/datasets/Libero-XVLA-format/libero_10/KITCHEN_SCENE4_put_the_black_bowl_in_the_bottom_drawer_of_the_cabinet_and_close_it_demo/demo_13.hdf5
Download complete. Moving file to /scratch/shahils/openpi/datasets/Libero-XVLA-format/libero_10/KITCHEN_SCENE4_put_the_black_bowl_in_the_bottom_drawer_of_the_cabinet_and_close_it_demo/demo_1.hdf5
Downloading 'libero_10/KITCHEN_SCENE4_put_the_black_bowl_in_the_bottom_drawer_of_the_cabinet_and_close_it_demo/demo_20.hdf5' to '/scratch/shahils/openpi/datasets/Libero-XVLA-format/.cache/huggingface/download/libero_10/KITCHEN_SCENE4_put_the_black_bowl_in_the_bottom_drawer_of_the_cabinet_and_close_it_demo/YKCRkR71roKkdVB7ct5LRhgdm0w=.65e68630d724a5ff99218d37638099ddaa7362935abd9b0289fc8e652c7be1f1.incomplete'
Downloading 'libero_10/KITCHEN_SCENE4_put_the_black_bowl_in_the_bottom_drawer_of_the_cabinet_and_close_it_demo/demo_22.hdf5' to '/scratch/shahils/openpi/datasets/Libero-XVLA-format/.cache/huggingface/download/libero_10/KITCHEN_SCENE4_put_the_black_bowl_in_the_bottom_drawer_of_the_cabinet_and_close_it_demo/gWwjSkl0yFcWGaeq6CAzkhpO2D0=.2edaa57ca4e0826ffcfb76398bf183d99ed7a5ee6fdc7d9f2d212f5130ce98b2.incomplete'
Fetching 5618 files:   1%|          | 45/5618 [00:07<14:19,  6.49it/s]Downloading 'libero_10/KITCHEN_SCENE4_put_the_black_bowl_in_the_bottom_drawer_of_the_cabinet_and_close_it_demo/demo_23.hdf5' to '/scratch/shahils/openpi/datasets/Libero-XVLA-format/.cache/huggingface/download/libero_10/KITCHEN_SCENE4_put_the_black_bowl_in_the_bottom_drawer_of_the_cabinet_and_close_it_demo/yzE0FOLSaNlQiGR555_6tIW-62E=.449d961dfbeeb36f413c9c4f01f9ca492738d70d1da41dc2c20ee2d200c837ab.incomplete'
Downloading 'libero_10/KITCHEN_SCENE4_put_the_black_bowl_in_the_bottom_drawer_of_the_cabinet_and_close_it_demo/demo_24.hdf5' to '/scratch/shahils/openpi/datasets/Libero-XVLA-format/.cache/huggingface/download/libero_10/KITCHEN_SCENE4_put_the_black_bowl_in_the_bottom_drawer_of_the_cabinet_and_close_it_demo/Av9f4nuuD5gt-fGnBnDr3GSVu64=.4b71b4c361d5fbe757de489993bb3b8de9200318e25950bcc0d3b5f3678cd618.incomplete'
Download complete. Moving file to /scratch/shahils/openpi/datasets/Libero-XVLA-format/libero_10/KITCHEN_SCENE4_put_the_black_bowl_in_the_bottom_drawer_of_the_cabinet_and_close_it_demo/demo_16.hdf5
Fetching 5618 files:   1%|          | 50/5618 [00:07<10:56,  8.48it/s]Downloading 'libero_10/KITCHEN_SCENE4_put_the_black_bowl_in_the_bottom_drawer_of_the_cabinet_and_close_it_demo/demo_25.hdf5' to '/scratch/shahils/openpi/datasets/Libero-XVLA-format/.cache/huggingface/download/libero_10/KITCHEN_SCENE4_put_the_black_bowl_in_the_bottom_drawer_of_the_cabinet_and_close_it_demo/6Z-wCyJKscsJ4FI7YAMP-Ecsv0g=.cde35fe4b00dc47ef450a16cf06309c6190a86c3df87885b02ba765c0fb68ba5.incomplete'
Download complete. Moving file to /scratch/shahils/openpi/datasets/Libero-XVLA-format/libero_10/KITCHEN_SCENE4_put_the_black_bowl_in_the_bottom_drawer_of_the_cabinet_and_close_it_demo/demo_20.hdf5
Download complete. Moving file to /scratch/shahils/openpi/datasets/Libero-XVLA-format/libero_10/KITCHEN_SCENE4_put_the_black_bowl_in_the_bottom_drawer_of_the_cabinet_and_close_it_demo/demo_23.hdf5
Downloading 'libero_10/KITCHEN_SCENE4_put_the_black_bowl_in_the_bottom_drawer_of_the_cabinet_and_close_it_demo/demo_26.hdf5' to '/scratch/shahils/openpi/datasets/Libero-XVLA-format/.cache/huggingface/download/libero_10/KITCHEN_SCENE4_put_the_black_bowl_in_the_bottom_drawer_of_the_cabinet_and_close_it_demo/D0Sfp77Lbsw-ire7S06x4EHBIz8=.3313b5227a0c983d70599c42766366f683dcf250fa8bafa5f3fc8067e76da060.incomplete'
Download complete. Moving file to /scratch/shahils/openpi/datasets/Libero-XVLA-format/libero_10/KITCHEN_SCENE4_put_the_black_bowl_in_the_bottom_drawer_of_the_cabinet_and_close_it_demo/demo_24.hdf5
Downloading 'libero_10/KITCHEN_SCENE4_put_the_black_bowl_in_the_bottom_drawer_of_the_cabinet_and_close_it_demo/demo_27.hdf5' to '/scratch/shahils/openpi/datasets/Libero-XVLA-format/.cache/huggingface/download/libero_10/KITCHEN_SCENE4_put_the_black_bowl_in_the_bottom_drawer_of_the_cabinet_and_close_it_demo/awW9_RZm5u75nVXyr7-Wt87ouRY=.e8eaf79c9c3994fa17f3979f96ef8856adfeee2493689375f46a203473b4518e.incomplete'
Download complete. Moving file to /scratch/shahils/openpi/datasets/Libero-XVLA-format/libero_10/KITCHEN_SCENE4_put_the_black_bowl_in_the_bottom_drawer_of_the_cabinet_and_close_it_demo/demo_18.hdf5
Downloading 'libero_10/KITCHEN_SCENE4_put_the_black_bowl_in_the_bottom_drawer_of_the_cabinet_and_close_it_demo/demo_28.hdf5' to '/scratch/shahils/openpi/datasets/Libero-XVLA-format/.cache/huggingface/download/libero_10/KITCHEN_SCENE4_put_the_black_bowl_in_the_bottom_drawer_of_the_cabinet_and_close_it_demo/oCHBOAFNGVGg80mwaTp2RsvSXNo=.01264b4ea7a5d211f20251bf5a5080918cda01dc0dbbcf1fdf61cbc2387a0bf2.incomplete'
Download complete. Moving file to /scratch/shahils/openpi/datasets/Libero-XVLA-format/libero_10/KITCHEN_SCENE4_put_the_black_bowl_in_the_bottom_drawer_of_the_cabinet_and_close_it_demo/demo_22.hdf5
Download complete. Moving file to /scratch/shahils/openpi/datasets/Libero-XVLA-format/libero_10/KITCHEN_SCENE4_put_the_black_bowl_in_the_bottom_drawer_of_the_cabinet_and_close_it_demo/demo_19.hdf5
Downloading 'libero_10/KITCHEN_SCENE4_put_the_black_bowl_in_the_bottom_drawer_of_the_cabinet_and_close_it_demo/demo_29.hdf5' to '/scratch/shahils/openpi/datasets/Libero-XVLA-format/.cache/huggingface/download/libero_10/KITCHEN_SCENE4_put_the_black_bowl_in_the_bottom_drawer_of_the_cabinet_and_close_it_demo/yAz0xkAEzHO3nJc6fbf1lm5EA4A=.00d77e2196d2485203397e753820a36f7f01c76b2fd244a12225103e5aa2c728.incomplete'
Downloading 'libero_10/KITCHEN_SCENE4_put_the_black_bowl_in_the_bottom_drawer_of_the_cabinet_and_close_it_demo/demo_3.hdf5' to '/scratch/shahils/openpi/datasets/Libero-XVLA-format/.cache/huggingface/download/libero_10/KITCHEN_SCENE4_put_the_black_bowl_in_the_bottom_drawer_of_the_cabinet_and_close_it_demo/kDPYMwpDbb0UmDre7lwzbkhjc_A=.365bafe481652046a1fa660b4390935d53e84ee51f7b6dfc1c13e983a6607b8c.incomplete'
Download complete. Moving file to /scratch/shahils/openpi/datasets/Libero-XVLA-format/libero_10/KITCHEN_SCENE4_put_the_black_bowl_in_the_bottom_drawer_of_the_cabinet_and_close_it_demo/demo_25.hdf5
Downloading 'libero_10/KITCHEN_SCENE4_put_the_black_bowl_in_the_bottom_drawer_of_the_cabinet_and_close_it_demo/demo_30.hdf5' to '/scratch/shahils/openpi/datasets/Libero-XVLA-format/.cache/huggingface/download/libero_10/KITCHEN_SCENE4_put_the_black_bowl_in_the_bottom_drawer_of_the_cabinet_and_close_it_demo/5eZjcC9Xnjg2nGdXeYCieWD8ndg=.bb581c689bc83970aceeb0454b45b6cd101d27422bd5a096cb9140cb6a311239.incomplete'
Downloading 'libero_10/KITCHEN_SCENE4_put_the_black_bowl_in_the_bottom_drawer_of_the_cabinet_and_close_it_demo/demo_31.hdf5' to '/scratch/shahils/openpi/datasets/Libero-XVLA-format/.cache/huggingface/download/libero_10/KITCHEN_SCENE4_put_the_black_bowl_in_the_bottom_drawer_of_the_cabinet_and_close_it_demo/NBPPmp9ufBi0WLlkvdO6oSjfcDw=.75d72ace66051ba7fb77fa4d732b4043b8d5c2bd1f7e8ca9a89dac384aaa7906.incomplete'
Download complete. Moving file to /scratch/shahils/openpi/datasets/Libero-XVLA-format/libero_10/KITCHEN_SCENE4_put_the_black_bowl_in_the_bottom_drawer_of_the_cabinet_and_close_it_demo/demo_17.hdf5
Fetching 5618 files:   1%|          | 52/5618 [00:09<20:13,  4.59it/s]Download complete. Moving file to /scratch/shahils/openpi/datasets/Libero-XVLA-format/libero_10/KITCHEN_SCENE4_put_the_black_bowl_in_the_bottom_drawer_of_the_cabinet_and_close_it_demo/demo_26.hdf5
Downloading 'libero_10/KITCHEN_SCENE4_put_the_black_bowl_in_the_bottom_drawer_of_the_cabinet_and_close_it_demo/demo_34.hdf5' to '/scratch/shahils/openpi/datasets/Libero-XVLA-format/.cache/huggingface/download/libero_10/KITCHEN_SCENE4_put_the_black_bowl_in_the_bottom_drawer_of_the_cabinet_and_close_it_demo/XvqvOhPRR_plUN0huKWrYYYqQso=.324848c76888fd2ffc805b2bc6f46e0bae06bc722b8a9eb1708d13c7bdbc9628.incomplete'
Downloading 'libero_10/KITCHEN_SCENE4_put_the_black_bowl_in_the_bottom_drawer_of_the_cabinet_and_close_it_demo/demo_35.hdf5' to '/scratch/shahils/openpi/datasets/Libero-XVLA-format/.cache/huggingface/download/libero_10/KITCHEN_SCENE4_put_the_black_bowl_in_the_bottom_drawer_of_the_cabinet_and_close_it_demo/puxvedngqel9iesOxTa00onBNow=.88b43f33c76e0180ea18765865f11e4c57379c4616a53afdcb6fcab399c460f7.incomplete'
Download complete. Moving file to /scratch/shahils/openpi/datasets/Libero-XVLA-format/libero_10/KITCHEN_SCENE4_put_the_black_bowl_in_the_bottom_drawer_of_the_cabinet_and_close_it_demo/demo_28.hdf5
Download complete. Moving file to /scratch/shahils/openpi/datasets/Libero-XVLA-format/libero_10/KITCHEN_SCENE4_put_the_black_bowl_in_the_bottom_drawer_of_the_cabinet_and_close_it_demo/demo_27.hdf5
Downloading 'libero_10/KITCHEN_SCENE4_put_the_black_bowl_in_the_bottom_drawer_of_the_cabinet_and_close_it_demo/demo_36.hdf5' to '/scratch/shahils/openpi/datasets/Libero-XVLA-format/.cache/huggingface/download/libero_10/KITCHEN_SCENE4_put_the_black_bowl_in_the_bottom_drawer_of_the_cabinet_and_close_it_demo/0t-nm1J8m0Aumq16uzFp8HaSrqk=.b6fcac5928b228d54d4ccd6e7a40d8e0ca713729bcbef1ee6e58d8f1b3b8ac8f.incomplete'
Fetching 5618 files:   1%|          | 60/5618 [00:09<11:34,  8.00it/s]Download complete. Moving file to /scratch/shahils/openpi/datasets/Libero-XVLA-format/libero_10/KITCHEN_SCENE4_put_the_black_bowl_in_the_bottom_drawer_of_the_cabinet_and_close_it_demo/demo_29.hdf5
Downloading 'libero_10/KITCHEN_SCENE4_put_the_black_bowl_in_the_bottom_drawer_of_the_cabinet_and_close_it_demo/demo_37.hdf5' to '/scratch/shahils/openpi/datasets/Libero-XVLA-format/.cache/huggingface/download/libero_10/KITCHEN_SCENE4_put_the_black_bowl_in_the_bottom_drawer_of_the_cabinet_and_close_it_demo/six54jnBxEIwvnS7MaIA-ysQ7ww=.cebfe7d0e817a2ed783413f745924c9e5f7683dab17f2b9f756fc21b0f52ae9d.incomplete'
Download complete. Moving file to /scratch/shahils/openpi/datasets/Libero-XVLA-format/libero_10/KITCHEN_SCENE4_put_the_black_bowl_in_the_bottom_drawer_of_the_cabinet_and_close_it_demo/demo_31.hdf5
Downloading 'libero_10/KITCHEN_SCENE4_put_the_black_bowl_in_the_bottom_drawer_of_the_cabinet_and_close_it_demo/demo_38.hdf5' to '/scratch/shahils/openpi/datasets/Libero-XVLA-format/.cache/huggingface/download/libero_10/KITCHEN_SCENE4_put_the_black_bowl_in_the_bottom_drawer_of_the_cabinet_and_close_it_demo/FvVDF7ms8p6TQEbfo1o-dhDgGUo=.0333a001f0223cadb01d5365138e23505c18c14df98b3dd884fcc3cc20fe719e.incomplete'
Download complete. Moving file to /scratch/shahils/openpi/datasets/Libero-XVLA-format/libero_10/KITCHEN_SCENE4_put_the_black_bowl_in_the_bottom_drawer_of_the_cabinet_and_close_it_demo/demo_3.hdf5
Downloading 'libero_10/KITCHEN_SCENE4_put_the_black_bowl_in_the_bottom_drawer_of_the_cabinet_and_close_it_demo/demo_4.hdf5' to '/scratch/shahils/openpi/datasets/Libero-XVLA-format/.cache/huggingface/download/libero_10/KITCHEN_SCENE4_put_the_black_bowl_in_the_bottom_drawer_of_the_cabinet_and_close_it_demo/ipuk287oYmp9DTR1pceb2mWz1L8=.eb7755845184affe35c39ea01760f24123e8cd2580eec8e71cba0ebb81790b76.incomplete'
Fetching 5618 files:   1%|          | 63/5618 [00:09<10:33,  8.77it/s]Downloading 'libero_10/KITCHEN_SCENE4_put_the_black_bowl_in_the_bottom_drawer_of_the_cabinet_and_close_it_demo/demo_40.hdf5' to '/scratch/shahils/openpi/datasets/Libero-XVLA-format/.cache/huggingface/download/libero_10/KITCHEN_SCENE4_put_the_black_bowl_in_the_bottom_drawer_of_the_cabinet_and_close_it_demo/gbqCG95rgl4AbHbeFAAh6X4b9_0=.3482e7e0161249bb696d6b7a5bc21ecbfe9b82571f7b4d67cd477b843ffc133a.incomplete'
Download complete. Moving file to /scratch/shahils/openpi/datasets/Libero-XVLA-format/libero_10/KITCHEN_SCENE4_put_the_black_bowl_in_the_bottom_drawer_of_the_cabinet_and_close_it_demo/demo_30.hdf5
Fetching 5618 files:   1%|          | 65/5618 [00:10<10:52,  8.51it/s]Download complete. Moving file to /scratch/shahils/openpi/datasets/Libero-XVLA-format/libero_10/KITCHEN_SCENE4_put_the_black_bowl_in_the_bottom_drawer_of_the_cabinet_and_close_it_demo/demo_35.hdf5
Downloading 'libero_10/KITCHEN_SCENE4_put_the_black_bowl_in_the_bottom_drawer_of_the_cabinet_and_close_it_demo/demo_44.hdf5' to '/scratch/shahils/openpi/datasets/Libero-XVLA-format/.cache/huggingface/download/libero_10/KITCHEN_SCENE4_put_the_black_bowl_in_the_bottom_drawer_of_the_cabinet_and_close_it_demo/WSw2kAHnlOu7Sf1zW4FvtY6ae68=.aa732662d1f67033aeed193e7da34eba7dcaa362462a32e341c9ba4df209d458.incomplete'
Download complete. Moving file to /scratch/shahils/openpi/datasets/Libero-XVLA-format/libero_10/KITCHEN_SCENE4_put_the_black_bowl_in_the_bottom_drawer_of_the_cabinet_and_close_it_demo/demo_36.hdf5
Downloading 'libero_10/KITCHEN_SCENE4_put_the_black_bowl_in_the_bottom_drawer_of_the_cabinet_and_close_it_demo/demo_42.hdf5' to '/scratch/shahils/openpi/datasets/Libero-XVLA-format/.cache/huggingface/download/libero_10/KITCHEN_SCENE4_put_the_black_bowl_in_the_bottom_drawer_of_the_cabinet_and_close_it_demo/aG9SsDqjtm7eJlBwavK1b1oF2A0=.64505e9d579d0661bb6d6c704ff96d5b7b2b359bd85f24f22f60b2886cc0ed25.incomplete'
Downloading 'libero_10/KITCHEN_SCENE4_put_the_black_bowl_in_the_bottom_drawer_of_the_cabinet_and_close_it_demo/demo_46.hdf5' to '/scratch/shahils/openpi/datasets/Libero-XVLA-format/.cache/huggingface/download/libero_10/KITCHEN_SCENE4_put_the_black_bowl_in_the_bottom_drawer_of_the_cabinet_and_close_it_demo/GSFiAZuoEvbbDSjbh92wEUVAKvQ=.86dcf92c45dba3429251a3648693ae587e82f2d6c4946a9400b8b899b180b237.incomplete'
Download complete. Moving file to /scratch/shahils/openpi/datasets/Libero-XVLA-format/libero_10/KITCHEN_SCENE4_put_the_black_bowl_in_the_bottom_drawer_of_the_cabinet_and_close_it_demo/demo_34.hdf5
Fetching 5618 files:   1%|          | 67/5618 [00:10<11:28,  8.06it/s]Download complete. Moving file to /scratch/shahils/openpi/datasets/Libero-XVLA-format/libero_10/KITCHEN_SCENE4_put_the_black_bowl_in_the_bottom_drawer_of_the_cabinet_and_close_it_demo/demo_4.hdf5
Downloading 'libero_10/KITCHEN_SCENE4_put_the_black_bowl_in_the_bottom_drawer_of_the_cabinet_and_close_it_demo/demo_5.hdf5' to '/scratch/shahils/openpi/datasets/Libero-XVLA-format/.cache/huggingface/download/libero_10/KITCHEN_SCENE4_put_the_black_bowl_in_the_bottom_drawer_of_the_cabinet_and_close_it_demo/W103OyYBEP6E2F77F2mPmmee-xo=.0b579643bf8721233e17a7c5e287caff282cc2a0da0638b7efec6d8ade937fa8.incomplete'
Downloading 'libero_10/KITCHEN_SCENE4_put_the_black_bowl_in_the_bottom_drawer_of_the_cabinet_and_close_it_demo/demo_7.hdf5' to '/scratch/shahils/openpi/datasets/Libero-XVLA-format/.cache/huggingface/download/libero_10/KITCHEN_SCENE4_put_the_black_bowl_in_the_bottom_drawer_of_the_cabinet_and_close_it_demo/Qbgk0AKX1FAN0bSHcNqoVwXx0Rg=.29dfb22722bd87610e74796a6e7023e7f4ef4a2c111ed0bd3c57aec1aa2ba8da.incomplete'
Download complete. Moving file to /scratch/shahils/openpi/datasets/Libero-XVLA-format/libero_10/KITCHEN_SCENE4_put_the_black_bowl_in_the_bottom_drawer_of_the_cabinet_and_close_it_demo/demo_40.hdf5
Download complete. Moving file to /scratch/shahils/openpi/datasets/Libero-XVLA-format/libero_10/KITCHEN_SCENE4_put_the_black_bowl_in_the_bottom_drawer_of_the_cabinet_and_close_it_demo/demo_38.hdf5
Downloading 'libero_10/KITCHEN_SCENE4_put_the_black_bowl_in_the_bottom_drawer_of_the_cabinet_and_close_it_demo/demo_8.hdf5' to '/scratch/shahils/openpi/datasets/Libero-XVLA-format/.cache/huggingface/download/libero_10/KITCHEN_SCENE4_put_the_black_bowl_in_the_bottom_drawer_of_the_cabinet_and_close_it_demo/guTF9kyhn15zkapITNaJzvsF6SM=.fb708002ee644db7500766686f0c9bc4dc6579bf52468c76495acd61b7d11566.incomplete'
Download complete. Moving file to /scratch/shahils/openpi/datasets/Libero-XVLA-format/libero_10/KITCHEN_SCENE4_put_the_black_bowl_in_the_bottom_drawer_of_the_cabinet_and_close_it_demo/demo_46.hdf5
Downloading 'libero_10/KITCHEN_SCENE4_put_the_black_bowl_in_the_bottom_drawer_of_the_cabinet_and_close_it_demo/demo_9.hdf5' to '/scratch/shahils/openpi/datasets/Libero-XVLA-format/.cache/huggingface/download/libero_10/KITCHEN_SCENE4_put_the_black_bowl_in_the_bottom_drawer_of_the_cabinet_and_close_it_demo/jlB8BvhXv_s7_AXzTNoxVPsUohM=.b2a811e5d7fa1df0d337368280f9ab13401adafe16a67dd73713fc523685ad8e.incomplete'
Download complete. Moving file to /scratch/shahils/openpi/datasets/Libero-XVLA-format/libero_10/KITCHEN_SCENE4_put_the_black_bowl_in_the_bottom_drawer_of_the_cabinet_and_close_it_demo/demo_44.hdf5
Download complete. Moving file to /scratch/shahils/openpi/datasets/Libero-XVLA-format/libero_10/KITCHEN_SCENE4_put_the_black_bowl_in_the_bottom_drawer_of_the_cabinet_and_close_it_demo/demo_42.hdf5
Downloading 'libero_10/KITCHEN_SCENE6_put_the_yellow_and_white_mug_in_the_microwave_and_close_it_demo/demo_10.hdf5' to '/scratch/shahils/openpi/datasets/Libero-XVLA-format/.cache/huggingface/download/libero_10/KITCHEN_SCENE6_put_the_yellow_and_white_mug_in_the_microwave_and_close_it_demo/qIanSg8lEEhbjgh5TfQXC9aObEA=.3431784fccdf09fa1dbffb9c111f32f566fca53a50c5463ff3d5a8559fde69d2.incomplete'
Download complete. Moving file to /scratch/shahils/openpi/datasets/Libero-XVLA-format/libero_10/KITCHEN_SCENE4_put_the_black_bowl_in_the_bottom_drawer_of_the_cabinet_and_close_it_demo/demo_7.hdf5
Downloading 'libero_10/KITCHEN_SCENE6_put_the_yellow_and_white_mug_in_the_microwave_and_close_it_demo/demo_1.hdf5' to '/scratch/shahils/openpi/datasets/Libero-XVLA-format/.cache/huggingface/download/libero_10/KITCHEN_SCENE6_put_the_yellow_and_white_mug_in_the_microwave_and_close_it_demo/G-5RjmQ2_e5v-a7yjG2BYUzL9K0=.9177e1cb3bdc3b8c5e9f9dfc10770155935913f09cb8b0d6eb8e99588abfe389.incomplete'
Downloading 'libero_10/KITCHEN_SCENE6_put_the_yellow_and_white_mug_in_the_microwave_and_close_it_demo/demo_13.hdf5' to '/scratch/shahils/openpi/datasets/Libero-XVLA-format/.cache/huggingface/download/libero_10/KITCHEN_SCENE6_put_the_yellow_and_white_mug_in_the_microwave_and_close_it_demo/NkkCokoXhiuvGb16sv2kt7AnL2k=.9aebf8ec8ffaa1a93799ce26ba2032b6350f511eeb9948d9fa48308a6dc44608.incomplete'
Download complete. Moving file to /scratch/shahils/openpi/datasets/Libero-XVLA-format/libero_10/KITCHEN_SCENE4_put_the_black_bowl_in_the_bottom_drawer_of_the_cabinet_and_close_it_demo/demo_5.hdf5
Downloading 'libero_10/KITCHEN_SCENE6_put_the_yellow_and_white_mug_in_the_microwave_and_close_it_demo/demo_16.hdf5' to '/scratch/shahils/openpi/datasets/Libero-XVLA-format/.cache/huggingface/download/libero_10/KITCHEN_SCENE6_put_the_yellow_and_white_mug_in_the_microwave_and_close_it_demo/s1llPhM4ziSOsExqdg76GXM5fSI=.d0e47e84308bcef4356b9be7a685254f4f8707b556552806bcdbf6f61c78e0c3.incomplete'
Download complete. Moving file to /scratch/shahils/openpi/datasets/Libero-XVLA-format/libero_10/KITCHEN_SCENE4_put_the_black_bowl_in_the_bottom_drawer_of_the_cabinet_and_close_it_demo/demo_8.hdf5
Downloading 'libero_10/KITCHEN_SCENE6_put_the_yellow_and_white_mug_in_the_microwave_and_close_it_demo/demo_15.hdf5' to '/scratch/shahils/openpi/datasets/Libero-XVLA-format/.cache/huggingface/download/libero_10/KITCHEN_SCENE6_put_the_yellow_and_white_mug_in_the_microwave_and_close_it_demo/iCPyddSLzII7wzJLY_yWK4NQfdE=.d86f95e777d4f0da15afa220b0fe5e0c110f7f016b6872d940e1980ada78cb55.incomplete'
Download complete. Moving file to /scratch/shahils/openpi/datasets/Libero-XVLA-format/libero_10/KITCHEN_SCENE4_put_the_black_bowl_in_the_bottom_drawer_of_the_cabinet_and_close_it_demo/demo_37.hdf5
Fetching 5618 files:   1%|          | 69/5618 [00:11<20:44,  4.46it/s]Downloading 'libero_10/KITCHEN_SCENE6_put_the_yellow_and_white_mug_in_the_microwave_and_close_it_demo/demo_2.hdf5' to '/scratch/shahils/openpi/datasets/Libero-XVLA-format/.cache/huggingface/download/libero_10/KITCHEN_SCENE6_put_the_yellow_and_white_mug_in_the_microwave_and_close_it_demo/3og14UMK8OhFZ5TnH3yoVefIegk=.d210434f72066a81e3abca518ae5d5ec77e43598b4ecb5b305b5b1d185749d4d.incomplete'
Downloading 'libero_10/KITCHEN_SCENE6_put_the_yellow_and_white_mug_in_the_microwave_and_close_it_demo/demo_18.hdf5' to '/scratch/shahils/openpi/datasets/Libero-XVLA-format/.cache/huggingface/download/libero_10/KITCHEN_SCENE6_put_the_yellow_and_white_mug_in_the_microwave_and_close_it_demo/QKYXz1zdl3FTvUCbpq3qqjTLQU0=.bc60775b23a18394823edb2aa00fa84d4abb83cb9cd81b30acb2f1e7610409bd.incomplete'
Download complete. Moving file to /scratch/shahils/openpi/datasets/Libero-XVLA-format/libero_10/KITCHEN_SCENE6_put_the_yellow_and_white_mug_in_the_microwave_and_close_it_demo/demo_13.hdf5
Download complete. Moving file to /scratch/shahils/openpi/datasets/Libero-XVLA-format/libero_10/KITCHEN_SCENE6_put_the_yellow_and_white_mug_in_the_microwave_and_close_it_demo/demo_1.hdf5
Downloading 'libero_10/KITCHEN_SCENE6_put_the_yellow_and_white_mug_in_the_microwave_and_close_it_demo/demo_20.hdf5' to '/scratch/shahils/openpi/datasets/Libero-XVLA-format/.cache/huggingface/download/libero_10/KITCHEN_SCENE6_put_the_yellow_and_white_mug_in_the_microwave_and_close_it_demo/YKCRkR71roKkdVB7ct5LRhgdm0w=.9e96cb8079a650976bf46642275c5891fa5b5736e771f66753ccbd022664548f.incomplete'
Downloading 'libero_10/KITCHEN_SCENE6_put_the_yellow_and_white_mug_in_the_microwave_and_close_it_demo/demo_23.hdf5' to '/scratch/shahils/openpi/datasets/Libero-XVLA-format/.cache/huggingface/download/libero_10/KITCHEN_SCENE6_put_the_yellow_and_white_mug_in_the_microwave_and_close_it_demo/yzE0FOLSaNlQiGR555_6tIW-62E=.a0bc9c45047615e3c75fc3c93586a5a4916390347bca7a3492e8eacee008f078.incomplete'
Download complete. Moving file to /scratch/shahils/openpi/datasets/Libero-XVLA-format/libero_10/KITCHEN_SCENE6_put_the_yellow_and_white_mug_in_the_microwave_and_close_it_demo/demo_10.hdf5
Download complete. Moving file to /scratch/shahils/openpi/datasets/Libero-XVLA-format/libero_10/KITCHEN_SCENE4_put_the_black_bowl_in_the_bottom_drawer_of_the_cabinet_and_close_it_demo/demo_9.hdf5
Fetching 5618 files:   1%|▏         | 79/5618 [00:12<12:48,  7.21it/s]Downloading 'libero_10/KITCHEN_SCENE6_put_the_yellow_and_white_mug_in_the_microwave_and_close_it_demo/demo_24.hdf5' to '/scratch/shahils/openpi/datasets/Libero-XVLA-format/.cache/huggingface/download/libero_10/KITCHEN_SCENE6_put_the_yellow_and_white_mug_in_the_microwave_and_close_it_demo/Av9f4nuuD5gt-fGnBnDr3GSVu64=.bc6e700469b2f56e808ff8a9d9c2b04a7bcfc5e6fe94ed48c8e6703e34daa9f6.incomplete'
Download complete. Moving file to /scratch/shahils/openpi/datasets/Libero-XVLA-format/libero_10/KITCHEN_SCENE6_put_the_yellow_and_white_mug_in_the_microwave_and_close_it_demo/demo_2.hdf5
Downloading 'libero_10/KITCHEN_SCENE6_put_the_yellow_and_white_mug_in_the_microwave_and_close_it_demo/demo_26.hdf5' to '/scratch/shahils/openpi/datasets/Libero-XVLA-format/.cache/huggingface/download/libero_10/KITCHEN_SCENE6_put_the_yellow_and_white_mug_in_the_microwave_and_close_it_demo/D0Sfp77Lbsw-ire7S06x4EHBIz8=.68ef6a4a18c4015f1d5d7645a88b3291808b8b037dd71f064ddd547818aae9d1.incomplete'
Download complete. Moving file to /scratch/shahils/openpi/datasets/Libero-XVLA-format/libero_10/KITCHEN_SCENE6_put_the_yellow_and_white_mug_in_the_microwave_and_close_it_demo/demo_15.hdf5
Downloading 'libero_10/KITCHEN_SCENE6_put_the_yellow_and_white_mug_in_the_microwave_and_close_it_demo/demo_27.hdf5' to '/scratch/shahils/openpi/datasets/Libero-XVLA-format/.cache/huggingface/download/libero_10/KITCHEN_SCENE6_put_the_yellow_and_white_mug_in_the_microwave_and_close_it_demo/awW9_RZm5u75nVXyr7-Wt87ouRY=.d9696935c2f24654ac9ed58d53cb7286f733c820d2319d8f59bceaecbd093d43.incomplete'
Fetching 5618 files:   1%|▏         | 83/5618 [00:12<10:26,  8.83it/s]Downloading 'libero_10/KITCHEN_SCENE6_put_the_yellow_and_white_mug_in_the_microwave_and_close_it_demo/demo_28.hdf5' to '/scratch/shahils/openpi/datasets/Libero-XVLA-format/.cache/huggingface/download/libero_10/KITCHEN_SCENE6_put_the_yellow_and_white_mug_in_the_microwave_and_close_it_demo/oCHBOAFNGVGg80mwaTp2RsvSXNo=.77689e570f6bdf16a4f5685cfe2b07569e4ae1ccebf6b62ab299da2c352e8f76.incomplete'
Download complete. Moving file to /scratch/shahils/openpi/datasets/Libero-XVLA-format/libero_10/KITCHEN_SCENE6_put_the_yellow_and_white_mug_in_the_microwave_and_close_it_demo/demo_16.hdf5
Download complete. Moving file to /scratch/shahils/openpi/datasets/Libero-XVLA-format/libero_10/KITCHEN_SCENE6_put_the_yellow_and_white_mug_in_the_microwave_and_close_it_demo/demo_18.hdf5
Fetching 5618 files:   2%|▏         | 85/5618 [00:12<10:13,  9.02it/s]Downloading 'libero_10/KITCHEN_SCENE6_put_the_yellow_and_white_mug_in_the_microwave_and_close_it_demo/demo_29.hdf5' to '/scratch/shahils/openpi/datasets/Libero-XVLA-format/.cache/huggingface/download/libero_10/KITCHEN_SCENE6_put_the_yellow_and_white_mug_in_the_microwave_and_close_it_demo/yAz0xkAEzHO3nJc6fbf1lm5EA4A=.cf20a61c1be565318c619c935d52650c34c98291e24d9faef7a3fd0352f9a0d3.incomplete'
Downloading 'libero_10/KITCHEN_SCENE6_put_the_yellow_and_white_mug_in_the_microwave_and_close_it_demo/demo_3.hdf5' to '/scratch/shahils/openpi/datasets/Libero-XVLA-format/.cache/huggingface/download/libero_10/KITCHEN_SCENE6_put_the_yellow_and_white_mug_in_the_microwave_and_close_it_demo/kDPYMwpDbb0UmDre7lwzbkhjc_A=.e51bbce4952f00ae0241f33b029b735f2b151f87cbfa78192cc897bb595f11c0.incomplete'
Download complete. Moving file to /scratch/shahils/openpi/datasets/Libero-XVLA-format/libero_10/KITCHEN_SCENE6_put_the_yellow_and_white_mug_in_the_microwave_and_close_it_demo/demo_23.hdf5
Download complete. Moving file to /scratch/shahils/openpi/datasets/Libero-XVLA-format/libero_10/KITCHEN_SCENE6_put_the_yellow_and_white_mug_in_the_microwave_and_close_it_demo/demo_26.hdf5
Downloading 'libero_10/KITCHEN_SCENE6_put_the_yellow_and_white_mug_in_the_microwave_and_close_it_demo/demo_31.hdf5' to '/scratch/shahils/openpi/datasets/Libero-XVLA-format/.cache/huggingface/download/libero_10/KITCHEN_SCENE6_put_the_yellow_and_white_mug_in_the_microwave_and_close_it_demo/NBPPmp9ufBi0WLlkvdO6oSjfcDw=.ebfeddb5221d474f40ef9640253fb41aed313150e90ce3e9c20fab51b9f510ae.incomplete'
Download complete. Moving file to /scratch/shahils/openpi/datasets/Libero-XVLA-format/libero_10/KITCHEN_SCENE6_put_the_yellow_and_white_mug_in_the_microwave_and_close_it_demo/demo_20.hdf5
Fetching 5618 files:   2%|▏         | 87/5618 [00:13<12:09,  7.58it/s]Downloading 'libero_10/KITCHEN_SCENE6_put_the_yellow_and_white_mug_in_the_microwave_and_close_it_demo/demo_32.hdf5' to '/scratch/shahils/openpi/datasets/Libero-XVLA-format/.cache/huggingface/download/libero_10/KITCHEN_SCENE6_put_the_yellow_and_white_mug_in_the_microwave_and_close_it_demo/W47I1m5ZiJ5j1VB8WAfsa1kZ3jg=.e43c594b1ad29bdb226a122c3cc50bd0bd115d3f99c4056c7d605ed06aae31cf.incomplete'
Downloading 'libero_10/KITCHEN_SCENE6_put_the_yellow_and_white_mug_in_the_microwave_and_close_it_demo/demo_33.hdf5' to '/scratch/shahils/openpi/datasets/Libero-XVLA-format/.cache/huggingface/download/libero_10/KITCHEN_SCENE6_put_the_yellow_and_white_mug_in_the_microwave_and_close_it_demo/71dKVjNemPYFufIxiL0NslgkHZ4=.7cc8771ec152df91c72e49237eb19acf4b580a3150053036b28ce4bb390ec715.incomplete'
Download complete. Moving file to /scratch/shahils/openpi/datasets/Libero-XVLA-format/libero_10/KITCHEN_SCENE6_put_the_yellow_and_white_mug_in_the_microwave_and_close_it_demo/demo_28.hdf5
Download complete. Moving file to /scratch/shahils/openpi/datasets/Libero-XVLA-format/libero_10/KITCHEN_SCENE6_put_the_yellow_and_white_mug_in_the_microwave_and_close_it_demo/demo_27.hdf5
Download complete. Moving file to /scratch/shahils/openpi/datasets/Libero-XVLA-format/libero_10/KITCHEN_SCENE6_put_the_yellow_and_white_mug_in_the_microwave_and_close_it_demo/demo_29.hdf5
Downloading 'libero_10/KITCHEN_SCENE6_put_the_yellow_and_white_mug_in_the_microwave_and_close_it_demo/demo_35.hdf5' to '/scratch/shahils/openpi/datasets/Libero-XVLA-format/.cache/huggingface/download/libero_10/KITCHEN_SCENE6_put_the_yellow_and_white_mug_in_the_microwave_and_close_it_demo/puxvedngqel9iesOxTa00onBNow=.9e19521e6e3dd46508122c9e70b7ed9c7a7c41bddb235201f0cc2d4fa54cb3d9.incomplete'
Downloading 'libero_10/KITCHEN_SCENE6_put_the_yellow_and_white_mug_in_the_microwave_and_close_it_demo/demo_36.hdf5' to '/scratch/shahils/openpi/datasets/Libero-XVLA-format/.cache/huggingface/download/libero_10/KITCHEN_SCENE6_put_the_yellow_and_white_mug_in_the_microwave_and_close_it_demo/0t-nm1J8m0Aumq16uzFp8HaSrqk=.462d0acb395f336608487d22fb5a88d32527eb932bc762839bdf384135c1729a.incomplete'
Download complete. Moving file to /scratch/shahils/openpi/datasets/Libero-XVLA-format/libero_10/KITCHEN_SCENE6_put_the_yellow_and_white_mug_in_the_microwave_and_close_it_demo/demo_24.hdf5
Downloading 'libero_10/KITCHEN_SCENE6_put_the_yellow_and_white_mug_in_the_microwave_and_close_it_demo/demo_37.hdf5' to '/scratch/shahils/openpi/datasets/Libero-XVLA-format/.cache/huggingface/download/libero_10/KITCHEN_SCENE6_put_the_yellow_and_white_mug_in_the_microwave_and_close_it_demo/six54jnBxEIwvnS7MaIA-ysQ7ww=.88648ba96ed39602da1228478436c5833b80c21ad58f62cbce410f137f1b8f26.incomplete'
Fetching 5618 files:   2%|▏         | 89/5618 [00:13<12:51,  7.17it/s]Downloading 'libero_10/KITCHEN_SCENE6_put_the_yellow_and_white_mug_in_the_microwave_and_close_it_demo/demo_39.hdf5' to '/scratch/shahils/openpi/datasets/Libero-XVLA-format/.cache/huggingface/download/libero_10/KITCHEN_SCENE6_put_the_yellow_and_white_mug_in_the_microwave_and_close_it_demo/uc2s1qxkrQQuSk7uhnI17Kpq7so=.728303a8ff01413a6ca6150899d95a8c3629672d4f71abe3cd77f5fe210486f6.incomplete'
Download complete. Moving file to /scratch/shahils/openpi/datasets/Libero-XVLA-format/libero_10/KITCHEN_SCENE6_put_the_yellow_and_white_mug_in_the_microwave_and_close_it_demo/demo_3.hdf5
Fetching 5618 files:   2%|▏         | 94/5618 [00:13<08:53, 10.35it/s]Download complete. Moving file to /scratch/shahils/openpi/datasets/Libero-XVLA-format/libero_10/KITCHEN_SCENE6_put_the_yellow_and_white_mug_in_the_microwave_and_close_it_demo/demo_33.hdf5
Downloading 'libero_10/KITCHEN_SCENE6_put_the_yellow_and_white_mug_in_the_microwave_and_close_it_demo/demo_40.hdf5' to '/scratch/shahils/openpi/datasets/Libero-XVLA-format/.cache/huggingface/download/libero_10/KITCHEN_SCENE6_put_the_yellow_and_white_mug_in_the_microwave_and_close_it_demo/gbqCG95rgl4AbHbeFAAh6X4b9_0=.160a1532301d9445a6b54651d455bb1983d7d619e7c24a3e1126e16899dcdece.incomplete'
Download complete. Moving file to /scratch/shahils/openpi/datasets/Libero-XVLA-format/libero_10/KITCHEN_SCENE6_put_the_yellow_and_white_mug_in_the_microwave_and_close_it_demo/demo_32.hdf5
Downloading 'libero_10/KITCHEN_SCENE6_put_the_yellow_and_white_mug_in_the_microwave_and_close_it_demo/demo_41.hdf5' to '/scratch/shahils/openpi/datasets/Libero-XVLA-format/.cache/huggingface/download/libero_10/KITCHEN_SCENE6_put_the_yellow_and_white_mug_in_the_microwave_and_close_it_demo/3iMrJnDf8EyN9l6WylHc3Y2wlVg=.54e1b2b5bcccf534c9036654e3af4a04db3c683b913c4494205b0c504e318ee2.incomplete'
Downloading 'libero_10/KITCHEN_SCENE6_put_the_yellow_and_white_mug_in_the_microwave_and_close_it_demo/demo_42.hdf5' to '/scratch/shahils/openpi/datasets/Libero-XVLA-format/.cache/huggingface/download/libero_10/KITCHEN_SCENE6_put_the_yellow_and_white_mug_in_the_microwave_and_close_it_demo/aG9SsDqjtm7eJlBwavK1b1oF2A0=.14cc4bdd17671d4fe4dc147dbb21a5de5980337d91e9c91db3804fc8abb3b858.incomplete'
Download complete. Moving file to /scratch/shahils/openpi/datasets/Libero-XVLA-format/libero_10/KITCHEN_SCENE6_put_the_yellow_and_white_mug_in_the_microwave_and_close_it_demo/demo_36.hdf5
Download complete. Moving file to /scratch/shahils/openpi/datasets/Libero-XVLA-format/libero_10/KITCHEN_SCENE6_put_the_yellow_and_white_mug_in_the_microwave_and_close_it_demo/demo_31.hdf5
Fetching 5618 files:   2%|▏         | 96/5618 [00:14<12:26,  7.40it/s]Download complete. Moving file to /scratch/shahils/openpi/datasets/Libero-XVLA-format/libero_10/KITCHEN_SCENE6_put_the_yellow_and_white_mug_in_the_microwave_and_close_it_demo/demo_37.hdf5
Downloading 'libero_10/KITCHEN_SCENE6_put_the_yellow_and_white_mug_in_the_microwave_and_close_it_demo/demo_44.hdf5' to '/scratch/shahils/openpi/datasets/Libero-XVLA-format/.cache/huggingface/download/libero_10/KITCHEN_SCENE6_put_the_yellow_and_white_mug_in_the_microwave_and_close_it_demo/WSw2kAHnlOu7Sf1zW4FvtY6ae68=.4c583f456c200e81ba1506871a14c397b25964c7b8b5ce5307a7e53b41881f46.incomplete'
Download complete. Moving file to /scratch/shahils/openpi/datasets/Libero-XVLA-format/libero_10/KITCHEN_SCENE6_put_the_yellow_and_white_mug_in_the_microwave_and_close_it_demo/demo_39.hdf5
Downloading 'libero_10/KITCHEN_SCENE6_put_the_yellow_and_white_mug_in_the_microwave_and_close_it_demo/demo_46.hdf5' to '/scratch/shahils/openpi/datasets/Libero-XVLA-format/.cache/huggingface/download/libero_10/KITCHEN_SCENE6_put_the_yellow_and_white_mug_in_the_microwave_and_close_it_demo/GSFiAZuoEvbbDSjbh92wEUVAKvQ=.89a5a2debc3c0ac57ac5db85ca07facd9c1180006296553bc8b5e6aa1bf5a59a.incomplete'
Downloading 'libero_10/KITCHEN_SCENE6_put_the_yellow_and_white_mug_in_the_microwave_and_close_it_demo/demo_47.hdf5' to '/scratch/shahils/openpi/datasets/Libero-XVLA-format/.cache/huggingface/download/libero_10/KITCHEN_SCENE6_put_the_yellow_and_white_mug_in_the_microwave_and_close_it_demo/WAmqMow1SHsQNkQwGt3eEQD1n68=.ae5b83e0616b5f46a619da621032c53bb2026225f321208b8e505e3c37d49cc7.incomplete'
Download complete. Moving file to /scratch/shahils/openpi/datasets/Libero-XVLA-format/libero_10/KITCHEN_SCENE6_put_the_yellow_and_white_mug_in_the_microwave_and_close_it_demo/demo_35.hdf5
Fetching 5618 files:   2%|▏         | 98/5618 [00:14<11:18,  8.13it/s]Downloading 'libero_10/KITCHEN_SCENE6_put_the_yellow_and_white_mug_in_the_microwave_and_close_it_demo/demo_48.hdf5' to '/scratch/shahils/openpi/datasets/Libero-XVLA-format/.cache/huggingface/download/libero_10/KITCHEN_SCENE6_put_the_yellow_and_white_mug_in_the_microwave_and_close_it_demo/clT21Q6GOZoCuvkT9Yij6UyXzo8=.917634c660fd28dbe91ac45a720fed0a6301b794fb37f4ed2ee70b9bd198b130.incomplete'
Downloading 'libero_10/KITCHEN_SCENE6_put_the_yellow_and_white_mug_in_the_microwave_and_close_it_demo/demo_49.hdf5' to '/scratch/shahils/openpi/datasets/Libero-XVLA-format/.cache/huggingface/download/libero_10/KITCHEN_SCENE6_put_the_yellow_and_white_mug_in_the_microwave_and_close_it_demo/AqGksBkHsgl6Z30tGZzu6zuU6u4=.ccd78befe49900cf0f92b215f335ba150edcbd8f2cf9e1d63d6f899bb4e1d85d.incomplete'
Download complete. Moving file to /scratch/shahils/openpi/datasets/Libero-XVLA-format/libero_10/KITCHEN_SCENE6_put_the_yellow_and_white_mug_in_the_microwave_and_close_it_demo/demo_41.hdf5
Download complete. Moving file to /scratch/shahils/openpi/datasets/Libero-XVLA-format/libero_10/KITCHEN_SCENE6_put_the_yellow_and_white_mug_in_the_microwave_and_close_it_demo/demo_42.hdf5
Downloading 'libero_10/KITCHEN_SCENE6_put_the_yellow_and_white_mug_in_the_microwave_and_close_it_demo/demo_8.hdf5' to '/scratch/shahils/openpi/datasets/Libero-XVLA-format/.cache/huggingface/download/libero_10/KITCHEN_SCENE6_put_the_yellow_and_white_mug_in_the_microwave_and_close_it_demo/guTF9kyhn15zkapITNaJzvsF6SM=.a44355a9f97e8defa4560ee9dabcd809fcfb82e8d07bfffc796eaec68fb97630.incomplete'
Downloading 'libero_10/KITCHEN_SCENE6_put_the_yellow_and_white_mug_in_the_microwave_and_close_it_demo/demo_5.hdf5' to '/scratch/shahils/openpi/datasets/Libero-XVLA-format/.cache/huggingface/download/libero_10/KITCHEN_SCENE6_put_the_yellow_and_white_mug_in_the_microwave_and_close_it_demo/W103OyYBEP6E2F77F2mPmmee-xo=.f001084c57aa1c1bae7c221244a92152322351354794712ce432207bb45b26ee.incomplete'
Download complete. Moving file to /scratch/shahils/openpi/datasets/Libero-XVLA-format/libero_10/KITCHEN_SCENE6_put_the_yellow_and_white_mug_in_the_microwave_and_close_it_demo/demo_44.hdf5
Download complete. Moving file to /scratch/shahils/openpi/datasets/Libero-XVLA-format/libero_10/KITCHEN_SCENE6_put_the_yellow_and_white_mug_in_the_microwave_and_close_it_demo/demo_46.hdf5
Downloading 'libero_10/KITCHEN_SCENE8_put_both_moka_pots_on_the_stove_demo/demo_0.hdf5' to '/scratch/shahils/openpi/datasets/Libero-XVLA-format/.cache/huggingface/download/libero_10/KITCHEN_SCENE8_put_both_moka_pots_on_the_stove_demo/-SUtq2iS9pccEl-u7s03cwI-BTI=.a1bee3d557568861823e790874962ccff7ade86fbb27d29132671a5d24b6a5b3.incomplete'
Download complete. Moving file to /scratch/shahils/openpi/datasets/Libero-XVLA-format/libero_10/KITCHEN_SCENE6_put_the_yellow_and_white_mug_in_the_microwave_and_close_it_demo/demo_47.hdf5
Downloading 'libero_10/KITCHEN_SCENE6_put_the_yellow_and_white_mug_in_the_microwave_and_close_it_demo/demo_9.hdf5' to '/scratch/shahils/openpi/datasets/Libero-XVLA-format/.cache/huggingface/download/libero_10/KITCHEN_SCENE6_put_the_yellow_and_white_mug_in_the_microwave_and_close_it_demo/jlB8BvhXv_s7_AXzTNoxVPsUohM=.a3b2a9a99ba939d9343f4927b0bf67d5b05eb95b4f2b89d98096d228b78cf381.incomplete'
Downloading 'libero_10/KITCHEN_SCENE8_put_both_moka_pots_on_the_stove_demo/demo_10.hdf5' to '/scratch/shahils/openpi/datasets/Libero-XVLA-format/.cache/huggingface/download/libero_10/KITCHEN_SCENE8_put_both_moka_pots_on_the_stove_demo/qIanSg8lEEhbjgh5TfQXC9aObEA=.364928db8136eb0b330ad1d06d0fea02a919d50d0833323b6510efe5ccfb51cf.incomplete'
Download complete. Moving file to /scratch/shahils/openpi/datasets/Libero-XVLA-format/libero_10/KITCHEN_SCENE6_put_the_yellow_and_white_mug_in_the_microwave_and_close_it_demo/demo_40.hdf5
Fetching 5618 files:   2%|▏         | 102/5618 [00:15<15:01,  6.12it/s]Download complete. Moving file to /scratch/shahils/openpi/datasets/Libero-XVLA-format/libero_10/KITCHEN_SCENE6_put_the_yellow_and_white_mug_in_the_microwave_and_close_it_demo/demo_49.hdf5
Downloading 'libero_10/KITCHEN_SCENE8_put_both_moka_pots_on_the_stove_demo/demo_12.hdf5' to '/scratch/shahils/openpi/datasets/Libero-XVLA-format/.cache/huggingface/download/libero_10/KITCHEN_SCENE8_put_both_moka_pots_on_the_stove_demo/QDq8jLIyXUsYQbypRHAy-yw4iXg=.7f409e72c2aaae52886e3a5de0edcf5fb226e146d74d55bda992e96bc7938d99.incomplete'
Downloading 'libero_10/KITCHEN_SCENE8_put_both_moka_pots_on_the_stove_demo/demo_15.hdf5' to '/scratch/shahils/openpi/datasets/Libero-XVLA-format/.cache/huggingface/download/libero_10/KITCHEN_SCENE8_put_both_moka_pots_on_the_stove_demo/iCPyddSLzII7wzJLY_yWK4NQfdE=.03d51f08e44024d23f018ab1c8249409c7462afbb785abb877bd46753db4c5c8.incomplete'
Download complete. Moving file to /scratch/shahils/openpi/datasets/Libero-XVLA-format/libero_10/KITCHEN_SCENE6_put_the_yellow_and_white_mug_in_the_microwave_and_close_it_demo/demo_9.hdf5
Download complete. Moving file to /scratch/shahils/openpi/datasets/Libero-XVLA-format/libero_10/KITCHEN_SCENE6_put_the_yellow_and_white_mug_in_the_microwave_and_close_it_demo/demo_8.hdf5
Downloading 'libero_10/KITCHEN_SCENE8_put_both_moka_pots_on_the_stove_demo/demo_17.hdf5' to '/scratch/shahils/openpi/datasets/Libero-XVLA-format/.cache/huggingface/download/libero_10/KITCHEN_SCENE8_put_both_moka_pots_on_the_stove_demo/tdk1YGznMGt3DKeO1j0C_7zlX5E=.9607d53e287d5b17eea4d95b60e51d91c0e27a6998bb611d44d8978de4a0b5a7.incomplete'
Downloading 'libero_10/KITCHEN_SCENE8_put_both_moka_pots_on_the_stove_demo/demo_18.hdf5' to '/scratch/shahils/openpi/datasets/Libero-XVLA-format/.cache/huggingface/download/libero_10/KITCHEN_SCENE8_put_both_moka_pots_on_the_stove_demo/QKYXz1zdl3FTvUCbpq3qqjTLQU0=.4de18f25302390880b5e40152a8feeeda98685f855a22e5302b0993f064f3281.incomplete'
Download complete. Moving file to /scratch/shahils/openpi/datasets/Libero-XVLA-format/libero_10/KITCHEN_SCENE8_put_both_moka_pots_on_the_stove_demo/demo_10.hdf5
Download complete. Moving file to /scratch/shahils/openpi/datasets/Libero-XVLA-format/libero_10/KITCHEN_SCENE6_put_the_yellow_and_white_mug_in_the_microwave_and_close_it_demo/demo_48.hdf5
Fetching 5618 files:   2%|▏         | 108/5618 [00:16<14:26,  6.36it/s]Downloading 'libero_10/KITCHEN_SCENE8_put_both_moka_pots_on_the_stove_demo/demo_2.hdf5' to '/scratch/shahils/openpi/datasets/Libero-XVLA-format/.cache/huggingface/download/libero_10/KITCHEN_SCENE8_put_both_moka_pots_on_the_stove_demo/3og14UMK8OhFZ5TnH3yoVefIegk=.fb006b6a2f2a47fcb0ee635584ba6aab13609f5521ab6cb0d08e2635750d67da.incomplete'
Download complete. Moving file to /scratch/shahils/openpi/datasets/Libero-XVLA-format/libero_10/KITCHEN_SCENE8_put_both_moka_pots_on_the_stove_demo/demo_12.hdf5
Downloading 'libero_10/KITCHEN_SCENE8_put_both_moka_pots_on_the_stove_demo/demo_20.hdf5' to '/scratch/shahils/openpi/datasets/Libero-XVLA-format/.cache/huggingface/download/libero_10/KITCHEN_SCENE8_put_both_moka_pots_on_the_stove_demo/YKCRkR71roKkdVB7ct5LRhgdm0w=.e6e0d5921d8d0fac38e0cbf2862c147ca2a05bbfbf524037012e6f1ce2ebecc8.incomplete'
Download complete. Moving file to /scratch/shahils/openpi/datasets/Libero-XVLA-format/libero_10/KITCHEN_SCENE6_put_the_yellow_and_white_mug_in_the_microwave_and_close_it_demo/demo_5.hdf5
Fetching 5618 files:   2%|▏         | 110/5618 [00:16<12:42,  7.22it/s]Downloading 'libero_10/KITCHEN_SCENE8_put_both_moka_pots_on_the_stove_demo/demo_22.hdf5' to '/scratch/shahils/openpi/datasets/Libero-XVLA-format/.cache/huggingface/download/libero_10/KITCHEN_SCENE8_put_both_moka_pots_on_the_stove_demo/gWwjSkl0yFcWGaeq6CAzkhpO2D0=.ba2e6f7b0b03255541edfd9780bc7772bed94b22756e83b5243dd90fa828d6f8.incomplete'
Download complete. Moving file to /scratch/shahils/openpi/datasets/Libero-XVLA-format/libero_10/KITCHEN_SCENE8_put_both_moka_pots_on_the_stove_demo/demo_15.hdf5
Downloading 'libero_10/KITCHEN_SCENE8_put_both_moka_pots_on_the_stove_demo/demo_21.hdf5' to '/scratch/shahils/openpi/datasets/Libero-XVLA-format/.cache/huggingface/download/libero_10/KITCHEN_SCENE8_put_both_moka_pots_on_the_stove_demo/3K3Z_y4mvKjZ0errTbFxkBfVJTk=.3e8f7753a1a5074f2ab3a233e9b23515660850823dbedaa8f5e44e81c4524e89.incomplete'
Download complete. Moving file to /scratch/shahils/openpi/datasets/Libero-XVLA-format/libero_10/KITCHEN_SCENE8_put_both_moka_pots_on_the_stove_demo/demo_0.hdf5
Downloading 'libero_10/KITCHEN_SCENE8_put_both_moka_pots_on_the_stove_demo/demo_23.hdf5' to '/scratch/shahils/openpi/datasets/Libero-XVLA-format/.cache/huggingface/download/libero_10/KITCHEN_SCENE8_put_both_moka_pots_on_the_stove_demo/yzE0FOLSaNlQiGR555_6tIW-62E=.875a4f2c48fb68deb816a994cb7c5bc2a56f4835480b23d1d2d2a6fec6177d60.incomplete'
Fetching 5618 files:   2%|▏         | 113/5618 [00:16<12:02,  7.62it/s]Downloading 'libero_10/KITCHEN_SCENE8_put_both_moka_pots_on_the_stove_demo/demo_25.hdf5' to '/scratch/shahils/openpi/datasets/Libero-XVLA-format/.cache/huggingface/download/libero_10/KITCHEN_SCENE8_put_both_moka_pots_on_the_stove_demo/6Z-wCyJKscsJ4FI7YAMP-Ecsv0g=.cc8b4da465e6ac6b07c7355d7728bd298a9f65b07e63d557ae8781d258f9cae6.incomplete'
Download complete. Moving file to /scratch/shahils/openpi/datasets/Libero-XVLA-format/libero_10/KITCHEN_SCENE8_put_both_moka_pots_on_the_stove_demo/demo_17.hdf5
Fetching 5618 files:   2%|▏         | 117/5618 [00:17<10:21,  8.85it/s]Download complete. Moving file to /scratch/shahils/openpi/datasets/Libero-XVLA-format/libero_10/KITCHEN_SCENE8_put_both_moka_pots_on_the_stove_demo/demo_2.hdf5
Downloading 'libero_10/KITCHEN_SCENE8_put_both_moka_pots_on_the_stove_demo/demo_26.hdf5' to '/scratch/shahils/openpi/datasets/Libero-XVLA-format/.cache/huggingface/download/libero_10/KITCHEN_SCENE8_put_both_moka_pots_on_the_stove_demo/D0Sfp77Lbsw-ire7S06x4EHBIz8=.76ae906a573561b5d0a7d8787a5158c0e9372cccc28bcf64b1a6de993a5606e7.incomplete'
Download complete. Moving file to /scratch/shahils/openpi/datasets/Libero-XVLA-format/libero_10/KITCHEN_SCENE8_put_both_moka_pots_on_the_stove_demo/demo_18.hdf5
Fetching 5618 files:   2%|▏         | 119/5618 [00:17<09:55,  9.23it/s]Downloading 'libero_10/KITCHEN_SCENE8_put_both_moka_pots_on_the_stove_demo/demo_27.hdf5' to '/scratch/shahils/openpi/datasets/Libero-XVLA-format/.cache/huggingface/download/libero_10/KITCHEN_SCENE8_put_both_moka_pots_on_the_stove_demo/awW9_RZm5u75nVXyr7-Wt87ouRY=.ae0b9f1b8512a1ff3ee1b3eb49b2346c1b8dd739092be8f60dcc47563db48c37.incomplete'
Download complete. Moving file to /scratch/shahils/openpi/datasets/Libero-XVLA-format/libero_10/KITCHEN_SCENE8_put_both_moka_pots_on_the_stove_demo/demo_20.hdf5
Downloading 'libero_10/KITCHEN_SCENE8_put_both_moka_pots_on_the_stove_demo/demo_28.hdf5' to '/scratch/shahils/openpi/datasets/Libero-XVLA-format/.cache/huggingface/download/libero_10/KITCHEN_SCENE8_put_both_moka_pots_on_the_stove_demo/oCHBOAFNGVGg80mwaTp2RsvSXNo=.b3e9bbccccf4b659969c16f214b3ca4271313d00e13cb4bf42bc38c149d7ba20.incomplete'
Downloading 'libero_10/KITCHEN_SCENE8_put_both_moka_pots_on_the_stove_demo/demo_29.hdf5' to '/scratch/shahils/openpi/datasets/Libero-XVLA-format/.cache/huggingface/download/libero_10/KITCHEN_SCENE8_put_both_moka_pots_on_the_stove_demo/yAz0xkAEzHO3nJc6fbf1lm5EA4A=.ab32f2229707ed0a5cbb83a313da20f2940709bdd9dcd4102f626ab41241c0fc.incomplete'
Download complete. Moving file to /scratch/shahils/openpi/datasets/Libero-XVLA-format/libero_10/KITCHEN_SCENE8_put_both_moka_pots_on_the_stove_demo/demo_22.hdf5
Downloading 'libero_10/KITCHEN_SCENE8_put_both_moka_pots_on_the_stove_demo/demo_31.hdf5' to '/scratch/shahils/openpi/datasets/Libero-XVLA-format/.cache/huggingface/download/libero_10/KITCHEN_SCENE8_put_both_moka_pots_on_the_stove_demo/NBPPmp9ufBi0WLlkvdO6oSjfcDw=.a572db6910e1c0e67143c6fccf8ff0e4b0467f88e3213901da6f0115ac156e69.incomplete'
Download complete. Moving file to /scratch/shahils/openpi/datasets/Libero-XVLA-format/libero_10/KITCHEN_SCENE8_put_both_moka_pots_on_the_stove_demo/demo_23.hdf5
Downloading 'libero_10/KITCHEN_SCENE8_put_both_moka_pots_on_the_stove_demo/demo_37.hdf5' to '/scratch/shahils/openpi/datasets/Libero-XVLA-format/.cache/huggingface/download/libero_10/KITCHEN_SCENE8_put_both_moka_pots_on_the_stove_demo/six54jnBxEIwvnS7MaIA-ysQ7ww=.04c32cdd48f5736adce32fc23274aca67caa24f36cc2d2dd08766e4a449d9a8f.incomplete'
Download complete. Moving file to /scratch/shahils/openpi/datasets/Libero-XVLA-format/libero_10/KITCHEN_SCENE8_put_both_moka_pots_on_the_stove_demo/demo_21.hdf5
Fetching 5618 files:   2%|▏         | 121/5618 [00:18<15:54,  5.76it/s]Download complete. Moving file to /scratch/shahils/openpi/datasets/Libero-XVLA-format/libero_10/KITCHEN_SCENE8_put_both_moka_pots_on_the_stove_demo/demo_25.hdf5
Download complete. Moving file to /scratch/shahils/openpi/datasets/Libero-XVLA-format/libero_10/KITCHEN_SCENE8_put_both_moka_pots_on_the_stove_demo/demo_27.hdf5
Downloading 'libero_10/KITCHEN_SCENE8_put_both_moka_pots_on_the_stove_demo/demo_39.hdf5' to '/scratch/shahils/openpi/datasets/Libero-XVLA-format/.cache/huggingface/download/libero_10/KITCHEN_SCENE8_put_both_moka_pots_on_the_stove_demo/uc2s1qxkrQQuSk7uhnI17Kpq7so=.106dfbaf2e439564f29f436a2d9c016193360c2b24c9ae3c28c097a5497ed695.incomplete'
Downloading 'libero_10/KITCHEN_SCENE8_put_both_moka_pots_on_the_stove_demo/demo_4.hdf5' to '/scratch/shahils/openpi/datasets/Libero-XVLA-format/.cache/huggingface/download/libero_10/KITCHEN_SCENE8_put_both_moka_pots_on_the_stove_demo/ipuk287oYmp9DTR1pceb2mWz1L8=.6f159bacccaa9c95a6c6559560e6def48af1df8683b17917250c2ef1b2153314.incomplete'
Download complete. Moving file to /scratch/shahils/openpi/datasets/Libero-XVLA-format/libero_10/KITCHEN_SCENE8_put_both_moka_pots_on_the_stove_demo/demo_26.hdf5
Fetching 5618 files:   2%|▏         | 125/5618 [00:18<11:27,  7.99it/s]Downloading 'libero_10/KITCHEN_SCENE8_put_both_moka_pots_on_the_stove_demo/demo_40.hdf5' to '/scratch/shahils/openpi/datasets/Libero-XVLA-format/.cache/huggingface/download/libero_10/KITCHEN_SCENE8_put_both_moka_pots_on_the_stove_demo/gbqCG95rgl4AbHbeFAAh6X4b9_0=.1967d62dc0cff0f9f51bccf253e3d692cee3be8d744e21d734e7ae2bf9b39121.incomplete'
Download complete. Moving file to /scratch/shahils/openpi/datasets/Libero-XVLA-format/libero_10/KITCHEN_SCENE8_put_both_moka_pots_on_the_stove_demo/demo_29.hdf5
Download complete. Moving file to /scratch/shahils/openpi/datasets/Libero-XVLA-format/libero_10/KITCHEN_SCENE8_put_both_moka_pots_on_the_stove_demo/demo_31.hdf5
Downloading 'libero_10/KITCHEN_SCENE8_put_both_moka_pots_on_the_stove_demo/demo_42.hdf5' to '/scratch/shahils/openpi/datasets/Libero-XVLA-format/.cache/huggingface/download/libero_10/KITCHEN_SCENE8_put_both_moka_pots_on_the_stove_demo/aG9SsDqjtm7eJlBwavK1b1oF2A0=.9dc9e70df4d36c70d11dfe84584145a59952aa82e5c4696bfc32ae85207b2a2e.incomplete'
Downloading 'libero_10/KITCHEN_SCENE8_put_both_moka_pots_on_the_stove_demo/demo_43.hdf5' to '/scratch/shahils/openpi/datasets/Libero-XVLA-format/.cache/huggingface/download/libero_10/KITCHEN_SCENE8_put_both_moka_pots_on_the_stove_demo/xDtfjXi1ZpcTDqx8nNxVshnvTLY=.15cb5d6a4a8b2c80aa8c40daf88465bfe7d4b26abfb9b415746c8949b603320a.incomplete'
Downloading 'libero_10/KITCHEN_SCENE8_put_both_moka_pots_on_the_stove_demo/demo_44.hdf5' to '/scratch/shahils/openpi/datasets/Libero-XVLA-format/.cache/huggingface/download/libero_10/KITCHEN_SCENE8_put_both_moka_pots_on_the_stove_demo/WSw2kAHnlOu7Sf1zW4FvtY6ae68=.60d8586540dda0dcd89f0c98c5b25e79cccdb13c61b3744ed17a85674e9efe88.incomplete'
Download complete. Moving file to /scratch/shahils/openpi/datasets/Libero-XVLA-format/libero_10/KITCHEN_SCENE8_put_both_moka_pots_on_the_stove_demo/demo_37.hdf5
Downloading 'libero_10/KITCHEN_SCENE8_put_both_moka_pots_on_the_stove_demo/demo_45.hdf5' to '/scratch/shahils/openpi/datasets/Libero-XVLA-format/.cache/huggingface/download/libero_10/KITCHEN_SCENE8_put_both_moka_pots_on_the_stove_demo/UJk1zjgo-NhoaRnOwcI5hlYGES8=.2b4faf454e9ae57b97f8528d7a7b1838ed21d210c824ef299ffe64fb464af013.incomplete'
Download complete. Moving file to /scratch/shahils/openpi/datasets/Libero-XVLA-format/libero_10/KITCHEN_SCENE8_put_both_moka_pots_on_the_stove_demo/demo_4.hdf5
Download complete. Moving file to /scratch/shahils/openpi/datasets/Libero-XVLA-format/libero_10/KITCHEN_SCENE8_put_both_moka_pots_on_the_stove_demo/demo_39.hdf5
Downloading 'libero_10/KITCHEN_SCENE8_put_both_moka_pots_on_the_stove_demo/demo_46.hdf5' to '/scratch/shahils/openpi/datasets/Libero-XVLA-format/.cache/huggingface/download/libero_10/KITCHEN_SCENE8_put_both_moka_pots_on_the_stove_demo/GSFiAZuoEvbbDSjbh92wEUVAKvQ=.9b7b3228658d4628d369543a8053ece0dfde71f6e0a0afc0ae06b883867997d6.incomplete'
Downloading 'libero_10/KITCHEN_SCENE8_put_both_moka_pots_on_the_stove_demo/demo_47.hdf5' to '/scratch/shahils/openpi/datasets/Libero-XVLA-format/.cache/huggingface/download/libero_10/KITCHEN_SCENE8_put_both_moka_pots_on_the_stove_demo/WAmqMow1SHsQNkQwGt3eEQD1n68=.ef2a52e9b4be5ce54381e55763aaad7d61743524a424dd15e2603de78bb6b229.incomplete'
Download complete. Moving file to /scratch/shahils/openpi/datasets/Libero-XVLA-format/libero_10/KITCHEN_SCENE8_put_both_moka_pots_on_the_stove_demo/demo_42.hdf5
Download complete. Moving file to /scratch/shahils/openpi/datasets/Libero-XVLA-format/libero_10/KITCHEN_SCENE8_put_both_moka_pots_on_the_stove_demo/demo_44.hdf5
Downloading 'libero_10/KITCHEN_SCENE8_put_both_moka_pots_on_the_stove_demo/demo_6.hdf5' to '/scratch/shahils/openpi/datasets/Libero-XVLA-format/.cache/huggingface/download/libero_10/KITCHEN_SCENE8_put_both_moka_pots_on_the_stove_demo/Wr6ZPoJs4sFIJWzyWVAnWCPbWzA=.fdedf601caceba94572eebf7a7533a4566abb8625a16fe9844e55a06d8bdd150.incomplete'
Downloading 'libero_10/KITCHEN_SCENE8_put_both_moka_pots_on_the_stove_demo/demo_8.hdf5' to '/scratch/shahils/openpi/datasets/Libero-XVLA-format/.cache/huggingface/download/libero_10/KITCHEN_SCENE8_put_both_moka_pots_on_the_stove_demo/guTF9kyhn15zkapITNaJzvsF6SM=.add3dc625d32f979bc1af2dee693104995a769c6d08dacf48b3bcb92ad104239.incomplete'
Download complete. Moving file to /scratch/shahils/openpi/datasets/Libero-XVLA-format/libero_10/KITCHEN_SCENE8_put_both_moka_pots_on_the_stove_demo/demo_28.hdf5
Fetching 5618 files:   2%|▏         | 127/5618 [00:19<21:58,  4.17it/s]Download complete. Moving file to /scratch/shahils/openpi/datasets/Libero-XVLA-format/libero_10/KITCHEN_SCENE8_put_both_moka_pots_on_the_stove_demo/demo_45.hdf5
Downloading 'libero_10/KITCHEN_SCENE8_put_both_moka_pots_on_the_stove_demo/demo_9.hdf5' to '/scratch/shahils/openpi/datasets/Libero-XVLA-format/.cache/huggingface/download/libero_10/KITCHEN_SCENE8_put_both_moka_pots_on_the_stove_demo/jlB8BvhXv_s7_AXzTNoxVPsUohM=.fd96858dfd6daadc74d25a437cde65d7cb549a6e0d142588add1f930e322e71f.incomplete'
Download complete. Moving file to /scratch/shahils/openpi/datasets/Libero-XVLA-format/libero_10/KITCHEN_SCENE8_put_both_moka_pots_on_the_stove_demo/demo_43.hdf5
Download complete. Moving file to /scratch/shahils/openpi/datasets/Libero-XVLA-format/libero_10/KITCHEN_SCENE8_put_both_moka_pots_on_the_stove_demo/demo_40.hdf5
Fetching 5618 files:   2%|▏         | 133/5618 [00:19<13:06,  6.97it/s]Downloading 'libero_10/LIVING_ROOM_SCENE1_put_both_the_alphabet_soup_and_the_cream_cheese_box_in_the_basket_demo/demo_10.hdf5' to '/scratch/shahils/openpi/datasets/Libero-XVLA-format/.cache/huggingface/download/libero_10/LIVING_ROOM_SCENE1_put_both_the_alphabet_soup_and_the_cream_cheese_box_in_the_basket_demo/qIanSg8lEEhbjgh5TfQXC9aObEA=.ded0a56087606f4b92a32731c945ed8f46a91638683bb8f28cc2bd136d6bc8de.incomplete'
Downloading 'libero_10/LIVING_ROOM_SCENE1_put_both_the_alphabet_soup_and_the_cream_cheese_box_in_the_basket_demo/demo_11.hdf5' to '/scratch/shahils/openpi/datasets/Libero-XVLA-format/.cache/huggingface/download/libero_10/LIVING_ROOM_SCENE1_put_both_the_alphabet_soup_and_the_cream_cheese_box_in_the_basket_demo/T6SmyekXmGOaXhadezMfhlRR42s=.d029e4886ba9e2ffcde999e99aa1094d384c889f92cf2c4e844629b8751fdeb4.incomplete'
Download complete. Moving file to /scratch/shahils/openpi/datasets/Libero-XVLA-format/libero_10/KITCHEN_SCENE8_put_both_moka_pots_on_the_stove_demo/demo_47.hdf5
Downloading 'libero_10/LIVING_ROOM_SCENE1_put_both_the_alphabet_soup_and_the_cream_cheese_box_in_the_basket_demo/demo_1.hdf5' to '/scratch/shahils/openpi/datasets/Libero-XVLA-format/.cache/huggingface/download/libero_10/LIVING_ROOM_SCENE1_put_both_the_alphabet_soup_and_the_cream_cheese_box_in_the_basket_demo/G-5RjmQ2_e5v-a7yjG2BYUzL9K0=.aa897545e9e7d75023b87aebc6654935204bff5e830eb6f75c479e8edf6dd252.incomplete'
Downloading 'libero_10/LIVING_ROOM_SCENE1_put_both_the_alphabet_soup_and_the_cream_cheese_box_in_the_basket_demo/demo_12.hdf5' to '/scratch/shahils/openpi/datasets/Libero-XVLA-format/.cache/huggingface/download/libero_10/LIVING_ROOM_SCENE1_put_both_the_alphabet_soup_and_the_cream_cheese_box_in_the_basket_demo/QDq8jLIyXUsYQbypRHAy-yw4iXg=.8cf38432bc5f4128012ce66d630f207323737b6a3760e6f077f250a943f85f36.incomplete'
Download complete. Moving file to /scratch/shahils/openpi/datasets/Libero-XVLA-format/libero_10/KITCHEN_SCENE8_put_both_moka_pots_on_the_stove_demo/demo_6.hdf5
Downloading 'libero_10/LIVING_ROOM_SCENE1_put_both_the_alphabet_soup_and_the_cream_cheese_box_in_the_basket_demo/demo_13.hdf5' to '/scratch/shahils/openpi/datasets/Libero-XVLA-format/.cache/huggingface/download/libero_10/LIVING_ROOM_SCENE1_put_both_the_alphabet_soup_and_the_cream_cheese_box_in_the_basket_demo/NkkCokoXhiuvGb16sv2kt7AnL2k=.d6548581dbf7fd0971211fe88e86a55379732afa77a3855bbc7b1771aef74d2e.incomplete'
Download complete. Moving file to /scratch/shahils/openpi/datasets/Libero-XVLA-format/libero_10/KITCHEN_SCENE8_put_both_moka_pots_on_the_stove_demo/demo_9.hdf5
Download complete. Moving file to /scratch/shahils/openpi/datasets/Libero-XVLA-format/libero_10/KITCHEN_SCENE8_put_both_moka_pots_on_the_stove_demo/demo_46.hdf5
Fetching 5618 files:   2%|▏         | 138/5618 [00:20<13:58,  6.54it/s]Download complete. Moving file to /scratch/shahils/openpi/datasets/Libero-XVLA-format/libero_10/KITCHEN_SCENE8_put_both_moka_pots_on_the_stove_demo/demo_8.hdf5
Downloading 'libero_10/LIVING_ROOM_SCENE1_put_both_the_alphabet_soup_and_the_cream_cheese_box_in_the_basket_demo/demo_14.hdf5' to '/scratch/shahils/openpi/datasets/Libero-XVLA-format/.cache/huggingface/download/libero_10/LIVING_ROOM_SCENE1_put_both_the_alphabet_soup_and_the_cream_cheese_box_in_the_basket_demo/neGPYLrCEkbENyyrDK-tLEwet5Q=.3846a4196e771e8b810fea2c98ed4dc38b3fdd5d44cca5b53b2d41a5b4356856.incomplete'
Download complete. Moving file to /scratch/shahils/openpi/datasets/Libero-XVLA-format/libero_10/LIVING_ROOM_SCENE1_put_both_the_alphabet_soup_and_the_cream_cheese_box_in_the_basket_demo/demo_10.hdf5
Downloading 'libero_10/LIVING_ROOM_SCENE1_put_both_the_alphabet_soup_and_the_cream_cheese_box_in_the_basket_demo/demo_15.hdf5' to '/scratch/shahils/openpi/datasets/Libero-XVLA-format/.cache/huggingface/download/libero_10/LIVING_ROOM_SCENE1_put_both_the_alphabet_soup_and_the_cream_cheese_box_in_the_basket_demo/iCPyddSLzII7wzJLY_yWK4NQfdE=.7fcf21be243989f99f78ba677bb7811957e089221469bef199ebbf76f66512b1.incomplete'
Downloading 'libero_10/LIVING_ROOM_SCENE1_put_both_the_alphabet_soup_and_the_cream_cheese_box_in_the_basket_demo/demo_16.hdf5' to '/scratch/shahils/openpi/datasets/Libero-XVLA-format/.cache/huggingface/download/libero_10/LIVING_ROOM_SCENE1_put_both_the_alphabet_soup_and_the_cream_cheese_box_in_the_basket_demo/s1llPhM4ziSOsExqdg76GXM5fSI=.2199a3fdcba04bcee3ff2777ef90b6b5544ffd5a7e3fbc1f82702679b96f4a19.incomplete'
Download complete. Moving file to /scratch/shahils/openpi/datasets/Libero-XVLA-format/libero_10/LIVING_ROOM_SCENE1_put_both_the_alphabet_soup_and_the_cream_cheese_box_in_the_basket_demo/demo_1.hdf5
Fetching 5618 files:   3%|▎         | 143/5618 [00:20<10:13,  8.92it/s]Downloading 'libero_10/LIVING_ROOM_SCENE1_put_both_the_alphabet_soup_and_the_cream_cheese_box_in_the_basket_demo/demo_17.hdf5' to '/scratch/shahils/openpi/datasets/Libero-XVLA-format/.cache/huggingface/download/libero_10/LIVING_ROOM_SCENE1_put_both_the_alphabet_soup_and_the_cream_cheese_box_in_the_basket_demo/tdk1YGznMGt3DKeO1j0C_7zlX5E=.1fbe149c3fa818d7cfa7d97ecd37c38358d26da23c6647e47672879dd6f2a2b5.incomplete'
Download complete. Moving file to /scratch/shahils/openpi/datasets/Libero-XVLA-format/libero_10/LIVING_ROOM_SCENE1_put_both_the_alphabet_soup_and_the_cream_cheese_box_in_the_basket_demo/demo_11.hdf5
Downloading 'libero_10/LIVING_ROOM_SCENE1_put_both_the_alphabet_soup_and_the_cream_cheese_box_in_the_basket_demo/demo_18.hdf5' to '/scratch/shahils/openpi/datasets/Libero-XVLA-format/.cache/huggingface/download/libero_10/LIVING_ROOM_SCENE1_put_both_the_alphabet_soup_and_the_cream_cheese_box_in_the_basket_demo/QKYXz1zdl3FTvUCbpq3qqjTLQU0=.182149e04a90fce091c80ae20f6521b5a25642771483b3995f3612721b8d20b2.incomplete'
Fetching 5618 files:   3%|▎         | 145/5618 [00:20<09:28,  9.62it/s]Download complete. Moving file to /scratch/shahils/openpi/datasets/Libero-XVLA-format/libero_10/LIVING_ROOM_SCENE1_put_both_the_alphabet_soup_and_the_cream_cheese_box_in_the_basket_demo/demo_13.hdf5
Downloading 'libero_10/LIVING_ROOM_SCENE1_put_both_the_alphabet_soup_and_the_cream_cheese_box_in_the_basket_demo/demo_19.hdf5' to '/scratch/shahils/openpi/datasets/Libero-XVLA-format/.cache/huggingface/download/libero_10/LIVING_ROOM_SCENE1_put_both_the_alphabet_soup_and_the_cream_cheese_box_in_the_basket_demo/6xBKWCyw0SdK7vupOIeue6KcRJQ=.228250c3e79a3f30db4d305cbadef0e489a6177977c00033bd1d0790d8a6a165.incomplete'
Downloading 'libero_10/LIVING_ROOM_SCENE1_put_both_the_alphabet_soup_and_the_cream_cheese_box_in_the_basket_demo/demo_2.hdf5' to '/scratch/shahils/openpi/datasets/Libero-XVLA-format/.cache/huggingface/download/libero_10/LIVING_ROOM_SCENE1_put_both_the_alphabet_soup_and_the_cream_cheese_box_in_the_basket_demo/3og14UMK8OhFZ5TnH3yoVefIegk=.42434e959c5c30cf672090e22df5aa134bfbd52172acd04b0a492ac3819c833c.incomplete'
Download complete. Moving file to /scratch/shahils/openpi/datasets/Libero-XVLA-format/libero_10/LIVING_ROOM_SCENE1_put_both_the_alphabet_soup_and_the_cream_cheese_box_in_the_basket_demo/demo_12.hdf5
Fetching 5618 files:   3%|▎         | 147/5618 [00:21<10:01,  9.10it/s]Downloading 'libero_10/LIVING_ROOM_SCENE1_put_both_the_alphabet_soup_and_the_cream_cheese_box_in_the_basket_demo/demo_20.hdf5' to '/scratch/shahils/openpi/datasets/Libero-XVLA-format/.cache/huggingface/download/libero_10/LIVING_ROOM_SCENE1_put_both_the_alphabet_soup_and_the_cream_cheese_box_in_the_basket_demo/YKCRkR71roKkdVB7ct5LRhgdm0w=.8724159c644e0827527e4759803577b6f0c425093c1fda0c17a438e6927a799b.incomplete'
Download complete. Moving file to /scratch/shahils/openpi/datasets/Libero-XVLA-format/libero_10/LIVING_ROOM_SCENE1_put_both_the_alphabet_soup_and_the_cream_cheese_box_in_the_basket_demo/demo_14.hdf5
Download complete. Moving file to /scratch/shahils/openpi/datasets/Libero-XVLA-format/libero_10/LIVING_ROOM_SCENE1_put_both_the_alphabet_soup_and_the_cream_cheese_box_in_the_basket_demo/demo_16.hdf5
Downloading 'libero_10/LIVING_ROOM_SCENE1_put_both_the_alphabet_soup_and_the_cream_cheese_box_in_the_basket_demo/demo_21.hdf5' to '/scratch/shahils/openpi/datasets/Libero-XVLA-format/.cache/huggingface/download/libero_10/LIVING_ROOM_SCENE1_put_both_the_alphabet_soup_and_the_cream_cheese_box_in_the_basket_demo/3K3Z_y4mvKjZ0errTbFxkBfVJTk=.c89011df9cbecb4560ced05a9f914cd94597e4d8bb86a94b1958bc8eb87061b5.incomplete'
Downloading 'libero_10/LIVING_ROOM_SCENE1_put_both_the_alphabet_soup_and_the_cream_cheese_box_in_the_basket_demo/demo_22.hdf5' to '/scratch/shahils/openpi/datasets/Libero-XVLA-format/.cache/huggingface/download/libero_10/LIVING_ROOM_SCENE1_put_both_the_alphabet_soup_and_the_cream_cheese_box_in_the_basket_demo/gWwjSkl0yFcWGaeq6CAzkhpO2D0=.21c351bdb6816350558a4a83cab1430345621e8d87560568d4803ac71f07c948.incomplete'
Download complete. Moving file to /scratch/shahils/openpi/datasets/Libero-XVLA-format/libero_10/LIVING_ROOM_SCENE1_put_both_the_alphabet_soup_and_the_cream_cheese_box_in_the_basket_demo/demo_17.hdf5
Download complete. Moving file to /scratch/shahils/openpi/datasets/Libero-XVLA-format/libero_10/LIVING_ROOM_SCENE1_put_both_the_alphabet_soup_and_the_cream_cheese_box_in_the_basket_demo/demo_15.hdf5
Fetching 5618 files:   3%|▎         | 149/5618 [00:21<11:41,  7.80it/s]Download complete. Moving file to /scratch/shahils/openpi/datasets/Libero-XVLA-format/libero_10/LIVING_ROOM_SCENE1_put_both_the_alphabet_soup_and_the_cream_cheese_box_in_the_basket_demo/demo_18.hdf5
Downloading 'libero_10/LIVING_ROOM_SCENE1_put_both_the_alphabet_soup_and_the_cream_cheese_box_in_the_basket_demo/demo_23.hdf5' to '/scratch/shahils/openpi/datasets/Libero-XVLA-format/.cache/huggingface/download/libero_10/LIVING_ROOM_SCENE1_put_both_the_alphabet_soup_and_the_cream_cheese_box_in_the_basket_demo/yzE0FOLSaNlQiGR555_6tIW-62E=.67075181b913b4ffd350669ab6a599bf797d471972d9984175395322d6794970.incomplete'
Downloading 'libero_10/LIVING_ROOM_SCENE1_put_both_the_alphabet_soup_and_the_cream_cheese_box_in_the_basket_demo/demo_25.hdf5' to '/scratch/shahils/openpi/datasets/Libero-XVLA-format/.cache/huggingface/download/libero_10/LIVING_ROOM_SCENE1_put_both_the_alphabet_soup_and_the_cream_cheese_box_in_the_basket_demo/6Z-wCyJKscsJ4FI7YAMP-Ecsv0g=.1051ea5fe01cd3be9f680016d00f69cf70793e91da95e82c5f044d4f68c5c65d.incomplete'
Downloading 'libero_10/LIVING_ROOM_SCENE1_put_both_the_alphabet_soup_and_the_cream_cheese_box_in_the_basket_demo/demo_26.hdf5' to '/scratch/shahils/openpi/datasets/Libero-XVLA-format/.cache/huggingface/download/libero_10/LIVING_ROOM_SCENE1_put_both_the_alphabet_soup_and_the_cream_cheese_box_in_the_basket_demo/D0Sfp77Lbsw-ire7S06x4EHBIz8=.111c0ff0d56765b8b6ad24d11b23e9251fc6f8879368c65af269daf608bc4f05.incomplete'
Download complete. Moving file to /scratch/shahils/openpi/datasets/Libero-XVLA-format/libero_10/LIVING_ROOM_SCENE1_put_both_the_alphabet_soup_and_the_cream_cheese_box_in_the_basket_demo/demo_2.hdf5
Download complete. Moving file to /scratch/shahils/openpi/datasets/Libero-XVLA-format/libero_10/LIVING_ROOM_SCENE1_put_both_the_alphabet_soup_and_the_cream_cheese_box_in_the_basket_demo/demo_19.hdf5
Downloading 'libero_10/LIVING_ROOM_SCENE1_put_both_the_alphabet_soup_and_the_cream_cheese_box_in_the_basket_demo/demo_28.hdf5' to '/scratch/shahils/openpi/datasets/Libero-XVLA-format/.cache/huggingface/download/libero_10/LIVING_ROOM_SCENE1_put_both_the_alphabet_soup_and_the_cream_cheese_box_in_the_basket_demo/oCHBOAFNGVGg80mwaTp2RsvSXNo=.4f8773c1d2f0093d251abc46c0bad77dbf4baacdad63b926115e6b8f0ca35794.incomplete'
Fetching 5618 files:   3%|▎         | 153/5618 [00:21<09:50,  9.26it/s]Download complete. Moving file to /scratch/shahils/openpi/datasets/Libero-XVLA-format/libero_10/LIVING_ROOM_SCENE1_put_both_the_alphabet_soup_and_the_cream_cheese_box_in_the_basket_demo/demo_20.hdf5
Fetching 5618 files:   3%|▎         | 155/5618 [00:22<09:27,  9.62it/s]Download complete. Moving file to /scratch/shahils/openpi/datasets/Libero-XVLA-format/libero_10/LIVING_ROOM_SCENE1_put_both_the_alphabet_soup_and_the_cream_cheese_box_in_the_basket_demo/demo_22.hdf5
Downloading 'libero_10/LIVING_ROOM_SCENE1_put_both_the_alphabet_soup_and_the_cream_cheese_box_in_the_basket_demo/demo_3.hdf5' to '/scratch/shahils/openpi/datasets/Libero-XVLA-format/.cache/huggingface/download/libero_10/LIVING_ROOM_SCENE1_put_both_the_alphabet_soup_and_the_cream_cheese_box_in_the_basket_demo/kDPYMwpDbb0UmDre7lwzbkhjc_A=.d1b52cc5b79b94d8f1e2534e090b1d365124cbf602fbdb5ceb23231254d023a5.incomplete'
Downloading 'libero_10/LIVING_ROOM_SCENE1_put_both_the_alphabet_soup_and_the_cream_cheese_box_in_the_basket_demo/demo_29.hdf5' to '/scratch/shahils/openpi/datasets/Libero-XVLA-format/.cache/huggingface/download/libero_10/LIVING_ROOM_SCENE1_put_both_the_alphabet_soup_and_the_cream_cheese_box_in_the_basket_demo/yAz0xkAEzHO3nJc6fbf1lm5EA4A=.e68f2fa9143b0f42464dc40996594075e23923530b765e245817a40ffd58cb9a.incomplete'
Downloading 'libero_10/LIVING_ROOM_SCENE1_put_both_the_alphabet_soup_and_the_cream_cheese_box_in_the_basket_demo/demo_30.hdf5' to '/scratch/shahils/openpi/datasets/Libero-XVLA-format/.cache/huggingface/download/libero_10/LIVING_ROOM_SCENE1_put_both_the_alphabet_soup_and_the_cream_cheese_box_in_the_basket_demo/5eZjcC9Xnjg2nGdXeYCieWD8ndg=.795f1f8748169b9913bb28a8240241b751d3063bcb6bc30df8f497ab3cf7751d.incomplete'
Download complete. Moving file to /scratch/shahils/openpi/datasets/Libero-XVLA-format/libero_10/LIVING_ROOM_SCENE1_put_both_the_alphabet_soup_and_the_cream_cheese_box_in_the_basket_demo/demo_25.hdf5
Downloading 'libero_10/LIVING_ROOM_SCENE1_put_both_the_alphabet_soup_and_the_cream_cheese_box_in_the_basket_demo/demo_31.hdf5' to '/scratch/shahils/openpi/datasets/Libero-XVLA-format/.cache/huggingface/download/libero_10/LIVING_ROOM_SCENE1_put_both_the_alphabet_soup_and_the_cream_cheese_box_in_the_basket_demo/NBPPmp9ufBi0WLlkvdO6oSjfcDw=.ce61d6fbca456e577e8b5661402ae688d081f26ad343a643434fc2bb083c1ae6.incomplete'
Download complete. Moving file to /scratch/shahils/openpi/datasets/Libero-XVLA-format/libero_10/LIVING_ROOM_SCENE1_put_both_the_alphabet_soup_and_the_cream_cheese_box_in_the_basket_demo/demo_26.hdf5
Download complete. Moving file to /scratch/shahils/openpi/datasets/Libero-XVLA-format/libero_10/LIVING_ROOM_SCENE1_put_both_the_alphabet_soup_and_the_cream_cheese_box_in_the_basket_demo/demo_23.hdf5
Download complete. Moving file to /scratch/shahils/openpi/datasets/Libero-XVLA-format/libero_10/LIVING_ROOM_SCENE1_put_both_the_alphabet_soup_and_the_cream_cheese_box_in_the_basket_demo/demo_21.hdf5
Fetching 5618 files:   3%|▎         | 157/5618 [00:22<13:34,  6.70it/s]Downloading 'libero_10/LIVING_ROOM_SCENE1_put_both_the_alphabet_soup_and_the_cream_cheese_box_in_the_basket_demo/demo_32.hdf5' to '/scratch/shahils/openpi/datasets/Libero-XVLA-format/.cache/huggingface/download/libero_10/LIVING_ROOM_SCENE1_put_both_the_alphabet_soup_and_the_cream_cheese_box_in_the_basket_demo/W47I1m5ZiJ5j1VB8WAfsa1kZ3jg=.7756d8eb626ce72e7767664366eed682cd544f20b70bbe969306c6bd42d1bbfb.incomplete'
Downloading 'libero_10/LIVING_ROOM_SCENE1_put_both_the_alphabet_soup_and_the_cream_cheese_box_in_the_basket_demo/demo_33.hdf5' to '/scratch/shahils/openpi/datasets/Libero-XVLA-format/.cache/huggingface/download/libero_10/LIVING_ROOM_SCENE1_put_both_the_alphabet_soup_and_the_cream_cheese_box_in_the_basket_demo/71dKVjNemPYFufIxiL0NslgkHZ4=.a691fc30b72ab41579cdada0a9ce6bb485f370f63e3a1c5a23f1d91647d21e2d.incomplete'
Download complete. Moving file to /scratch/shahils/openpi/datasets/Libero-XVLA-format/libero_10/LIVING_ROOM_SCENE1_put_both_the_alphabet_soup_and_the_cream_cheese_box_in_the_basket_demo/demo_28.hdf5
Downloading 'libero_10/LIVING_ROOM_SCENE1_put_both_the_alphabet_soup_and_the_cream_cheese_box_in_the_basket_demo/demo_34.hdf5' to '/scratch/shahils/openpi/datasets/Libero-XVLA-format/.cache/huggingface/download/libero_10/LIVING_ROOM_SCENE1_put_both_the_alphabet_soup_and_the_cream_cheese_box_in_the_basket_demo/XvqvOhPRR_plUN0huKWrYYYqQso=.e9897c32bf3d13564e6d66a184fee373a368458fe138654377aa32de8d675e6d.incomplete'
Download complete. Moving file to /scratch/shahils/openpi/datasets/Libero-XVLA-format/libero_10/LIVING_ROOM_SCENE1_put_both_the_alphabet_soup_and_the_cream_cheese_box_in_the_basket_demo/demo_29.hdf5
Downloading 'libero_10/LIVING_ROOM_SCENE1_put_both_the_alphabet_soup_and_the_cream_cheese_box_in_the_basket_demo/demo_35.hdf5' to '/scratch/shahils/openpi/datasets/Libero-XVLA-format/.cache/huggingface/download/libero_10/LIVING_ROOM_SCENE1_put_both_the_alphabet_soup_and_the_cream_cheese_box_in_the_basket_demo/puxvedngqel9iesOxTa00onBNow=.d982f9910929e8e035ec1bbde3cdf458cd8df81bd0535a231ac029c9c3cc1a0a.incomplete'
Fetching 5618 files:   3%|▎         | 162/5618 [00:22<08:54, 10.20it/s]Downloading 'libero_10/LIVING_ROOM_SCENE1_put_both_the_alphabet_soup_and_the_cream_cheese_box_in_the_basket_demo/demo_36.hdf5' to '/scratch/shahils/openpi/datasets/Libero-XVLA-format/.cache/huggingface/download/libero_10/LIVING_ROOM_SCENE1_put_both_the_alphabet_soup_and_the_cream_cheese_box_in_the_basket_demo/0t-nm1J8m0Aumq16uzFp8HaSrqk=.eaec394e486e39f2951cabec29b2f4c0afeb3074e4e6198ccf1bf5bd03a50010.incomplete'
Download complete. Moving file to /scratch/shahils/openpi/datasets/Libero-XVLA-format/libero_10/LIVING_ROOM_SCENE1_put_both_the_alphabet_soup_and_the_cream_cheese_box_in_the_basket_demo/demo_3.hdf5
Downloading 'libero_10/LIVING_ROOM_SCENE1_put_both_the_alphabet_soup_and_the_cream_cheese_box_in_the_basket_demo/demo_38.hdf5' to '/scratch/shahils/openpi/datasets/Libero-XVLA-format/.cache/huggingface/download/libero_10/LIVING_ROOM_SCENE1_put_both_the_alphabet_soup_and_the_cream_cheese_box_in_the_basket_demo/FvVDF7ms8p6TQEbfo1o-dhDgGUo=.e0c5f05d7948d6d0bc2526eea9fc0bb7ca66c7af77a10a0d46cd65591256c5ad.incomplete'
Download complete. Moving file to /scratch/shahils/openpi/datasets/Libero-XVLA-format/libero_10/LIVING_ROOM_SCENE1_put_both_the_alphabet_soup_and_the_cream_cheese_box_in_the_basket_demo/demo_30.hdf5
Fetching 5618 files:   3%|▎         | 164/5618 [00:23<10:24,  8.73it/s]Download complete. Moving file to /scratch/shahils/openpi/datasets/Libero-XVLA-format/libero_10/LIVING_ROOM_SCENE1_put_both_the_alphabet_soup_and_the_cream_cheese_box_in_the_basket_demo/demo_32.hdf5
Downloading 'libero_10/LIVING_ROOM_SCENE1_put_both_the_alphabet_soup_and_the_cream_cheese_box_in_the_basket_demo/demo_39.hdf5' to '/scratch/shahils/openpi/datasets/Libero-XVLA-format/.cache/huggingface/download/libero_10/LIVING_ROOM_SCENE1_put_both_the_alphabet_soup_and_the_cream_cheese_box_in_the_basket_demo/uc2s1qxkrQQuSk7uhnI17Kpq7so=.3df7d46d087e2d1ff202ec898d72de42431a9b4157636f17168a430205b0320e.incomplete'
Download complete. Moving file to /scratch/shahils/openpi/datasets/Libero-XVLA-format/libero_10/LIVING_ROOM_SCENE1_put_both_the_alphabet_soup_and_the_cream_cheese_box_in_the_basket_demo/demo_31.hdf5
Fetching 5618 files:   3%|▎         | 166/5618 [00:23<09:41,  9.38it/s]Downloading 'libero_10/LIVING_ROOM_SCENE1_put_both_the_alphabet_soup_and_the_cream_cheese_box_in_the_basket_demo/demo_40.hdf5' to '/scratch/shahils/openpi/datasets/Libero-XVLA-format/.cache/huggingface/download/libero_10/LIVING_ROOM_SCENE1_put_both_the_alphabet_soup_and_the_cream_cheese_box_in_the_basket_demo/gbqCG95rgl4AbHbeFAAh6X4b9_0=.1d530a967403e01a5f0c542796119cbf3694ad1772c5f1bea91b16b2206a1c4a.incomplete'
Download complete. Moving file to /scratch/shahils/openpi/datasets/Libero-XVLA-format/libero_10/LIVING_ROOM_SCENE1_put_both_the_alphabet_soup_and_the_cream_cheese_box_in_the_basket_demo/demo_34.hdf5
Downloading 'libero_10/LIVING_ROOM_SCENE1_put_both_the_alphabet_soup_and_the_cream_cheese_box_in_the_basket_demo/demo_41.hdf5' to '/scratch/shahils/openpi/datasets/Libero-XVLA-format/.cache/huggingface/download/libero_10/LIVING_ROOM_SCENE1_put_both_the_alphabet_soup_and_the_cream_cheese_box_in_the_basket_demo/3iMrJnDf8EyN9l6WylHc3Y2wlVg=.066a28a0a28b0d318775b0198f83874526d805d84a5f122bed8971e5075bef74.incomplete'
Download complete. Moving file to /scratch/shahils/openpi/datasets/Libero-XVLA-format/libero_10/LIVING_ROOM_SCENE1_put_both_the_alphabet_soup_and_the_cream_cheese_box_in_the_basket_demo/demo_38.hdf5
Downloading 'libero_10/LIVING_ROOM_SCENE1_put_both_the_alphabet_soup_and_the_cream_cheese_box_in_the_basket_demo/demo_43.hdf5' to '/scratch/shahils/openpi/datasets/Libero-XVLA-format/.cache/huggingface/download/libero_10/LIVING_ROOM_SCENE1_put_both_the_alphabet_soup_and_the_cream_cheese_box_in_the_basket_demo/xDtfjXi1ZpcTDqx8nNxVshnvTLY=.10d3b560c57237ba03bcc1eee5afe8ee862425b32579155149dcafe7d3aa9417.incomplete'
Downloading 'libero_10/LIVING_ROOM_SCENE1_put_both_the_alphabet_soup_and_the_cream_cheese_box_in_the_basket_demo/demo_44.hdf5' to '/scratch/shahils/openpi/datasets/Libero-XVLA-format/.cache/huggingface/download/libero_10/LIVING_ROOM_SCENE1_put_both_the_alphabet_soup_and_the_cream_cheese_box_in_the_basket_demo/WSw2kAHnlOu7Sf1zW4FvtY6ae68=.96b7978ddcc0a9b9f2610ff536ac6f421208f9f13cd6f847932a9c6c2b426bc8.incomplete'
Download complete. Moving file to /scratch/shahils/openpi/datasets/Libero-XVLA-format/libero_10/LIVING_ROOM_SCENE1_put_both_the_alphabet_soup_and_the_cream_cheese_box_in_the_basket_demo/demo_35.hdf5
Download complete. Moving file to /scratch/shahils/openpi/datasets/Libero-XVLA-format/libero_10/LIVING_ROOM_SCENE1_put_both_the_alphabet_soup_and_the_cream_cheese_box_in_the_basket_demo/demo_39.hdf5
Downloading 'libero_10/LIVING_ROOM_SCENE1_put_both_the_alphabet_soup_and_the_cream_cheese_box_in_the_basket_demo/demo_45.hdf5' to '/scratch/shahils/openpi/datasets/Libero-XVLA-format/.cache/huggingface/download/libero_10/LIVING_ROOM_SCENE1_put_both_the_alphabet_soup_and_the_cream_cheese_box_in_the_basket_demo/UJk1zjgo-NhoaRnOwcI5hlYGES8=.9a42c5d7c183814bb38f8a34f2650ee5c42cb8437e856783419ff5a61dfcbbc1.incomplete'
Downloading 'libero_10/LIVING_ROOM_SCENE1_put_both_the_alphabet_soup_and_the_cream_cheese_box_in_the_basket_demo/demo_46.hdf5' to '/scratch/shahils/openpi/datasets/Libero-XVLA-format/.cache/huggingface/download/libero_10/LIVING_ROOM_SCENE1_put_both_the_alphabet_soup_and_the_cream_cheese_box_in_the_basket_demo/GSFiAZuoEvbbDSjbh92wEUVAKvQ=.b555d269a698104b9c67a533fce44922fde0d08140654d0f3d88ecaa955765a5.incomplete'
Download complete. Moving file to /scratch/shahils/openpi/datasets/Libero-XVLA-format/libero_10/LIVING_ROOM_SCENE1_put_both_the_alphabet_soup_and_the_cream_cheese_box_in_the_basket_demo/demo_36.hdf5
Download complete. Moving file to /scratch/shahils/openpi/datasets/Libero-XVLA-format/libero_10/LIVING_ROOM_SCENE1_put_both_the_alphabet_soup_and_the_cream_cheese_box_in_the_basket_demo/demo_40.hdf5
Downloading 'libero_10/LIVING_ROOM_SCENE1_put_both_the_alphabet_soup_and_the_cream_cheese_box_in_the_basket_demo/demo_47.hdf5' to '/scratch/shahils/openpi/datasets/Libero-XVLA-format/.cache/huggingface/download/libero_10/LIVING_ROOM_SCENE1_put_both_the_alphabet_soup_and_the_cream_cheese_box_in_the_basket_demo/WAmqMow1SHsQNkQwGt3eEQD1n68=.b8e504daa09027e6382c02dbd56efee8c10f8127f90274975bcfe60ebea93a1e.incomplete'
Download complete. Moving file to /scratch/shahils/openpi/datasets/Libero-XVLA-format/libero_10/LIVING_ROOM_SCENE1_put_both_the_alphabet_soup_and_the_cream_cheese_box_in_the_basket_demo/demo_41.hdf5
Downloading 'libero_10/LIVING_ROOM_SCENE1_put_both_the_alphabet_soup_and_the_cream_cheese_box_in_the_basket_demo/demo_48.hdf5' to '/scratch/shahils/openpi/datasets/Libero-XVLA-format/.cache/huggingface/download/libero_10/LIVING_ROOM_SCENE1_put_both_the_alphabet_soup_and_the_cream_cheese_box_in_the_basket_demo/clT21Q6GOZoCuvkT9Yij6UyXzo8=.07ce9e19502be213d1d9bdf0b63c3873438fcd853b2058880715325e4fd51248.incomplete'
Download complete. Moving file to /scratch/shahils/openpi/datasets/Libero-XVLA-format/libero_10/LIVING_ROOM_SCENE1_put_both_the_alphabet_soup_and_the_cream_cheese_box_in_the_basket_demo/demo_33.hdf5
Fetching 5618 files:   3%|▎         | 168/5618 [00:24<19:41,  4.61it/s]Downloading 'libero_10/LIVING_ROOM_SCENE1_put_both_the_alphabet_soup_and_the_cream_cheese_box_in_the_basket_demo/demo_6.hdf5' to '/scratch/shahils/openpi/datasets/Libero-XVLA-format/.cache/huggingface/download/libero_10/LIVING_ROOM_SCENE1_put_both_the_alphabet_soup_and_the_cream_cheese_box_in_the_basket_demo/Wr6ZPoJs4sFIJWzyWVAnWCPbWzA=.67b28dc59fbd0166fb2344f51312e25b5a7d7894a5055283c00fe5d3c3aa7e5e.incomplete'
Downloading 'libero_10/LIVING_ROOM_SCENE1_put_both_the_alphabet_soup_and_the_cream_cheese_box_in_the_basket_demo/demo_49.hdf5' to '/scratch/shahils/openpi/datasets/Libero-XVLA-format/.cache/huggingface/download/libero_10/LIVING_ROOM_SCENE1_put_both_the_alphabet_soup_and_the_cream_cheese_box_in_the_basket_demo/AqGksBkHsgl6Z30tGZzu6zuU6u4=.e35030b8b94578cba3dbef5c2f46c93da82e9784996c8a98a9fb826364a5c0aa.incomplete'
Download complete. Moving file to /scratch/shahils/openpi/datasets/Libero-XVLA-format/libero_10/LIVING_ROOM_SCENE1_put_both_the_alphabet_soup_and_the_cream_cheese_box_in_the_basket_demo/demo_45.hdf5
Download complete. Moving file to /scratch/shahils/openpi/datasets/Libero-XVLA-format/libero_10/LIVING_ROOM_SCENE1_put_both_the_alphabet_soup_and_the_cream_cheese_box_in_the_basket_demo/demo_46.hdf5
Downloading 'libero_10/LIVING_ROOM_SCENE1_put_both_the_alphabet_soup_and_the_cream_cheese_box_in_the_basket_demo/demo_7.hdf5' to '/scratch/shahils/openpi/datasets/Libero-XVLA-format/.cache/huggingface/download/libero_10/LIVING_ROOM_SCENE1_put_both_the_alphabet_soup_and_the_cream_cheese_box_in_the_basket_demo/Qbgk0AKX1FAN0bSHcNqoVwXx0Rg=.e013884df8a69b7655525e4ea226157b56ae4cdba46b896dc19437e37ffb6dcd.incomplete'
Download complete. Moving file to /scratch/shahils/openpi/datasets/Libero-XVLA-format/libero_10/LIVING_ROOM_SCENE1_put_both_the_alphabet_soup_and_the_cream_cheese_box_in_the_basket_demo/demo_44.hdf5
Download complete. Moving file to /scratch/shahils/openpi/datasets/Libero-XVLA-format/libero_10/LIVING_ROOM_SCENE1_put_both_the_alphabet_soup_and_the_cream_cheese_box_in_the_basket_demo/demo_47.hdf5
Downloading 'libero_10/LIVING_ROOM_SCENE1_put_both_the_alphabet_soup_and_the_cream_cheese_box_in_the_basket_demo/demo_9.hdf5' to '/scratch/shahils/openpi/datasets/Libero-XVLA-format/.cache/huggingface/download/libero_10/LIVING_ROOM_SCENE1_put_both_the_alphabet_soup_and_the_cream_cheese_box_in_the_basket_demo/jlB8BvhXv_s7_AXzTNoxVPsUohM=.8b53f1639dcbd9e8cd7ac4067c9f439c84ccae30ae560d947826e28df905f87e.incomplete'
Download complete. Moving file to /scratch/shahils/openpi/datasets/Libero-XVLA-format/libero_10/LIVING_ROOM_SCENE1_put_both_the_alphabet_soup_and_the_cream_cheese_box_in_the_basket_demo/demo_43.hdf5
Downloading 'libero_10/LIVING_ROOM_SCENE1_put_both_the_alphabet_soup_and_the_cream_cheese_box_in_the_basket_demo/demo_8.hdf5' to '/scratch/shahils/openpi/datasets/Libero-XVLA-format/.cache/huggingface/download/libero_10/LIVING_ROOM_SCENE1_put_both_the_alphabet_soup_and_the_cream_cheese_box_in_the_basket_demo/guTF9kyhn15zkapITNaJzvsF6SM=.4f6c8f203f9f94bc2d4a98629aad97bee0c726b46677e9a63d33d579ac46e1e6.incomplete'
Fetching 5618 files:   3%|▎         | 175/5618 [00:25<13:06,  6.92it/s]Downloading 'libero_10/LIVING_ROOM_SCENE2_put_both_the_alphabet_soup_and_the_tomato_sauce_in_the_basket_demo/demo_10.hdf5' to '/scratch/shahils/openpi/datasets/Libero-XVLA-format/.cache/huggingface/download/libero_10/LIVING_ROOM_SCENE2_put_both_the_alphabet_soup_and_the_tomato_sauce_in_the_basket_demo/qIanSg8lEEhbjgh5TfQXC9aObEA=.c12536d6bf2f34b9749fbb89068edbbb3881c33d8762659640f9fc40bc3b6d22.incomplete'
Downloading 'libero_10/LIVING_ROOM_SCENE2_put_both_the_alphabet_soup_and_the_tomato_sauce_in_the_basket_demo/demo_1.hdf5' to '/scratch/shahils/openpi/datasets/Libero-XVLA-format/.cache/huggingface/download/libero_10/LIVING_ROOM_SCENE2_put_both_the_alphabet_soup_and_the_tomato_sauce_in_the_basket_demo/G-5RjmQ2_e5v-a7yjG2BYUzL9K0=.3bfe7d725525c4b37d63051610e87fb0865c03e2d61f6c23f30370d4c1772c8e.incomplete'
Download complete. Moving file to /scratch/shahils/openpi/datasets/Libero-XVLA-format/libero_10/LIVING_ROOM_SCENE1_put_both_the_alphabet_soup_and_the_cream_cheese_box_in_the_basket_demo/demo_6.hdf5
Download complete. Moving file to /scratch/shahils/openpi/datasets/Libero-XVLA-format/libero_10/LIVING_ROOM_SCENE1_put_both_the_alphabet_soup_and_the_cream_cheese_box_in_the_basket_demo/demo_48.hdf5
Fetching 5618 files:   3%|▎         | 180/5618 [00:25<09:42,  9.33it/s]Downloading 'libero_10/LIVING_ROOM_SCENE2_put_both_the_alphabet_soup_and_the_tomato_sauce_in_the_basket_demo/demo_11.hdf5' to '/scratch/shahils/openpi/datasets/Libero-XVLA-format/.cache/huggingface/download/libero_10/LIVING_ROOM_SCENE2_put_both_the_alphabet_soup_and_the_tomato_sauce_in_the_basket_demo/T6SmyekXmGOaXhadezMfhlRR42s=.69e5f4ad85259179d2cf503fdbf80fb7f78968f0963abd7188ce6f658cbb5753.incomplete'
Downloading 'libero_10/LIVING_ROOM_SCENE2_put_both_the_alphabet_soup_and_the_tomato_sauce_in_the_basket_demo/demo_12.hdf5' to '/scratch/shahils/openpi/datasets/Libero-XVLA-format/.cache/huggingface/download/libero_10/LIVING_ROOM_SCENE2_put_both_the_alphabet_soup_and_the_tomato_sauce_in_the_basket_demo/QDq8jLIyXUsYQbypRHAy-yw4iXg=.df317c515ea05afb704d73d4b5804d62b6447133cf3adeb6c66cb064a838c90b.incomplete'
Download complete. Moving file to /scratch/shahils/openpi/datasets/Libero-XVLA-format/libero_10/LIVING_ROOM_SCENE1_put_both_the_alphabet_soup_and_the_cream_cheese_box_in_the_basket_demo/demo_49.hdf5
Fetching 5618 files:   3%|▎         | 182/5618 [00:25<09:30,  9.53it/s]Download complete. Moving file to /scratch/shahils/openpi/datasets/Libero-XVLA-format/libero_10/LIVING_ROOM_SCENE1_put_both_the_alphabet_soup_and_the_cream_cheese_box_in_the_basket_demo/demo_7.hdf5
Downloading 'libero_10/LIVING_ROOM_SCENE2_put_both_the_alphabet_soup_and_the_tomato_sauce_in_the_basket_demo/demo_13.hdf5' to '/scratch/shahils/openpi/datasets/Libero-XVLA-format/.cache/huggingface/download/libero_10/LIVING_ROOM_SCENE2_put_both_the_alphabet_soup_and_the_tomato_sauce_in_the_basket_demo/NkkCokoXhiuvGb16sv2kt7AnL2k=.45345401aef44f5bf67654b20f362bf41f74fc4f8170a77b61aa172464d09b8b.incomplete'
Downloading 'libero_10/LIVING_ROOM_SCENE2_put_both_the_alphabet_soup_and_the_tomato_sauce_in_the_basket_demo/demo_16.hdf5' to '/scratch/shahils/openpi/datasets/Libero-XVLA-format/.cache/huggingface/download/libero_10/LIVING_ROOM_SCENE2_put_both_the_alphabet_soup_and_the_tomato_sauce_in_the_basket_demo/s1llPhM4ziSOsExqdg76GXM5fSI=.6f95c544b1c61289f3dbabefa8d8c052b9e05ef8126b8d3a36dd66ae7b55dc30.incomplete'
Download complete. Moving file to /scratch/shahils/openpi/datasets/Libero-XVLA-format/libero_10/LIVING_ROOM_SCENE1_put_both_the_alphabet_soup_and_the_cream_cheese_box_in_the_basket_demo/demo_8.hdf5
Fetching 5618 files:   3%|▎         | 184/5618 [00:25<11:12,  8.08it/s]Download complete. Moving file to /scratch/shahils/openpi/datasets/Libero-XVLA-format/libero_10/LIVING_ROOM_SCENE1_put_both_the_alphabet_soup_and_the_cream_cheese_box_in_the_basket_demo/demo_9.hdf5
Downloading 'libero_10/LIVING_ROOM_SCENE2_put_both_the_alphabet_soup_and_the_tomato_sauce_in_the_basket_demo/demo_17.hdf5' to '/scratch/shahils/openpi/datasets/Libero-XVLA-format/.cache/huggingface/download/libero_10/LIVING_ROOM_SCENE2_put_both_the_alphabet_soup_and_the_tomato_sauce_in_the_basket_demo/tdk1YGznMGt3DKeO1j0C_7zlX5E=.58e64f1ece7f5e0daf6d8daa5fc942c72b1701d3fad6d8ab8e75dd744dabceaf.incomplete'
Download complete. Moving file to /scratch/shahils/openpi/datasets/Libero-XVLA-format/libero_10/LIVING_ROOM_SCENE2_put_both_the_alphabet_soup_and_the_tomato_sauce_in_the_basket_demo/demo_11.hdf5
Downloading 'libero_10/LIVING_ROOM_SCENE2_put_both_the_alphabet_soup_and_the_tomato_sauce_in_the_basket_demo/demo_18.hdf5' to '/scratch/shahils/openpi/datasets/Libero-XVLA-format/.cache/huggingface/download/libero_10/LIVING_ROOM_SCENE2_put_both_the_alphabet_soup_and_the_tomato_sauce_in_the_basket_demo/QKYXz1zdl3FTvUCbpq3qqjTLQU0=.8cf2bc02bd51cb2628e1fbbef76a4078a6ced4d90a59455064a2a8a73837c2b7.incomplete'
Download complete. Moving file to /scratch/shahils/openpi/datasets/Libero-XVLA-format/libero_10/LIVING_ROOM_SCENE2_put_both_the_alphabet_soup_and_the_tomato_sauce_in_the_basket_demo/demo_10.hdf5
Downloading 'libero_10/LIVING_ROOM_SCENE2_put_both_the_alphabet_soup_and_the_tomato_sauce_in_the_basket_demo/demo_2.hdf5' to '/scratch/shahils/openpi/datasets/Libero-XVLA-format/.cache/huggingface/download/libero_10/LIVING_ROOM_SCENE2_put_both_the_alphabet_soup_and_the_tomato_sauce_in_the_basket_demo/3og14UMK8OhFZ5TnH3yoVefIegk=.643093c6d56a11d2fc62aee9d17e821075ea4908cc92d71e5239fc9988bc5eb8.incomplete'
Downloading 'libero_10/LIVING_ROOM_SCENE2_put_both_the_alphabet_soup_and_the_tomato_sauce_in_the_basket_demo/demo_20.hdf5' to '/scratch/shahils/openpi/datasets/Libero-XVLA-format/.cache/huggingface/download/libero_10/LIVING_ROOM_SCENE2_put_both_the_alphabet_soup_and_the_tomato_sauce_in_the_basket_demo/YKCRkR71roKkdVB7ct5LRhgdm0w=.f16949f142b8c63c927a90e98acd875bf48e46174f4741e3e6360de3d3eeca4e.incomplete'
Download complete. Moving file to /scratch/shahils/openpi/datasets/Libero-XVLA-format/libero_10/LIVING_ROOM_SCENE2_put_both_the_alphabet_soup_and_the_tomato_sauce_in_the_basket_demo/demo_13.hdf5
Download complete. Moving file to /scratch/shahils/openpi/datasets/Libero-XVLA-format/libero_10/LIVING_ROOM_SCENE2_put_both_the_alphabet_soup_and_the_tomato_sauce_in_the_basket_demo/demo_1.hdf5
Fetching 5618 files:   3%|▎         | 186/5618 [00:26<15:06,  5.99it/s]Download complete. Moving file to /scratch/shahils/openpi/datasets/Libero-XVLA-format/libero_10/LIVING_ROOM_SCENE2_put_both_the_alphabet_soup_and_the_tomato_sauce_in_the_basket_demo/demo_12.hdf5
Download complete. Moving file to /scratch/shahils/openpi/datasets/Libero-XVLA-format/libero_10/LIVING_ROOM_SCENE2_put_both_the_alphabet_soup_and_the_tomato_sauce_in_the_basket_demo/demo_16.hdf5
Downloading 'libero_10/LIVING_ROOM_SCENE2_put_both_the_alphabet_soup_and_the_tomato_sauce_in_the_basket_demo/demo_24.hdf5' to '/scratch/shahils/openpi/datasets/Libero-XVLA-format/.cache/huggingface/download/libero_10/LIVING_ROOM_SCENE2_put_both_the_alphabet_soup_and_the_tomato_sauce_in_the_basket_demo/Av9f4nuuD5gt-fGnBnDr3GSVu64=.740a342bdd9f7fb06b66e6c681b15069c90cc671f54820d902ae87913802d24c.incomplete'
Downloading 'libero_10/LIVING_ROOM_SCENE2_put_both_the_alphabet_soup_and_the_tomato_sauce_in_the_basket_demo/demo_23.hdf5' to '/scratch/shahils/openpi/datasets/Libero-XVLA-format/.cache/huggingface/download/libero_10/LIVING_ROOM_SCENE2_put_both_the_alphabet_soup_and_the_tomato_sauce_in_the_basket_demo/yzE0FOLSaNlQiGR555_6tIW-62E=.45abfbf7f716e49e203b8570abdb8454926475d4081e788ce4fb80777be30302.incomplete'
Downloading 'libero_10/LIVING_ROOM_SCENE2_put_both_the_alphabet_soup_and_the_tomato_sauce_in_the_basket_demo/demo_28.hdf5' to '/scratch/shahils/openpi/datasets/Libero-XVLA-format/.cache/huggingface/download/libero_10/LIVING_ROOM_SCENE2_put_both_the_alphabet_soup_and_the_tomato_sauce_in_the_basket_demo/oCHBOAFNGVGg80mwaTp2RsvSXNo=.8f05d92eb2c25dd4fc42666b679c5c0a4487083690103dc40af567564e798702.incomplete'
Downloading 'libero_10/LIVING_ROOM_SCENE2_put_both_the_alphabet_soup_and_the_tomato_sauce_in_the_basket_demo/demo_26.hdf5' to '/scratch/shahils/openpi/datasets/Libero-XVLA-format/.cache/huggingface/download/libero_10/LIVING_ROOM_SCENE2_put_both_the_alphabet_soup_and_the_tomato_sauce_in_the_basket_demo/D0Sfp77Lbsw-ire7S06x4EHBIz8=.f867a6988cc72671a3378c396059efdeaee98bffe5e68890835515806d0dc4ba.incomplete'
Download complete. Moving file to /scratch/shahils/openpi/datasets/Libero-XVLA-format/libero_10/LIVING_ROOM_SCENE2_put_both_the_alphabet_soup_and_the_tomato_sauce_in_the_basket_demo/demo_18.hdf5
Download complete. Moving file to /scratch/shahils/openpi/datasets/Libero-XVLA-format/libero_10/LIVING_ROOM_SCENE2_put_both_the_alphabet_soup_and_the_tomato_sauce_in_the_basket_demo/demo_2.hdf5
Downloading 'libero_10/LIVING_ROOM_SCENE2_put_both_the_alphabet_soup_and_the_tomato_sauce_in_the_basket_demo/demo_29.hdf5' to '/scratch/shahils/openpi/datasets/Libero-XVLA-format/.cache/huggingface/download/libero_10/LIVING_ROOM_SCENE2_put_both_the_alphabet_soup_and_the_tomato_sauce_in_the_basket_demo/yAz0xkAEzHO3nJc6fbf1lm5EA4A=.60cd63ea787257f500734eef153dfb5d263389b2543d4766befa81ecd7695423.incomplete'
Download complete. Moving file to /scratch/shahils/openpi/datasets/Libero-XVLA-format/libero_10/LIVING_ROOM_SCENE2_put_both_the_alphabet_soup_and_the_tomato_sauce_in_the_basket_demo/demo_17.hdf5
Downloading 'libero_10/LIVING_ROOM_SCENE2_put_both_the_alphabet_soup_and_the_tomato_sauce_in_the_basket_demo/demo_30.hdf5' to '/scratch/shahils/openpi/datasets/Libero-XVLA-format/.cache/huggingface/download/libero_10/LIVING_ROOM_SCENE2_put_both_the_alphabet_soup_and_the_tomato_sauce_in_the_basket_demo/5eZjcC9Xnjg2nGdXeYCieWD8ndg=.88d1e209952317bddbdd0700f5f74632ab821eb5922db492ac049e8eaed303d1.incomplete'
Fetching 5618 files:   3%|▎         | 192/5618 [00:27<14:17,  6.33it/s]Download complete. Moving file to /scratch/shahils/openpi/datasets/Libero-XVLA-format/libero_10/LIVING_ROOM_SCENE2_put_both_the_alphabet_soup_and_the_tomato_sauce_in_the_basket_demo/demo_23.hdf5
Downloading 'libero_10/LIVING_ROOM_SCENE2_put_both_the_alphabet_soup_and_the_tomato_sauce_in_the_basket_demo/demo_32.hdf5' to '/scratch/shahils/openpi/datasets/Libero-XVLA-format/.cache/huggingface/download/libero_10/LIVING_ROOM_SCENE2_put_both_the_alphabet_soup_and_the_tomato_sauce_in_the_basket_demo/W47I1m5ZiJ5j1VB8WAfsa1kZ3jg=.acd0f5f137b332deb4272fca7db66b952ad275482aff931c997b356cfbf55410.incomplete'
Downloading 'libero_10/LIVING_ROOM_SCENE2_put_both_the_alphabet_soup_and_the_tomato_sauce_in_the_basket_demo/demo_31.hdf5' to '/scratch/shahils/openpi/datasets/Libero-XVLA-format/.cache/huggingface/download/libero_10/LIVING_ROOM_SCENE2_put_both_the_alphabet_soup_and_the_tomato_sauce_in_the_basket_demo/NBPPmp9ufBi0WLlkvdO6oSjfcDw=.f4fa00511bfd13bbafe53a1b1467dc5adf9b6f7d9f5d57ce7f666d77c57f0f4b.incomplete'
Download complete. Moving file to /scratch/shahils/openpi/datasets/Libero-XVLA-format/libero_10/LIVING_ROOM_SCENE2_put_both_the_alphabet_soup_and_the_tomato_sauce_in_the_basket_demo/demo_28.hdf5
Download complete. Moving file to /scratch/shahils/openpi/datasets/Libero-XVLA-format/libero_10/LIVING_ROOM_SCENE2_put_both_the_alphabet_soup_and_the_tomato_sauce_in_the_basket_demo/demo_24.hdf5
Download complete. Moving file to /scratch/shahils/openpi/datasets/Libero-XVLA-format/libero_10/LIVING_ROOM_SCENE2_put_both_the_alphabet_soup_and_the_tomato_sauce_in_the_basket_demo/demo_26.hdf5
Downloading 'libero_10/LIVING_ROOM_SCENE2_put_both_the_alphabet_soup_and_the_tomato_sauce_in_the_basket_demo/demo_34.hdf5' to '/scratch/shahils/openpi/datasets/Libero-XVLA-format/.cache/huggingface/download/libero_10/LIVING_ROOM_SCENE2_put_both_the_alphabet_soup_and_the_tomato_sauce_in_the_basket_demo/XvqvOhPRR_plUN0huKWrYYYqQso=.138b62e705920946eae23313027ea886f1cb47995a8ee85d78510180d3963440.incomplete'
Downloading 'libero_10/LIVING_ROOM_SCENE2_put_both_the_alphabet_soup_and_the_tomato_sauce_in_the_basket_demo/demo_35.hdf5' to '/scratch/shahils/openpi/datasets/Libero-XVLA-format/.cache/huggingface/download/libero_10/LIVING_ROOM_SCENE2_put_both_the_alphabet_soup_and_the_tomato_sauce_in_the_basket_demo/puxvedngqel9iesOxTa00onBNow=.1285f8685c3cb5cc4cc256b6132fdc2fac1ea90cf460a15466a8e1bfabeb52c6.incomplete'
Download complete. Moving file to /scratch/shahils/openpi/datasets/Libero-XVLA-format/libero_10/LIVING_ROOM_SCENE2_put_both_the_alphabet_soup_and_the_tomato_sauce_in_the_basket_demo/demo_20.hdf5
Downloading 'libero_10/LIVING_ROOM_SCENE2_put_both_the_alphabet_soup_and_the_tomato_sauce_in_the_basket_demo/demo_36.hdf5' to '/scratch/shahils/openpi/datasets/Libero-XVLA-format/.cache/huggingface/download/libero_10/LIVING_ROOM_SCENE2_put_both_the_alphabet_soup_and_the_tomato_sauce_in_the_basket_demo/0t-nm1J8m0Aumq16uzFp8HaSrqk=.0f768afa21d2987988574de8dfe34509dce4ebe489923cc7a1ef5c00dcf19a27.incomplete'
Fetching 5618 files:   3%|▎         | 195/5618 [00:27<13:37,  6.63it/s]Downloading 'libero_10/LIVING_ROOM_SCENE2_put_both_the_alphabet_soup_and_the_tomato_sauce_in_the_basket_demo/demo_37.hdf5' to '/scratch/shahils/openpi/datasets/Libero-XVLA-format/.cache/huggingface/download/libero_10/LIVING_ROOM_SCENE2_put_both_the_alphabet_soup_and_the_tomato_sauce_in_the_basket_demo/six54jnBxEIwvnS7MaIA-ysQ7ww=.5c6bc0b2de1fee19399ae071e3b5d6b153e6481fda72d2b4e9be8a07260a1403.incomplete'
Download complete. Moving file to /scratch/shahils/openpi/datasets/Libero-XVLA-format/libero_10/LIVING_ROOM_SCENE2_put_both_the_alphabet_soup_and_the_tomato_sauce_in_the_basket_demo/demo_30.hdf5
Download complete. Moving file to /scratch/shahils/openpi/datasets/Libero-XVLA-format/libero_10/LIVING_ROOM_SCENE2_put_both_the_alphabet_soup_and_the_tomato_sauce_in_the_basket_demo/demo_31.hdf5
Download complete. Moving file to /scratch/shahils/openpi/datasets/Libero-XVLA-format/libero_10/LIVING_ROOM_SCENE2_put_both_the_alphabet_soup_and_the_tomato_sauce_in_the_basket_demo/demo_35.hdf5
Downloading 'libero_10/LIVING_ROOM_SCENE2_put_both_the_alphabet_soup_and_the_tomato_sauce_in_the_basket_demo/demo_39.hdf5' to '/scratch/shahils/openpi/datasets/Libero-XVLA-format/.cache/huggingface/download/libero_10/LIVING_ROOM_SCENE2_put_both_the_alphabet_soup_and_the_tomato_sauce_in_the_basket_demo/uc2s1qxkrQQuSk7uhnI17Kpq7so=.19d2ecdc87acad76fbc4c853ce42123eba5d4d68a321bca3804823201d1ed0e3.incomplete'
Downloading 'libero_10/LIVING_ROOM_SCENE2_put_both_the_alphabet_soup_and_the_tomato_sauce_in_the_basket_demo/demo_40.hdf5' to '/scratch/shahils/openpi/datasets/Libero-XVLA-format/.cache/huggingface/download/libero_10/LIVING_ROOM_SCENE2_put_both_the_alphabet_soup_and_the_tomato_sauce_in_the_basket_demo/gbqCG95rgl4AbHbeFAAh6X4b9_0=.083a5e815ecb55ba3c9ca1759eaaa622c65ec1870d8fbcfc2fa8277be60354b0.incomplete'
Downloading 'libero_10/LIVING_ROOM_SCENE2_put_both_the_alphabet_soup_and_the_tomato_sauce_in_the_basket_demo/demo_43.hdf5' to '/scratch/shahils/openpi/datasets/Libero-XVLA-format/.cache/huggingface/download/libero_10/LIVING_ROOM_SCENE2_put_both_the_alphabet_soup_and_the_tomato_sauce_in_the_basket_demo/xDtfjXi1ZpcTDqx8nNxVshnvTLY=.195ad8240e2c29a8609bfd84cf6245c87a73d0348e7ead46975057aaeaa71e43.incomplete'
Download complete. Moving file to /scratch/shahils/openpi/datasets/Libero-XVLA-format/libero_10/LIVING_ROOM_SCENE2_put_both_the_alphabet_soup_and_the_tomato_sauce_in_the_basket_demo/demo_32.hdf5
Downloading 'libero_10/LIVING_ROOM_SCENE2_put_both_the_alphabet_soup_and_the_tomato_sauce_in_the_basket_demo/demo_44.hdf5' to '/scratch/shahils/openpi/datasets/Libero-XVLA-format/.cache/huggingface/download/libero_10/LIVING_ROOM_SCENE2_put_both_the_alphabet_soup_and_the_tomato_sauce_in_the_basket_demo/WSw2kAHnlOu7Sf1zW4FvtY6ae68=.19a6e1eb15193f5c4b0c7baed72fe0af76e375ba6c1b0761addd617060120170.incomplete'
Download complete. Moving file to /scratch/shahils/openpi/datasets/Libero-XVLA-format/libero_10/LIVING_ROOM_SCENE2_put_both_the_alphabet_soup_and_the_tomato_sauce_in_the_basket_demo/demo_29.hdf5
Fetching 5618 files:   4%|▎         | 200/5618 [00:28<14:14,  6.34it/s]Downloading 'libero_10/LIVING_ROOM_SCENE2_put_both_the_alphabet_soup_and_the_tomato_sauce_in_the_basket_demo/demo_45.hdf5' to '/scratch/shahils/openpi/datasets/Libero-XVLA-format/.cache/huggingface/download/libero_10/LIVING_ROOM_SCENE2_put_both_the_alphabet_soup_and_the_tomato_sauce_in_the_basket_demo/UJk1zjgo-NhoaRnOwcI5hlYGES8=.1400cb9481d4b5d67d57e9e7b3d8ee4ef25883741b9be04263f8331e3dba11ef.incomplete'
Download complete. Moving file to /scratch/shahils/openpi/datasets/Libero-XVLA-format/libero_10/LIVING_ROOM_SCENE2_put_both_the_alphabet_soup_and_the_tomato_sauce_in_the_basket_demo/demo_34.hdf5
Fetching 5618 files:   4%|▎         | 204/5618 [00:28<10:43,  8.41it/s]Download complete. Moving file to /scratch/shahils/openpi/datasets/Libero-XVLA-format/libero_10/LIVING_ROOM_SCENE2_put_both_the_alphabet_soup_and_the_tomato_sauce_in_the_basket_demo/demo_37.hdf5
Downloading 'libero_10/LIVING_ROOM_SCENE2_put_both_the_alphabet_soup_and_the_tomato_sauce_in_the_basket_demo/demo_47.hdf5' to '/scratch/shahils/openpi/datasets/Libero-XVLA-format/.cache/huggingface/download/libero_10/LIVING_ROOM_SCENE2_put_both_the_alphabet_soup_and_the_tomato_sauce_in_the_basket_demo/WAmqMow1SHsQNkQwGt3eEQD1n68=.6fb27279de4ab9843c3889a94af1a4d68875fbaf989cbab08152941057942cc2.incomplete'
Downloading 'libero_10/LIVING_ROOM_SCENE2_put_both_the_alphabet_soup_and_the_tomato_sauce_in_the_basket_demo/demo_48.hdf5' to '/scratch/shahils/openpi/datasets/Libero-XVLA-format/.cache/huggingface/download/libero_10/LIVING_ROOM_SCENE2_put_both_the_alphabet_soup_and_the_tomato_sauce_in_the_basket_demo/clT21Q6GOZoCuvkT9Yij6UyXzo8=.c8153e3cc7f44ae06a21b084c59ae2f580accf9a8e1c9dc6d2573420f98aabae.incomplete'
Download complete. Moving file to /scratch/shahils/openpi/datasets/Libero-XVLA-format/libero_10/LIVING_ROOM_SCENE2_put_both_the_alphabet_soup_and_the_tomato_sauce_in_the_basket_demo/demo_36.hdf5
Fetching 5618 files:   4%|▎         | 206/5618 [00:28<10:21,  8.71it/s]Downloading 'libero_10/LIVING_ROOM_SCENE2_put_both_the_alphabet_soup_and_the_tomato_sauce_in_the_basket_demo/demo_5.hdf5' to '/scratch/shahils/openpi/datasets/Libero-XVLA-format/.cache/huggingface/download/libero_10/LIVING_ROOM_SCENE2_put_both_the_alphabet_soup_and_the_tomato_sauce_in_the_basket_demo/W103OyYBEP6E2F77F2mPmmee-xo=.3d05ca230786cf7de3f24bc5ff7551031740d9f0bf34eb8c6bf15b7476bf7c5e.incomplete'
Download complete. Moving file to /scratch/shahils/openpi/datasets/Libero-XVLA-format/libero_10/LIVING_ROOM_SCENE2_put_both_the_alphabet_soup_and_the_tomato_sauce_in_the_basket_demo/demo_43.hdf5
Download complete. Moving file to /scratch/shahils/openpi/datasets/Libero-XVLA-format/libero_10/LIVING_ROOM_SCENE2_put_both_the_alphabet_soup_and_the_tomato_sauce_in_the_basket_demo/demo_44.hdf5
Download complete. Moving file to /scratch/shahils/openpi/datasets/Libero-XVLA-format/libero_10/LIVING_ROOM_SCENE2_put_both_the_alphabet_soup_and_the_tomato_sauce_in_the_basket_demo/demo_39.hdf5
Fetching 5618 files:   4%|▎         | 208/5618 [00:29<13:12,  6.83it/s]Downloading 'libero_10/LIVING_ROOM_SCENE2_put_both_the_alphabet_soup_and_the_tomato_sauce_in_the_basket_demo/demo_6.hdf5' to '/scratch/shahils/openpi/datasets/Libero-XVLA-format/.cache/huggingface/download/libero_10/LIVING_ROOM_SCENE2_put_both_the_alphabet_soup_and_the_tomato_sauce_in_the_basket_demo/Wr6ZPoJs4sFIJWzyWVAnWCPbWzA=.3c4a61d98e67e66f2223aff4150c1e92537f59c86159b8a0a26fcdb3958e21d2.incomplete'
Downloading 'libero_10/LIVING_ROOM_SCENE2_put_both_the_alphabet_soup_and_the_tomato_sauce_in_the_basket_demo/demo_7.hdf5' to '/scratch/shahils/openpi/datasets/Libero-XVLA-format/.cache/huggingface/download/libero_10/LIVING_ROOM_SCENE2_put_both_the_alphabet_soup_and_the_tomato_sauce_in_the_basket_demo/Qbgk0AKX1FAN0bSHcNqoVwXx0Rg=.89706e0642fbe385ad30eacf5e6fbaf5f60434af016c669f640f12429c08be31.incomplete'
Download complete. Moving file to /scratch/shahils/openpi/datasets/Libero-XVLA-format/libero_10/LIVING_ROOM_SCENE2_put_both_the_alphabet_soup_and_the_tomato_sauce_in_the_basket_demo/demo_40.hdf5
Downloading 'libero_10/LIVING_ROOM_SCENE2_put_both_the_alphabet_soup_and_the_tomato_sauce_in_the_basket_demo/demo_8.hdf5' to '/scratch/shahils/openpi/datasets/Libero-XVLA-format/.cache/huggingface/download/libero_10/LIVING_ROOM_SCENE2_put_both_the_alphabet_soup_and_the_tomato_sauce_in_the_basket_demo/guTF9kyhn15zkapITNaJzvsF6SM=.aa0bc3dfcde040665038ae0727e65ea57e1495441de7044e2184bb388a85d87c.incomplete'
Fetching 5618 files:   4%|▎         | 210/5618 [00:29<11:37,  7.76it/s]Download complete. Moving file to /scratch/shahils/openpi/datasets/Libero-XVLA-format/libero_10/LIVING_ROOM_SCENE2_put_both_the_alphabet_soup_and_the_tomato_sauce_in_the_basket_demo/demo_47.hdf5
Downloading 'libero_10/LIVING_ROOM_SCENE2_put_both_the_cream_cheese_box_and_the_butter_in_the_basket_demo/demo_0.hdf5' to '/scratch/shahils/openpi/datasets/Libero-XVLA-format/.cache/huggingface/download/libero_10/LIVING_ROOM_SCENE2_put_both_the_cream_cheese_box_and_the_butter_in_the_basket_demo/-SUtq2iS9pccEl-u7s03cwI-BTI=.085f5157c248deb363e275d2797ddee265aba0f8980fa6fa5f0e62ce3826ca99.incomplete'
Download complete. Moving file to /scratch/shahils/openpi/datasets/Libero-XVLA-format/libero_10/LIVING_ROOM_SCENE2_put_both_the_alphabet_soup_and_the_tomato_sauce_in_the_basket_demo/demo_48.hdf5
Download complete. Moving file to /scratch/shahils/openpi/datasets/Libero-XVLA-format/libero_10/LIVING_ROOM_SCENE2_put_both_the_alphabet_soup_and_the_tomato_sauce_in_the_basket_demo/demo_45.hdf5
Fetching 5618 files:   4%|▍         | 212/5618 [00:29<10:54,  8.26it/s]Downloading 'libero_10/LIVING_ROOM_SCENE2_put_both_the_cream_cheese_box_and_the_butter_in_the_basket_demo/demo_10.hdf5' to '/scratch/shahils/openpi/datasets/Libero-XVLA-format/.cache/huggingface/download/libero_10/LIVING_ROOM_SCENE2_put_both_the_cream_cheese_box_and_the_butter_in_the_basket_demo/qIanSg8lEEhbjgh5TfQXC9aObEA=.48d6a7993df3ef617b6909263af079ed05d0fccae786f3f390af077cc983b5f7.incomplete'
Downloading 'libero_10/LIVING_ROOM_SCENE2_put_both_the_cream_cheese_box_and_the_butter_in_the_basket_demo/demo_11.hdf5' to '/scratch/shahils/openpi/datasets/Libero-XVLA-format/.cache/huggingface/download/libero_10/LIVING_ROOM_SCENE2_put_both_the_cream_cheese_box_and_the_butter_in_the_basket_demo/T6SmyekXmGOaXhadezMfhlRR42s=.5b7c0a9994a005dad47bbe356d6386a6f524d6c14ea34aec27e132149f34fb0e.incomplete'
Downloading 'libero_10/LIVING_ROOM_SCENE2_put_both_the_cream_cheese_box_and_the_butter_in_the_basket_demo/demo_1.hdf5' to '/scratch/shahils/openpi/datasets/Libero-XVLA-format/.cache/huggingface/download/libero_10/LIVING_ROOM_SCENE2_put_both_the_cream_cheese_box_and_the_butter_in_the_basket_demo/G-5RjmQ2_e5v-a7yjG2BYUzL9K0=.f085abecf6d02091008cddc756c64d873c98bcc932c10636e62597ddf8dd5720.incomplete'
Download complete. Moving file to /scratch/shahils/openpi/datasets/Libero-XVLA-format/libero_10/LIVING_ROOM_SCENE2_put_both_the_alphabet_soup_and_the_tomato_sauce_in_the_basket_demo/demo_5.hdf5
Fetching 5618 files:   4%|▍         | 215/5618 [00:30<10:21,  8.70it/s]Download complete. Moving file to /scratch/shahils/openpi/datasets/Libero-XVLA-format/libero_10/LIVING_ROOM_SCENE2_put_both_the_alphabet_soup_and_the_tomato_sauce_in_the_basket_demo/demo_6.hdf5
Downloading 'libero_10/LIVING_ROOM_SCENE2_put_both_the_cream_cheese_box_and_the_butter_in_the_basket_demo/demo_12.hdf5' to '/scratch/shahils/openpi/datasets/Libero-XVLA-format/.cache/huggingface/download/libero_10/LIVING_ROOM_SCENE2_put_both_the_cream_cheese_box_and_the_butter_in_the_basket_demo/QDq8jLIyXUsYQbypRHAy-yw4iXg=.b5889a17c6d11334a444b6cbdd9eb86401d68eff2c0ad60e86ab496e8e3e54f6.incomplete'
Download complete. Moving file to /scratch/shahils/openpi/datasets/Libero-XVLA-format/libero_10/LIVING_ROOM_SCENE2_put_both_the_alphabet_soup_and_the_tomato_sauce_in_the_basket_demo/demo_8.hdf5
Downloading 'libero_10/LIVING_ROOM_SCENE2_put_both_the_cream_cheese_box_and_the_butter_in_the_basket_demo/demo_13.hdf5' to '/scratch/shahils/openpi/datasets/Libero-XVLA-format/.cache/huggingface/download/libero_10/LIVING_ROOM_SCENE2_put_both_the_cream_cheese_box_and_the_butter_in_the_basket_demo/NkkCokoXhiuvGb16sv2kt7AnL2k=.da5164aebd8d8371cc8cde2a72c072132efd0bc40c80884ec8e3b02b26080928.incomplete'
Downloading 'libero_10/LIVING_ROOM_SCENE2_put_both_the_cream_cheese_box_and_the_butter_in_the_basket_demo/demo_14.hdf5' to '/scratch/shahils/openpi/datasets/Libero-XVLA-format/.cache/huggingface/download/libero_10/LIVING_ROOM_SCENE2_put_both_the_cream_cheese_box_and_the_butter_in_the_basket_demo/neGPYLrCEkbENyyrDK-tLEwet5Q=.640acd9df0ae2eaa29c6c0b861c23aca774801c42a099192cfd025b9453b0d74.incomplete'
Download complete. Moving file to /scratch/shahils/openpi/datasets/Libero-XVLA-format/libero_10/LIVING_ROOM_SCENE2_put_both_the_alphabet_soup_and_the_tomato_sauce_in_the_basket_demo/demo_7.hdf5
Fetching 5618 files:   4%|▍         | 217/5618 [00:30<13:01,  6.91it/s]Download complete. Moving file to /scratch/shahils/openpi/datasets/Libero-XVLA-format/libero_10/LIVING_ROOM_SCENE2_put_both_the_cream_cheese_box_and_the_butter_in_the_basket_demo/demo_0.hdf5
Downloading 'libero_10/LIVING_ROOM_SCENE2_put_both_the_cream_cheese_box_and_the_butter_in_the_basket_demo/demo_15.hdf5' to '/scratch/shahils/openpi/datasets/Libero-XVLA-format/.cache/huggingface/download/libero_10/LIVING_ROOM_SCENE2_put_both_the_cream_cheese_box_and_the_butter_in_the_basket_demo/iCPyddSLzII7wzJLY_yWK4NQfdE=.ab27aab872799454eb4ac59943cf77a1f1b0d110827d107bf08e88e2db60c75b.incomplete'
Download complete. Moving file to /scratch/shahils/openpi/datasets/Libero-XVLA-format/libero_10/LIVING_ROOM_SCENE2_put_both_the_cream_cheese_box_and_the_butter_in_the_basket_demo/demo_10.hdf5
Downloading 'libero_10/LIVING_ROOM_SCENE2_put_both_the_cream_cheese_box_and_the_butter_in_the_basket_demo/demo_16.hdf5' to '/scratch/shahils/openpi/datasets/Libero-XVLA-format/.cache/huggingface/download/libero_10/LIVING_ROOM_SCENE2_put_both_the_cream_cheese_box_and_the_butter_in_the_basket_demo/s1llPhM4ziSOsExqdg76GXM5fSI=.249959d9525622ad03384ab469b6d9eb58e9da79de3f5bc6ae522cdb8d230e15.incomplete'
Download complete. Moving file to /scratch/shahils/openpi/datasets/Libero-XVLA-format/libero_10/LIVING_ROOM_SCENE2_put_both_the_cream_cheese_box_and_the_butter_in_the_basket_demo/demo_11.hdf5
Download complete. Moving file to /scratch/shahils/openpi/datasets/Libero-XVLA-format/libero_10/LIVING_ROOM_SCENE2_put_both_the_cream_cheese_box_and_the_butter_in_the_basket_demo/demo_1.hdf5
Fetching 5618 files:   4%|▍         | 220/5618 [00:30<11:09,  8.07it/s]Downloading 'libero_10/LIVING_ROOM_SCENE2_put_both_the_cream_cheese_box_and_the_butter_in_the_basket_demo/demo_17.hdf5' to '/scratch/shahils/openpi/datasets/Libero-XVLA-format/.cache/huggingface/download/libero_10/LIVING_ROOM_SCENE2_put_both_the_cream_cheese_box_and_the_butter_in_the_basket_demo/tdk1YGznMGt3DKeO1j0C_7zlX5E=.7b43d02d251f6700779f794465e7ae5a3624a1438a107e1d023844ff082e2c39.incomplete'
Downloading 'libero_10/LIVING_ROOM_SCENE2_put_both_the_cream_cheese_box_and_the_butter_in_the_basket_demo/demo_18.hdf5' to '/scratch/shahils/openpi/datasets/Libero-XVLA-format/.cache/huggingface/download/libero_10/LIVING_ROOM_SCENE2_put_both_the_cream_cheese_box_and_the_butter_in_the_basket_demo/QKYXz1zdl3FTvUCbpq3qqjTLQU0=.4ae6be9716480ac2bdcbb1d4c4fe5ce316a1c713438648b023d06b86dd7deb4d.incomplete'
Downloading 'libero_10/LIVING_ROOM_SCENE2_put_both_the_cream_cheese_box_and_the_butter_in_the_basket_demo/demo_19.hdf5' to '/scratch/shahils/openpi/datasets/Libero-XVLA-format/.cache/huggingface/download/libero_10/LIVING_ROOM_SCENE2_put_both_the_cream_cheese_box_and_the_butter_in_the_basket_demo/6xBKWCyw0SdK7vupOIeue6KcRJQ=.e79d9cd76f6ad8b2c48fa56bd9f4541d376cd5dbb7fb90e81681e044f8da43aa.incomplete'
Download complete. Moving file to /scratch/shahils/openpi/datasets/Libero-XVLA-format/libero_10/LIVING_ROOM_SCENE2_put_both_the_cream_cheese_box_and_the_butter_in_the_basket_demo/demo_12.hdf5
Fetching 5618 files:   4%|▍         | 223/5618 [00:31<11:24,  7.88it/s]Download complete. Moving file to /scratch/shahils/openpi/datasets/Libero-XVLA-format/libero_10/LIVING_ROOM_SCENE2_put_both_the_cream_cheese_box_and_the_butter_in_the_basket_demo/demo_13.hdf5
Downloading 'libero_10/LIVING_ROOM_SCENE2_put_both_the_cream_cheese_box_and_the_butter_in_the_basket_demo/demo_20.hdf5' to '/scratch/shahils/openpi/datasets/Libero-XVLA-format/.cache/huggingface/download/libero_10/LIVING_ROOM_SCENE2_put_both_the_cream_cheese_box_and_the_butter_in_the_basket_demo/YKCRkR71roKkdVB7ct5LRhgdm0w=.bca96faa3d7a21b05ec3665f63a11c36004c9550acd6d552baf62ca382158c3c.incomplete'
Downloading 'libero_10/LIVING_ROOM_SCENE2_put_both_the_cream_cheese_box_and_the_butter_in_the_basket_demo/demo_2.hdf5' to '/scratch/shahils/openpi/datasets/Libero-XVLA-format/.cache/huggingface/download/libero_10/LIVING_ROOM_SCENE2_put_both_the_cream_cheese_box_and_the_butter_in_the_basket_demo/3og14UMK8OhFZ5TnH3yoVefIegk=.a65c0c778466787351732b98ee512bb5b8e250c131d9f4108d024a56c7dbce7f.incomplete'
Download complete. Moving file to /scratch/shahils/openpi/datasets/Libero-XVLA-format/libero_10/LIVING_ROOM_SCENE2_put_both_the_cream_cheese_box_and_the_butter_in_the_basket_demo/demo_15.hdf5
Downloading 'libero_10/LIVING_ROOM_SCENE2_put_both_the_cream_cheese_box_and_the_butter_in_the_basket_demo/demo_21.hdf5' to '/scratch/shahils/openpi/datasets/Libero-XVLA-format/.cache/huggingface/download/libero_10/LIVING_ROOM_SCENE2_put_both_the_cream_cheese_box_and_the_butter_in_the_basket_demo/3K3Z_y4mvKjZ0errTbFxkBfVJTk=.922d844a23ae2044013f54992ceacbab0f059f2b7624cf5b7bfc4c1643b6eadc.incomplete'
Download complete. Moving file to /scratch/shahils/openpi/datasets/Libero-XVLA-format/libero_10/LIVING_ROOM_SCENE2_put_both_the_cream_cheese_box_and_the_butter_in_the_basket_demo/demo_14.hdf5
Fetching 5618 files:   4%|▍         | 225/5618 [00:31<12:20,  7.28it/s]Download complete. Moving file to /scratch/shahils/openpi/datasets/Libero-XVLA-format/libero_10/LIVING_ROOM_SCENE2_put_both_the_cream_cheese_box_and_the_butter_in_the_basket_demo/demo_16.hdf5
Downloading 'libero_10/LIVING_ROOM_SCENE2_put_both_the_cream_cheese_box_and_the_butter_in_the_basket_demo/demo_24.hdf5' to '/scratch/shahils/openpi/datasets/Libero-XVLA-format/.cache/huggingface/download/libero_10/LIVING_ROOM_SCENE2_put_both_the_cream_cheese_box_and_the_butter_in_the_basket_demo/Av9f4nuuD5gt-fGnBnDr3GSVu64=.61e5e09fa09bb75632c3470eba9868a4f1786470392ff5826c656ef9fff5b241.incomplete'
Downloading 'libero_10/LIVING_ROOM_SCENE2_put_both_the_cream_cheese_box_and_the_butter_in_the_basket_demo/demo_23.hdf5' to '/scratch/shahils/openpi/datasets/Libero-XVLA-format/.cache/huggingface/download/libero_10/LIVING_ROOM_SCENE2_put_both_the_cream_cheese_box_and_the_butter_in_the_basket_demo/yzE0FOLSaNlQiGR555_6tIW-62E=.ca917fbce418ac5c9377e1a18a53bef427ad1fd3fc71cbe3cd8951096f05b877.incomplete'
Download complete. Moving file to /scratch/shahils/openpi/datasets/Libero-XVLA-format/libero_10/LIVING_ROOM_SCENE2_put_both_the_cream_cheese_box_and_the_butter_in_the_basket_demo/demo_19.hdf5
Download complete. Moving file to /scratch/shahils/openpi/datasets/Libero-XVLA-format/libero_10/LIVING_ROOM_SCENE2_put_both_the_cream_cheese_box_and_the_butter_in_the_basket_demo/demo_17.hdf5
Fetching 5618 files:   4%|▍         | 228/5618 [00:31<12:05,  7.43it/s]Download complete. Moving file to /scratch/shahils/openpi/datasets/Libero-XVLA-format/libero_10/LIVING_ROOM_SCENE2_put_both_the_cream_cheese_box_and_the_butter_in_the_basket_demo/demo_18.hdf5
Downloading 'libero_10/LIVING_ROOM_SCENE2_put_both_the_cream_cheese_box_and_the_butter_in_the_basket_demo/demo_26.hdf5' to '/scratch/shahils/openpi/datasets/Libero-XVLA-format/.cache/huggingface/download/libero_10/LIVING_ROOM_SCENE2_put_both_the_cream_cheese_box_and_the_butter_in_the_basket_demo/D0Sfp77Lbsw-ire7S06x4EHBIz8=.e0fe6a92aa185a8517e92105694f73075de6ae9cb9c53734a20bd793e289a353.incomplete'
Fetching 5618 files:   4%|▍         | 229/5618 [00:32<11:48,  7.60it/s]Download complete. Moving file to /scratch/shahils/openpi/datasets/Libero-XVLA-format/libero_10/LIVING_ROOM_SCENE2_put_both_the_cream_cheese_box_and_the_butter_in_the_basket_demo/demo_21.hdf5
Downloading 'libero_10/LIVING_ROOM_SCENE2_put_both_the_cream_cheese_box_and_the_butter_in_the_basket_demo/demo_25.hdf5' to '/scratch/shahils/openpi/datasets/Libero-XVLA-format/.cache/huggingface/download/libero_10/LIVING_ROOM_SCENE2_put_both_the_cream_cheese_box_and_the_butter_in_the_basket_demo/6Z-wCyJKscsJ4FI7YAMP-Ecsv0g=.8f646a735646247b5b3b0535a7c7faf2bf2b9e8ff37539d00b4f9da0b2fb7185.incomplete'
Download complete. Moving file to /scratch/shahils/openpi/datasets/Libero-XVLA-format/libero_10/LIVING_ROOM_SCENE2_put_both_the_cream_cheese_box_and_the_butter_in_the_basket_demo/demo_2.hdf5
Downloading 'libero_10/LIVING_ROOM_SCENE2_put_both_the_cream_cheese_box_and_the_butter_in_the_basket_demo/demo_28.hdf5' to '/scratch/shahils/openpi/datasets/Libero-XVLA-format/.cache/huggingface/download/libero_10/LIVING_ROOM_SCENE2_put_both_the_cream_cheese_box_and_the_butter_in_the_basket_demo/oCHBOAFNGVGg80mwaTp2RsvSXNo=.0ba703afcbafcf85f787983b739cf00bbb1186b3fbcb70352665e46b99e507d0.incomplete'
Downloading 'libero_10/LIVING_ROOM_SCENE2_put_both_the_cream_cheese_box_and_the_butter_in_the_basket_demo/demo_27.hdf5' to '/scratch/shahils/openpi/datasets/Libero-XVLA-format/.cache/huggingface/download/libero_10/LIVING_ROOM_SCENE2_put_both_the_cream_cheese_box_and_the_butter_in_the_basket_demo/awW9_RZm5u75nVXyr7-Wt87ouRY=.2f2e36515fc8e0038f7fa58003e1de7f13923a9a1b4d56adc170dc48596d99d7.incomplete'
Fetching 5618 files:   4%|▍         | 231/5618 [00:32<11:55,  7.53it/s]Download complete. Moving file to /scratch/shahils/openpi/datasets/Libero-XVLA-format/libero_10/LIVING_ROOM_SCENE2_put_both_the_cream_cheese_box_and_the_butter_in_the_basket_demo/demo_20.hdf5
Fetching 5618 files:   4%|▍         | 232/5618 [00:32<11:35,  7.74it/s]Download complete. Moving file to /scratch/shahils/openpi/datasets/Libero-XVLA-format/libero_10/LIVING_ROOM_SCENE2_put_both_the_cream_cheese_box_and_the_butter_in_the_basket_demo/demo_24.hdf5
Downloading 'libero_10/LIVING_ROOM_SCENE2_put_both_the_cream_cheese_box_and_the_butter_in_the_basket_demo/demo_29.hdf5' to '/scratch/shahils/openpi/datasets/Libero-XVLA-format/.cache/huggingface/download/libero_10/LIVING_ROOM_SCENE2_put_both_the_cream_cheese_box_and_the_butter_in_the_basket_demo/yAz0xkAEzHO3nJc6fbf1lm5EA4A=.dc7a4da6700640382f79d3fcc733c7c9b596afbda0f01449fb609d735212219a.incomplete'
Download complete. Moving file to /scratch/shahils/openpi/datasets/Libero-XVLA-format/libero_10/LIVING_ROOM_SCENE2_put_both_the_cream_cheese_box_and_the_butter_in_the_basket_demo/demo_23.hdf5
Downloading 'libero_10/LIVING_ROOM_SCENE2_put_both_the_cream_cheese_box_and_the_butter_in_the_basket_demo/demo_3.hdf5' to '/scratch/shahils/openpi/datasets/Libero-XVLA-format/.cache/huggingface/download/libero_10/LIVING_ROOM_SCENE2_put_both_the_cream_cheese_box_and_the_butter_in_the_basket_demo/kDPYMwpDbb0UmDre7lwzbkhjc_A=.a518f1d197f910d518a2100f2ea8a09d5f1ef0748204eafe7b6949d390730d45.incomplete'
Fetching 5618 files:   4%|▍         | 234/5618 [00:32<09:44,  9.21it/s]Downloading 'libero_10/LIVING_ROOM_SCENE2_put_both_the_cream_cheese_box_and_the_butter_in_the_basket_demo/demo_30.hdf5' to '/scratch/shahils/openpi/datasets/Libero-XVLA-format/.cache/huggingface/download/libero_10/LIVING_ROOM_SCENE2_put_both_the_cream_cheese_box_and_the_butter_in_the_basket_demo/5eZjcC9Xnjg2nGdXeYCieWD8ndg=.89cc8004fcccd7906d3b0ec1ee946f03d8ce783e8f5cf07d8643a5aa4b843e14.incomplete'
Download complete. Moving file to /scratch/shahils/openpi/datasets/Libero-XVLA-format/libero_10/LIVING_ROOM_SCENE2_put_both_the_cream_cheese_box_and_the_butter_in_the_basket_demo/demo_25.hdf5
Fetching 5618 files:   4%|▍         | 236/5618 [00:32<09:37,  9.32it/s]Downloading 'libero_10/LIVING_ROOM_SCENE2_put_both_the_cream_cheese_box_and_the_butter_in_the_basket_demo/demo_31.hdf5' to '/scratch/shahils/openpi/datasets/Libero-XVLA-format/.cache/huggingface/download/libero_10/LIVING_ROOM_SCENE2_put_both_the_cream_cheese_box_and_the_butter_in_the_basket_demo/NBPPmp9ufBi0WLlkvdO6oSjfcDw=.6bbe21a8b687af9e234f71ecbb707d9518f67940a2e8269a28b9421ba124f2e7.incomplete'
Download complete. Moving file to /scratch/shahils/openpi/datasets/Libero-XVLA-format/libero_10/LIVING_ROOM_SCENE2_put_both_the_cream_cheese_box_and_the_butter_in_the_basket_demo/demo_28.hdf5
Downloading 'libero_10/LIVING_ROOM_SCENE2_put_both_the_cream_cheese_box_and_the_butter_in_the_basket_demo/demo_32.hdf5' to '/scratch/shahils/openpi/datasets/Libero-XVLA-format/.cache/huggingface/download/libero_10/LIVING_ROOM_SCENE2_put_both_the_cream_cheese_box_and_the_butter_in_the_basket_demo/W47I1m5ZiJ5j1VB8WAfsa1kZ3jg=.f3417696a507cab7ada58653fc2d5445ae5fdc8a3c82d6f9770dc30e7e1bd281.incomplete'
Download complete. Moving file to /scratch/shahils/openpi/datasets/Libero-XVLA-format/libero_10/LIVING_ROOM_SCENE2_put_both_the_cream_cheese_box_and_the_butter_in_the_basket_demo/demo_27.hdf5
Downloading 'libero_10/LIVING_ROOM_SCENE2_put_both_the_cream_cheese_box_and_the_butter_in_the_basket_demo/demo_33.hdf5' to '/scratch/shahils/openpi/datasets/Libero-XVLA-format/.cache/huggingface/download/libero_10/LIVING_ROOM_SCENE2_put_both_the_cream_cheese_box_and_the_butter_in_the_basket_demo/71dKVjNemPYFufIxiL0NslgkHZ4=.56ff09edc59be5b11c67aa116a6b6beaea675eb7793baee1a26e4153436390c0.incomplete'
Downloading 'libero_10/LIVING_ROOM_SCENE2_put_both_the_cream_cheese_box_and_the_butter_in_the_basket_demo/demo_34.hdf5' to '/scratch/shahils/openpi/datasets/Libero-XVLA-format/.cache/huggingface/download/libero_10/LIVING_ROOM_SCENE2_put_both_the_cream_cheese_box_and_the_butter_in_the_basket_demo/XvqvOhPRR_plUN0huKWrYYYqQso=.22c61c9702295d5ddf29145863f3df23b9f800c188a5b47b9fc8590609b738a7.incomplete'
Download complete. Moving file to /scratch/shahils/openpi/datasets/Libero-XVLA-format/libero_10/LIVING_ROOM_SCENE2_put_both_the_cream_cheese_box_and_the_butter_in_the_basket_demo/demo_29.hdf5
Downloading 'libero_10/LIVING_ROOM_SCENE2_put_both_the_cream_cheese_box_and_the_butter_in_the_basket_demo/demo_35.hdf5' to '/scratch/shahils/openpi/datasets/Libero-XVLA-format/.cache/huggingface/download/libero_10/LIVING_ROOM_SCENE2_put_both_the_cream_cheese_box_and_the_butter_in_the_basket_demo/puxvedngqel9iesOxTa00onBNow=.6ab3cf5430fe52bbbdcdeb34ab7638d75efedd0e5f55860b78feb8a340735e41.incomplete'
Download complete. Moving file to /scratch/shahils/openpi/datasets/Libero-XVLA-format/libero_10/LIVING_ROOM_SCENE2_put_both_the_cream_cheese_box_and_the_butter_in_the_basket_demo/demo_30.hdf5
Download complete. Moving file to /scratch/shahils/openpi/datasets/Libero-XVLA-format/libero_10/LIVING_ROOM_SCENE2_put_both_the_cream_cheese_box_and_the_butter_in_the_basket_demo/demo_31.hdf5
Downloading 'libero_10/LIVING_ROOM_SCENE2_put_both_the_cream_cheese_box_and_the_butter_in_the_basket_demo/demo_36.hdf5' to '/scratch/shahils/openpi/datasets/Libero-XVLA-format/.cache/huggingface/download/libero_10/LIVING_ROOM_SCENE2_put_both_the_cream_cheese_box_and_the_butter_in_the_basket_demo/0t-nm1J8m0Aumq16uzFp8HaSrqk=.37d07d9708d5167277d20ef48ccd1c7b6f6e2b5bc15899c01c135ea546a66324.incomplete'
Downloading 'libero_10/LIVING_ROOM_SCENE2_put_both_the_cream_cheese_box_and_the_butter_in_the_basket_demo/demo_37.hdf5' to '/scratch/shahils/openpi/datasets/Libero-XVLA-format/.cache/huggingface/download/libero_10/LIVING_ROOM_SCENE2_put_both_the_cream_cheese_box_and_the_butter_in_the_basket_demo/six54jnBxEIwvnS7MaIA-ysQ7ww=.a26ea86a600f01b6003706873b3f5677c07d0d3094868a6cd720369fd2887bfe.incomplete'
Download complete. Moving file to /scratch/shahils/openpi/datasets/Libero-XVLA-format/libero_10/LIVING_ROOM_SCENE2_put_both_the_cream_cheese_box_and_the_butter_in_the_basket_demo/demo_3.hdf5
Downloading 'libero_10/LIVING_ROOM_SCENE2_put_both_the_cream_cheese_box_and_the_butter_in_the_basket_demo/demo_38.hdf5' to '/scratch/shahils/openpi/datasets/Libero-XVLA-format/.cache/huggingface/download/libero_10/LIVING_ROOM_SCENE2_put_both_the_cream_cheese_box_and_the_butter_in_the_basket_demo/FvVDF7ms8p6TQEbfo1o-dhDgGUo=.5816bbf43c076ea2db47073d33fe29d2005e50b82d3f4f7b53d974764ad3819f.incomplete'
Download complete. Moving file to /scratch/shahils/openpi/datasets/Libero-XVLA-format/libero_10/LIVING_ROOM_SCENE2_put_both_the_cream_cheese_box_and_the_butter_in_the_basket_demo/demo_26.hdf5
Fetching 5618 files:   4%|▍         | 238/5618 [00:33<21:34,  4.16it/s]Download complete. Moving file to /scratch/shahils/openpi/datasets/Libero-XVLA-format/libero_10/LIVING_ROOM_SCENE2_put_both_the_cream_cheese_box_and_the_butter_in_the_basket_demo/demo_32.hdf5
Download complete. Moving file to /scratch/shahils/openpi/datasets/Libero-XVLA-format/libero_10/LIVING_ROOM_SCENE2_put_both_the_cream_cheese_box_and_the_butter_in_the_basket_demo/demo_34.hdf5
Downloading 'libero_10/LIVING_ROOM_SCENE2_put_both_the_cream_cheese_box_and_the_butter_in_the_basket_demo/demo_39.hdf5' to '/scratch/shahils/openpi/datasets/Libero-XVLA-format/.cache/huggingface/download/libero_10/LIVING_ROOM_SCENE2_put_both_the_cream_cheese_box_and_the_butter_in_the_basket_demo/uc2s1qxkrQQuSk7uhnI17Kpq7so=.44843078d37a53fc8cb4f329064e16b758c55c04fec7d0b7b106e2abb52c4fc1.incomplete'
Downloading 'libero_10/LIVING_ROOM_SCENE2_put_both_the_cream_cheese_box_and_the_butter_in_the_basket_demo/demo_4.hdf5' to '/scratch/shahils/openpi/datasets/Libero-XVLA-format/.cache/huggingface/download/libero_10/LIVING_ROOM_SCENE2_put_both_the_cream_cheese_box_and_the_butter_in_the_basket_demo/ipuk287oYmp9DTR1pceb2mWz1L8=.3721c2cbaa30aa4dd91bc6cfa60427c8b25a1a2af79fe91dd2cc435c9c3a411f.incomplete'
Downloading 'libero_10/LIVING_ROOM_SCENE2_put_both_the_cream_cheese_box_and_the_butter_in_the_basket_demo/demo_40.hdf5' to '/scratch/shahils/openpi/datasets/Libero-XVLA-format/.cache/huggingface/download/libero_10/LIVING_ROOM_SCENE2_put_both_the_cream_cheese_box_and_the_butter_in_the_basket_demo/gbqCG95rgl4AbHbeFAAh6X4b9_0=.b90f1934a1b4805bcad99924baac6cb98ecc2648ac713fe38bdcb2e602ca1e5e.incomplete'
Download complete. Moving file to /scratch/shahils/openpi/datasets/Libero-XVLA-format/libero_10/LIVING_ROOM_SCENE2_put_both_the_cream_cheese_box_and_the_butter_in_the_basket_demo/demo_33.hdf5
Download complete. Moving file to /scratch/shahils/openpi/datasets/Libero-XVLA-format/libero_10/LIVING_ROOM_SCENE2_put_both_the_cream_cheese_box_and_the_butter_in_the_basket_demo/demo_35.hdf5
Fetching 5618 files:   4%|▍         | 245/5618 [00:34<10:30,  8.53it/s]Downloading 'libero_10/LIVING_ROOM_SCENE2_put_both_the_cream_cheese_box_and_the_butter_in_the_basket_demo/demo_41.hdf5' to '/scratch/shahils/openpi/datasets/Libero-XVLA-format/.cache/huggingface/download/libero_10/LIVING_ROOM_SCENE2_put_both_the_cream_cheese_box_and_the_butter_in_the_basket_demo/3iMrJnDf8EyN9l6WylHc3Y2wlVg=.27c64252f2e59fa207fafec6dc726dd5963d8b36c7bc4f838f60b5dfea743ae4.incomplete'
Download complete. Moving file to /scratch/shahils/openpi/datasets/Libero-XVLA-format/libero_10/LIVING_ROOM_SCENE2_put_both_the_cream_cheese_box_and_the_butter_in_the_basket_demo/demo_37.hdf5
Downloading 'libero_10/LIVING_ROOM_SCENE2_put_both_the_cream_cheese_box_and_the_butter_in_the_basket_demo/demo_42.hdf5' to '/scratch/shahils/openpi/datasets/Libero-XVLA-format/.cache/huggingface/download/libero_10/LIVING_ROOM_SCENE2_put_both_the_cream_cheese_box_and_the_butter_in_the_basket_demo/aG9SsDqjtm7eJlBwavK1b1oF2A0=.f1ab75b0c9d9d0aa4a35e9c96986c819217106b12e8b82272db4b06c0d7273f4.incomplete'
Downloading 'libero_10/LIVING_ROOM_SCENE2_put_both_the_cream_cheese_box_and_the_butter_in_the_basket_demo/demo_43.hdf5' to '/scratch/shahils/openpi/datasets/Libero-XVLA-format/.cache/huggingface/download/libero_10/LIVING_ROOM_SCENE2_put_both_the_cream_cheese_box_and_the_butter_in_the_basket_demo/xDtfjXi1ZpcTDqx8nNxVshnvTLY=.85b5d6ba84c684ed13dce66438c2dbe434a840d3e5dda3cb226842fd8473fb00.incomplete'
Download complete. Moving file to /scratch/shahils/openpi/datasets/Libero-XVLA-format/libero_10/LIVING_ROOM_SCENE2_put_both_the_cream_cheese_box_and_the_butter_in_the_basket_demo/demo_36.hdf5
Fetching 5618 files:   4%|▍         | 248/5618 [00:34<10:47,  8.29it/s]Downloading 'libero_10/LIVING_ROOM_SCENE2_put_both_the_cream_cheese_box_and_the_butter_in_the_basket_demo/demo_44.hdf5' to '/scratch/shahils/openpi/datasets/Libero-XVLA-format/.cache/huggingface/download/libero_10/LIVING_ROOM_SCENE2_put_both_the_cream_cheese_box_and_the_butter_in_the_basket_demo/WSw2kAHnlOu7Sf1zW4FvtY6ae68=.3d9fbecc6de4f5fc6865d9f04de018fab781b938758d0a5ddf35ee8d0e58d2c5.incomplete'
Download complete. Moving file to /scratch/shahils/openpi/datasets/Libero-XVLA-format/libero_10/LIVING_ROOM_SCENE2_put_both_the_cream_cheese_box_and_the_butter_in_the_basket_demo/demo_38.hdf5
Fetching 5618 files:   4%|▍         | 250/5618 [00:34<09:51,  9.07it/s]Downloading 'libero_10/LIVING_ROOM_SCENE2_put_both_the_cream_cheese_box_and_the_butter_in_the_basket_demo/demo_45.hdf5' to '/scratch/shahils/openpi/datasets/Libero-XVLA-format/.cache/huggingface/download/libero_10/LIVING_ROOM_SCENE2_put_both_the_cream_cheese_box_and_the_butter_in_the_basket_demo/UJk1zjgo-NhoaRnOwcI5hlYGES8=.a6d89e475f1c566231de6e93b487028da054218bafc0510a4e740b807ffd27ea.incomplete'
Download complete. Moving file to /scratch/shahils/openpi/datasets/Libero-XVLA-format/libero_10/LIVING_ROOM_SCENE2_put_both_the_cream_cheese_box_and_the_butter_in_the_basket_demo/demo_40.hdf5
Download complete. Moving file to /scratch/shahils/openpi/datasets/Libero-XVLA-format/libero_10/LIVING_ROOM_SCENE2_put_both_the_cream_cheese_box_and_the_butter_in_the_basket_demo/demo_4.hdf5
Download complete. Moving file to /scratch/shahils/openpi/datasets/Libero-XVLA-format/libero_10/LIVING_ROOM_SCENE2_put_both_the_cream_cheese_box_and_the_butter_in_the_basket_demo/demo_41.hdf5
Download complete. Moving file to /scratch/shahils/openpi/datasets/Libero-XVLA-format/libero_10/LIVING_ROOM_SCENE2_put_both_the_cream_cheese_box_and_the_butter_in_the_basket_demo/demo_39.hdf5
Fetching 5618 files:   4%|▍         | 252/5618 [00:35<11:20,  7.88it/s]Downloading 'libero_10/LIVING_ROOM_SCENE2_put_both_the_cream_cheese_box_and_the_butter_in_the_basket_demo/demo_47.hdf5' to '/scratch/shahils/openpi/datasets/Libero-XVLA-format/.cache/huggingface/download/libero_10/LIVING_ROOM_SCENE2_put_both_the_cream_cheese_box_and_the_butter_in_the_basket_demo/WAmqMow1SHsQNkQwGt3eEQD1n68=.038836a7264aff1bad17ecdb4fbaa92839b162b084ff57f2ea8a76c9135a37b4.incomplete'
Downloading 'libero_10/LIVING_ROOM_SCENE2_put_both_the_cream_cheese_box_and_the_butter_in_the_basket_demo/demo_48.hdf5' to '/scratch/shahils/openpi/datasets/Libero-XVLA-format/.cache/huggingface/download/libero_10/LIVING_ROOM_SCENE2_put_both_the_cream_cheese_box_and_the_butter_in_the_basket_demo/clT21Q6GOZoCuvkT9Yij6UyXzo8=.9afb9acb1a90119be8799d4f147d0cb1acf38b791954abc661d4c8129edadefc.incomplete'
Downloading 'libero_10/LIVING_ROOM_SCENE2_put_both_the_cream_cheese_box_and_the_butter_in_the_basket_demo/demo_46.hdf5' to '/scratch/shahils/openpi/datasets/Libero-XVLA-format/.cache/huggingface/download/libero_10/LIVING_ROOM_SCENE2_put_both_the_cream_cheese_box_and_the_butter_in_the_basket_demo/GSFiAZuoEvbbDSjbh92wEUVAKvQ=.c900fc6ff454a84bb33df2e43d414228b38c8ddd912bc143dcd0169c380b4977.incomplete'
Downloading 'libero_10/LIVING_ROOM_SCENE2_put_both_the_cream_cheese_box_and_the_butter_in_the_basket_demo/demo_49.hdf5' to '/scratch/shahils/openpi/datasets/Libero-XVLA-format/.cache/huggingface/download/libero_10/LIVING_ROOM_SCENE2_put_both_the_cream_cheese_box_and_the_butter_in_the_basket_demo/AqGksBkHsgl6Z30tGZzu6zuU6u4=.f3fe963a422e7ae8df7e3cb7b405c0bbfe10cb5cb561230eb6e1d2b1f8abcf14.incomplete'
Download complete. Moving file to /scratch/shahils/openpi/datasets/Libero-XVLA-format/libero_10/LIVING_ROOM_SCENE2_put_both_the_cream_cheese_box_and_the_butter_in_the_basket_demo/demo_43.hdf5
Downloading 'libero_10/LIVING_ROOM_SCENE2_put_both_the_cream_cheese_box_and_the_butter_in_the_basket_demo/demo_5.hdf5' to '/scratch/shahils/openpi/datasets/Libero-XVLA-format/.cache/huggingface/download/libero_10/LIVING_ROOM_SCENE2_put_both_the_cream_cheese_box_and_the_butter_in_the_basket_demo/W103OyYBEP6E2F77F2mPmmee-xo=.63a5febd8bf487fd806d191ea0613ae25e3bb86a8091c62fefc829dd0160c8e6.incomplete'
Download complete. Moving file to /scratch/shahils/openpi/datasets/Libero-XVLA-format/libero_10/LIVING_ROOM_SCENE2_put_both_the_cream_cheese_box_and_the_butter_in_the_basket_demo/demo_44.hdf5
Downloading 'libero_10/LIVING_ROOM_SCENE2_put_both_the_cream_cheese_box_and_the_butter_in_the_basket_demo/demo_6.hdf5' to '/scratch/shahils/openpi/datasets/Libero-XVLA-format/.cache/huggingface/download/libero_10/LIVING_ROOM_SCENE2_put_both_the_cream_cheese_box_and_the_butter_in_the_basket_demo/Wr6ZPoJs4sFIJWzyWVAnWCPbWzA=.a4420aacc7b10355b10ad416b44177a2e19031efd57365f715475bc5392d767a.incomplete'
Download complete. Moving file to /scratch/shahils/openpi/datasets/Libero-XVLA-format/libero_10/LIVING_ROOM_SCENE2_put_both_the_cream_cheese_box_and_the_butter_in_the_basket_demo/demo_42.hdf5
Fetching 5618 files:   5%|▍         | 255/5618 [00:35<13:31,  6.61it/s]Download complete. Moving file to /scratch/shahils/openpi/datasets/Libero-XVLA-format/libero_10/LIVING_ROOM_SCENE2_put_both_the_cream_cheese_box_and_the_butter_in_the_basket_demo/demo_45.hdf5
Download complete. Moving file to /scratch/shahils/openpi/datasets/Libero-XVLA-format/libero_10/LIVING_ROOM_SCENE2_put_both_the_cream_cheese_box_and_the_butter_in_the_basket_demo/demo_48.hdf5
Downloading 'libero_10/LIVING_ROOM_SCENE2_put_both_the_cream_cheese_box_and_the_butter_in_the_basket_demo/demo_7.hdf5' to '/scratch/shahils/openpi/datasets/Libero-XVLA-format/.cache/huggingface/download/libero_10/LIVING_ROOM_SCENE2_put_both_the_cream_cheese_box_and_the_butter_in_the_basket_demo/Qbgk0AKX1FAN0bSHcNqoVwXx0Rg=.a089320fe408367d4498f7ac850103e74a70d910ee929a44b32f6513bbc855cf.incomplete'
Download complete. Moving file to /scratch/shahils/openpi/datasets/Libero-XVLA-format/libero_10/LIVING_ROOM_SCENE2_put_both_the_cream_cheese_box_and_the_butter_in_the_basket_demo/demo_46.hdf5
Downloading 'libero_10/LIVING_ROOM_SCENE2_put_both_the_cream_cheese_box_and_the_butter_in_the_basket_demo/demo_9.hdf5' to '/scratch/shahils/openpi/datasets/Libero-XVLA-format/.cache/huggingface/download/libero_10/LIVING_ROOM_SCENE2_put_both_the_cream_cheese_box_and_the_butter_in_the_basket_demo/jlB8BvhXv_s7_AXzTNoxVPsUohM=.43ef0efadaf66380019cffada8f7b7977ac45fc7723fb72de2fef4fb753a2f9a.incomplete'
Fetching 5618 files:   5%|▍         | 259/5618 [00:35<10:05,  8.85it/s]Download complete. Moving file to /scratch/shahils/openpi/datasets/Libero-XVLA-format/libero_10/LIVING_ROOM_SCENE2_put_both_the_cream_cheese_box_and_the_butter_in_the_basket_demo/demo_49.hdf5
Downloading 'libero_10/LIVING_ROOM_SCENE2_put_both_the_cream_cheese_box_and_the_butter_in_the_basket_demo/demo_8.hdf5' to '/scratch/shahils/openpi/datasets/Libero-XVLA-format/.cache/huggingface/download/libero_10/LIVING_ROOM_SCENE2_put_both_the_cream_cheese_box_and_the_butter_in_the_basket_demo/guTF9kyhn15zkapITNaJzvsF6SM=.47f2c3ea53abbe375d50a942dc96cc65c92cbe2526baee1dff52b8bc003453fe.incomplete'
Downloading 'libero_10/LIVING_ROOM_SCENE5_put_the_white_mug_on_the_left_plate_and_put_the_yellow_and_white_mug_on_the_right_plate_demo/demo_10.hdf5' to '/scratch/shahils/openpi/datasets/Libero-XVLA-format/.cache/huggingface/download/libero_10/LIVING_ROOM_SCENE5_put_the_white_mug_on_the_left_plate_and_put_the_yellow_and_white_mug_on_the_right_plate_demo/qIanSg8lEEhbjgh5TfQXC9aObEA=.caef4212c7385226f72b972eebf7c2d0742d6d07573b2e2b8357d71237ad8872.incomplete'
Download complete. Moving file to /scratch/shahils/openpi/datasets/Libero-XVLA-format/libero_10/LIVING_ROOM_SCENE2_put_both_the_cream_cheese_box_and_the_butter_in_the_basket_demo/demo_47.hdf5
Fetching 5618 files:   5%|▍         | 261/5618 [00:36<10:11,  8.76it/s]Downloading 'libero_10/LIVING_ROOM_SCENE5_put_the_white_mug_on_the_left_plate_and_put_the_yellow_and_white_mug_on_the_right_plate_demo/demo_0.hdf5' to '/scratch/shahils/openpi/datasets/Libero-XVLA-format/.cache/huggingface/download/libero_10/LIVING_ROOM_SCENE5_put_the_white_mug_on_the_left_plate_and_put_the_yellow_and_white_mug_on_the_right_plate_demo/-SUtq2iS9pccEl-u7s03cwI-BTI=.05a1c5c5e0e29007ff0bb109e3bfc7d48353aa488fd24242bb0e6b353fe82597.incomplete'
Downloading 'libero_10/LIVING_ROOM_SCENE5_put_the_white_mug_on_the_left_plate_and_put_the_yellow_and_white_mug_on_the_right_plate_demo/demo_11.hdf5' to '/scratch/shahils/openpi/datasets/Libero-XVLA-format/.cache/huggingface/download/libero_10/LIVING_ROOM_SCENE5_put_the_white_mug_on_the_left_plate_and_put_the_yellow_and_white_mug_on_the_right_plate_demo/T6SmyekXmGOaXhadezMfhlRR42s=.816218afe2e5da8866c111245a79d9b61fc6c3f5d1e132a552752ec29a3eeb78.incomplete'
Download complete. Moving file to /scratch/shahils/openpi/datasets/Libero-XVLA-format/libero_10/LIVING_ROOM_SCENE2_put_both_the_cream_cheese_box_and_the_butter_in_the_basket_demo/demo_7.hdf5
Downloading 'libero_10/LIVING_ROOM_SCENE5_put_the_white_mug_on_the_left_plate_and_put_the_yellow_and_white_mug_on_the_right_plate_demo/demo_12.hdf5' to '/scratch/shahils/openpi/datasets/Libero-XVLA-format/.cache/huggingface/download/libero_10/LIVING_ROOM_SCENE5_put_the_white_mug_on_the_left_plate_and_put_the_yellow_and_white_mug_on_the_right_plate_demo/QDq8jLIyXUsYQbypRHAy-yw4iXg=.913cdc0337c3694f41ae66ab13e2f19cd540496b69ff4f101124cb979845cc3d.incomplete'
Download complete. Moving file to /scratch/shahils/openpi/datasets/Libero-XVLA-format/libero_10/LIVING_ROOM_SCENE2_put_both_the_cream_cheese_box_and_the_butter_in_the_basket_demo/demo_6.hdf5
Download complete. Moving file to /scratch/shahils/openpi/datasets/Libero-XVLA-format/libero_10/LIVING_ROOM_SCENE2_put_both_the_cream_cheese_box_and_the_butter_in_the_basket_demo/demo_8.hdf5
Downloading 'libero_10/LIVING_ROOM_SCENE5_put_the_white_mug_on_the_left_plate_and_put_the_yellow_and_white_mug_on_the_right_plate_demo/demo_14.hdf5' to '/scratch/shahils/openpi/datasets/Libero-XVLA-format/.cache/huggingface/download/libero_10/LIVING_ROOM_SCENE5_put_the_white_mug_on_the_left_plate_and_put_the_yellow_and_white_mug_on_the_right_plate_demo/neGPYLrCEkbENyyrDK-tLEwet5Q=.2586ed4d875d6cf6726f4d7d4603f9c2220acc8586a3669bb3627be0cc015e62.incomplete'
Download complete. Moving file to /scratch/shahils/openpi/datasets/Libero-XVLA-format/libero_10/LIVING_ROOM_SCENE2_put_both_the_cream_cheese_box_and_the_butter_in_the_basket_demo/demo_5.hdf5
Download complete. Moving file to /scratch/shahils/openpi/datasets/Libero-XVLA-format/libero_10/LIVING_ROOM_SCENE2_put_both_the_cream_cheese_box_and_the_butter_in_the_basket_demo/demo_9.hdf5
Fetching 5618 files:   5%|▍         | 263/5618 [00:36<16:02,  5.57it/s]Downloading 'libero_10/LIVING_ROOM_SCENE5_put_the_white_mug_on_the_left_plate_and_put_the_yellow_and_white_mug_on_the_right_plate_demo/demo_15.hdf5' to '/scratch/shahils/openpi/datasets/Libero-XVLA-format/.cache/huggingface/download/libero_10/LIVING_ROOM_SCENE5_put_the_white_mug_on_the_left_plate_and_put_the_yellow_and_white_mug_on_the_right_plate_demo/iCPyddSLzII7wzJLY_yWK4NQfdE=.4af49a1df68ad25cd553eef9b11d910b161381b840972c0a766b824ca52947e2.incomplete'
Download complete. Moving file to /scratch/shahils/openpi/datasets/Libero-XVLA-format/libero_10/LIVING_ROOM_SCENE5_put_the_white_mug_on_the_left_plate_and_put_the_yellow_and_white_mug_on_the_right_plate_demo/demo_10.hdf5
Downloading 'libero_10/LIVING_ROOM_SCENE5_put_the_white_mug_on_the_left_plate_and_put_the_yellow_and_white_mug_on_the_right_plate_demo/demo_16.hdf5' to '/scratch/shahils/openpi/datasets/Libero-XVLA-format/.cache/huggingface/download/libero_10/LIVING_ROOM_SCENE5_put_the_white_mug_on_the_left_plate_and_put_the_yellow_and_white_mug_on_the_right_plate_demo/s1llPhM4ziSOsExqdg76GXM5fSI=.685ae087feb47bac248a4f15491cef56f540122b1ed621bb600708e7d45aeaa8.incomplete'
Downloading 'libero_10/LIVING_ROOM_SCENE5_put_the_white_mug_on_the_left_plate_and_put_the_yellow_and_white_mug_on_the_right_plate_demo/demo_17.hdf5' to '/scratch/shahils/openpi/datasets/Libero-XVLA-format/.cache/huggingface/download/libero_10/LIVING_ROOM_SCENE5_put_the_white_mug_on_the_left_plate_and_put_the_yellow_and_white_mug_on_the_right_plate_demo/tdk1YGznMGt3DKeO1j0C_7zlX5E=.d9e36ca7ea1102e8e74470be9ec6a1fa40468955daf18f9809a1f670b4b6bcb3.incomplete'
Downloading 'libero_10/LIVING_ROOM_SCENE5_put_the_white_mug_on_the_left_plate_and_put_the_yellow_and_white_mug_on_the_right_plate_demo/demo_18.hdf5' to '/scratch/shahils/openpi/datasets/Libero-XVLA-format/.cache/huggingface/download/libero_10/LIVING_ROOM_SCENE5_put_the_white_mug_on_the_left_plate_and_put_the_yellow_and_white_mug_on_the_right_plate_demo/QKYXz1zdl3FTvUCbpq3qqjTLQU0=.dd2407ae59a1edd5cf6029e46ef2aba12d99ea4277c4c49c25357133cae7e6ec.incomplete'
Download complete. Moving file to /scratch/shahils/openpi/datasets/Libero-XVLA-format/libero_10/LIVING_ROOM_SCENE5_put_the_white_mug_on_the_left_plate_and_put_the_yellow_and_white_mug_on_the_right_plate_demo/demo_11.hdf5
Download complete. Moving file to /scratch/shahils/openpi/datasets/Libero-XVLA-format/libero_10/LIVING_ROOM_SCENE5_put_the_white_mug_on_the_left_plate_and_put_the_yellow_and_white_mug_on_the_right_plate_demo/demo_12.hdf5
Downloading 'libero_10/LIVING_ROOM_SCENE5_put_the_white_mug_on_the_left_plate_and_put_the_yellow_and_white_mug_on_the_right_plate_demo/demo_19.hdf5' to '/scratch/shahils/openpi/datasets/Libero-XVLA-format/.cache/huggingface/download/libero_10/LIVING_ROOM_SCENE5_put_the_white_mug_on_the_left_plate_and_put_the_yellow_and_white_mug_on_the_right_plate_demo/6xBKWCyw0SdK7vupOIeue6KcRJQ=.7e04f30863d08ef9ee0db6d4de4ecffeaf7ed0cc0b5629d360efe82b503835d8.incomplete'
Downloading 'libero_10/LIVING_ROOM_SCENE5_put_the_white_mug_on_the_left_plate_and_put_the_yellow_and_white_mug_on_the_right_plate_demo/demo_2.hdf5' to '/scratch/shahils/openpi/datasets/Libero-XVLA-format/.cache/huggingface/download/libero_10/LIVING_ROOM_SCENE5_put_the_white_mug_on_the_left_plate_and_put_the_yellow_and_white_mug_on_the_right_plate_demo/3og14UMK8OhFZ5TnH3yoVefIegk=.8d53766432a67e69ba51dd7c86d693fa7786cd15ccefeca7dd3adf037bc1e036.incomplete'
Download complete. Moving file to /scratch/shahils/openpi/datasets/Libero-XVLA-format/libero_10/LIVING_ROOM_SCENE5_put_the_white_mug_on_the_left_plate_and_put_the_yellow_and_white_mug_on_the_right_plate_demo/demo_0.hdf5
Download complete. Moving file to /scratch/shahils/openpi/datasets/Libero-XVLA-format/libero_10/LIVING_ROOM_SCENE5_put_the_white_mug_on_the_left_plate_and_put_the_yellow_and_white_mug_on_the_right_plate_demo/demo_14.hdf5
Fetching 5618 files:   5%|▍         | 268/5618 [00:37<15:58,  5.58it/s]Download complete. Moving file to /scratch/shahils/openpi/datasets/Libero-XVLA-format/libero_10/LIVING_ROOM_SCENE5_put_the_white_mug_on_the_left_plate_and_put_the_yellow_and_white_mug_on_the_right_plate_demo/demo_16.hdf5
Downloading 'libero_10/LIVING_ROOM_SCENE5_put_the_white_mug_on_the_left_plate_and_put_the_yellow_and_white_mug_on_the_right_plate_demo/demo_21.hdf5' to '/scratch/shahils/openpi/datasets/Libero-XVLA-format/.cache/huggingface/download/libero_10/LIVING_ROOM_SCENE5_put_the_white_mug_on_the_left_plate_and_put_the_yellow_and_white_mug_on_the_right_plate_demo/3K3Z_y4mvKjZ0errTbFxkBfVJTk=.62e0a79ba180eea71de99647a1c338c021c9b5c27f1784b77364ed6e9b06eacd.incomplete'
Downloading 'libero_10/LIVING_ROOM_SCENE5_put_the_white_mug_on_the_left_plate_and_put_the_yellow_and_white_mug_on_the_right_plate_demo/demo_22.hdf5' to '/scratch/shahils/openpi/datasets/Libero-XVLA-format/.cache/huggingface/download/libero_10/LIVING_ROOM_SCENE5_put_the_white_mug_on_the_left_plate_and_put_the_yellow_and_white_mug_on_the_right_plate_demo/gWwjSkl0yFcWGaeq6CAzkhpO2D0=.6cd4ea35cd046472d8efa16a13ffe5081c2577cb610d807f603a2c9f4b77953e.incomplete'
Download complete. Moving file to /scratch/shahils/openpi/datasets/Libero-XVLA-format/libero_10/LIVING_ROOM_SCENE5_put_the_white_mug_on_the_left_plate_and_put_the_yellow_and_white_mug_on_the_right_plate_demo/demo_15.hdf5
Fetching 5618 files:   5%|▍         | 273/5618 [00:37<11:00,  8.09it/s]Download complete. Moving file to /scratch/shahils/openpi/datasets/Libero-XVLA-format/libero_10/LIVING_ROOM_SCENE5_put_the_white_mug_on_the_left_plate_and_put_the_yellow_and_white_mug_on_the_right_plate_demo/demo_17.hdf5
Downloading 'libero_10/LIVING_ROOM_SCENE5_put_the_white_mug_on_the_left_plate_and_put_the_yellow_and_white_mug_on_the_right_plate_demo/demo_24.hdf5' to '/scratch/shahils/openpi/datasets/Libero-XVLA-format/.cache/huggingface/download/libero_10/LIVING_ROOM_SCENE5_put_the_white_mug_on_the_left_plate_and_put_the_yellow_and_white_mug_on_the_right_plate_demo/Av9f4nuuD5gt-fGnBnDr3GSVu64=.a8bcfc96600c9121bc4812e5ed9bfeb5e9a0400291a94ecdd10ee680152d32b4.incomplete'
Downloading 'libero_10/LIVING_ROOM_SCENE5_put_the_white_mug_on_the_left_plate_and_put_the_yellow_and_white_mug_on_the_right_plate_demo/demo_25.hdf5' to '/scratch/shahils/openpi/datasets/Libero-XVLA-format/.cache/huggingface/download/libero_10/LIVING_ROOM_SCENE5_put_the_white_mug_on_the_left_plate_and_put_the_yellow_and_white_mug_on_the_right_plate_demo/6Z-wCyJKscsJ4FI7YAMP-Ecsv0g=.2f810008db68771e667287e4a58b101b7f12e925f24d03a0c42bdff34a08600e.incomplete'
Download complete. Moving file to /scratch/shahils/openpi/datasets/Libero-XVLA-format/libero_10/LIVING_ROOM_SCENE5_put_the_white_mug_on_the_left_plate_and_put_the_yellow_and_white_mug_on_the_right_plate_demo/demo_19.hdf5
Downloading 'libero_10/LIVING_ROOM_SCENE5_put_the_white_mug_on_the_left_plate_and_put_the_yellow_and_white_mug_on_the_right_plate_demo/demo_27.hdf5' to '/scratch/shahils/openpi/datasets/Libero-XVLA-format/.cache/huggingface/download/libero_10/LIVING_ROOM_SCENE5_put_the_white_mug_on_the_left_plate_and_put_the_yellow_and_white_mug_on_the_right_plate_demo/awW9_RZm5u75nVXyr7-Wt87ouRY=.e46d8f9b22081cfab9a6dcc0c208a9736951d0b6bb2ad09d52d994f2667647b3.incomplete'
Download complete. Moving file to /scratch/shahils/openpi/datasets/Libero-XVLA-format/libero_10/LIVING_ROOM_SCENE5_put_the_white_mug_on_the_left_plate_and_put_the_yellow_and_white_mug_on_the_right_plate_demo/demo_18.hdf5
Fetching 5618 files:   5%|▍         | 276/5618 [00:38<10:19,  8.63it/s]Downloading 'libero_10/LIVING_ROOM_SCENE5_put_the_white_mug_on_the_left_plate_and_put_the_yellow_and_white_mug_on_the_right_plate_demo/demo_26.hdf5' to '/scratch/shahils/openpi/datasets/Libero-XVLA-format/.cache/huggingface/download/libero_10/LIVING_ROOM_SCENE5_put_the_white_mug_on_the_left_plate_and_put_the_yellow_and_white_mug_on_the_right_plate_demo/D0Sfp77Lbsw-ire7S06x4EHBIz8=.d3f1a0ed4c4bf156ad81ef65a5b9cdf08d6f6377b64c6a6ba36eeabaab6ad888.incomplete'
Downloading 'libero_10/LIVING_ROOM_SCENE5_put_the_white_mug_on_the_left_plate_and_put_the_yellow_and_white_mug_on_the_right_plate_demo/demo_28.hdf5' to '/scratch/shahils/openpi/datasets/Libero-XVLA-format/.cache/huggingface/download/libero_10/LIVING_ROOM_SCENE5_put_the_white_mug_on_the_left_plate_and_put_the_yellow_and_white_mug_on_the_right_plate_demo/oCHBOAFNGVGg80mwaTp2RsvSXNo=.b9913324c46a5eacbd79ecc00e9dda83730cc4531783c0be351aa0b5fd97a18a.incomplete'
Download complete. Moving file to /scratch/shahils/openpi/datasets/Libero-XVLA-format/libero_10/LIVING_ROOM_SCENE5_put_the_white_mug_on_the_left_plate_and_put_the_yellow_and_white_mug_on_the_right_plate_demo/demo_24.hdf5
Downloading 'libero_10/LIVING_ROOM_SCENE5_put_the_white_mug_on_the_left_plate_and_put_the_yellow_and_white_mug_on_the_right_plate_demo/demo_29.hdf5' to '/scratch/shahils/openpi/datasets/Libero-XVLA-format/.cache/huggingface/download/libero_10/LIVING_ROOM_SCENE5_put_the_white_mug_on_the_left_plate_and_put_the_yellow_and_white_mug_on_the_right_plate_demo/yAz0xkAEzHO3nJc6fbf1lm5EA4A=.716f9f5b4c4e6ecd4b13340d2e59d8fee85541b03d9f2f6f909bf0ccdbfd299c.incomplete'
Download complete. Moving file to /scratch/shahils/openpi/datasets/Libero-XVLA-format/libero_10/LIVING_ROOM_SCENE5_put_the_white_mug_on_the_left_plate_and_put_the_yellow_and_white_mug_on_the_right_plate_demo/demo_27.hdf5
Download complete. Moving file to /scratch/shahils/openpi/datasets/Libero-XVLA-format/libero_10/LIVING_ROOM_SCENE5_put_the_white_mug_on_the_left_plate_and_put_the_yellow_and_white_mug_on_the_right_plate_demo/demo_21.hdf5
Download complete. Moving file to /scratch/shahils/openpi/datasets/Libero-XVLA-format/libero_10/LIVING_ROOM_SCENE5_put_the_white_mug_on_the_left_plate_and_put_the_yellow_and_white_mug_on_the_right_plate_demo/demo_25.hdf5
Downloading 'libero_10/LIVING_ROOM_SCENE5_put_the_white_mug_on_the_left_plate_and_put_the_yellow_and_white_mug_on_the_right_plate_demo/demo_3.hdf5' to '/scratch/shahils/openpi/datasets/Libero-XVLA-format/.cache/huggingface/download/libero_10/LIVING_ROOM_SCENE5_put_the_white_mug_on_the_left_plate_and_put_the_yellow_and_white_mug_on_the_right_plate_demo/kDPYMwpDbb0UmDre7lwzbkhjc_A=.4da54d03cbfc2495bb7b9f92b44dcb36ccb3b3bd37ef608f3105ca411858f86d.incomplete'
Downloading 'libero_10/LIVING_ROOM_SCENE5_put_the_white_mug_on_the_left_plate_and_put_the_yellow_and_white_mug_on_the_right_plate_demo/demo_30.hdf5' to '/scratch/shahils/openpi/datasets/Libero-XVLA-format/.cache/huggingface/download/libero_10/LIVING_ROOM_SCENE5_put_the_white_mug_on_the_left_plate_and_put_the_yellow_and_white_mug_on_the_right_plate_demo/5eZjcC9Xnjg2nGdXeYCieWD8ndg=.3fafe95a25e8d1b544a57d58996fdab8798a2bd0525a03cb0a467c9423abac30.incomplete'
Downloading 'libero_10/LIVING_ROOM_SCENE5_put_the_white_mug_on_the_left_plate_and_put_the_yellow_and_white_mug_on_the_right_plate_demo/demo_31.hdf5' to '/scratch/shahils/openpi/datasets/Libero-XVLA-format/.cache/huggingface/download/libero_10/LIVING_ROOM_SCENE5_put_the_white_mug_on_the_left_plate_and_put_the_yellow_and_white_mug_on_the_right_plate_demo/NBPPmp9ufBi0WLlkvdO6oSjfcDw=.47e1af74de0035e6f254ddf283267f409cebb06547866d0643f0f7536e0cecac.incomplete'
Download complete. Moving file to /scratch/shahils/openpi/datasets/Libero-XVLA-format/libero_10/LIVING_ROOM_SCENE5_put_the_white_mug_on_the_left_plate_and_put_the_yellow_and_white_mug_on_the_right_plate_demo/demo_28.hdf5
Downloading 'libero_10/LIVING_ROOM_SCENE5_put_the_white_mug_on_the_left_plate_and_put_the_yellow_and_white_mug_on_the_right_plate_demo/demo_32.hdf5' to '/scratch/shahils/openpi/datasets/Libero-XVLA-format/.cache/huggingface/download/libero_10/LIVING_ROOM_SCENE5_put_the_white_mug_on_the_left_plate_and_put_the_yellow_and_white_mug_on_the_right_plate_demo/W47I1m5ZiJ5j1VB8WAfsa1kZ3jg=.e99feb18d0172816a1c46e284b2869c3ab9f653c459d0a0e1c18c57bb6f7cffb.incomplete'
Download complete. Moving file to /scratch/shahils/openpi/datasets/Libero-XVLA-format/libero_10/LIVING_ROOM_SCENE5_put_the_white_mug_on_the_left_plate_and_put_the_yellow_and_white_mug_on_the_right_plate_demo/demo_2.hdf5
Download complete. Moving file to /scratch/shahils/openpi/datasets/Libero-XVLA-format/libero_10/LIVING_ROOM_SCENE5_put_the_white_mug_on_the_left_plate_and_put_the_yellow_and_white_mug_on_the_right_plate_demo/demo_26.hdf5
Fetching 5618 files:   5%|▍         | 278/5618 [00:39<18:00,  4.94it/s]Downloading 'libero_10/LIVING_ROOM_SCENE5_put_the_white_mug_on_the_left_plate_and_put_the_yellow_and_white_mug_on_the_right_plate_demo/demo_35.hdf5' to '/scratch/shahils/openpi/datasets/Libero-XVLA-format/.cache/huggingface/download/libero_10/LIVING_ROOM_SCENE5_put_the_white_mug_on_the_left_plate_and_put_the_yellow_and_white_mug_on_the_right_plate_demo/puxvedngqel9iesOxTa00onBNow=.8f21b527ff3c1a12fa793fb014ac882d8840392e748be408fb8c897b4136221b.incomplete'
Downloading 'libero_10/LIVING_ROOM_SCENE5_put_the_white_mug_on_the_left_plate_and_put_the_yellow_and_white_mug_on_the_right_plate_demo/demo_33.hdf5' to '/scratch/shahils/openpi/datasets/Libero-XVLA-format/.cache/huggingface/download/libero_10/LIVING_ROOM_SCENE5_put_the_white_mug_on_the_left_plate_and_put_the_yellow_and_white_mug_on_the_right_plate_demo/71dKVjNemPYFufIxiL0NslgkHZ4=.be6b248491810807aaec547c31adb024d06ec20fb52f1e2563615e1227395bae.incomplete'
Download complete. Moving file to /scratch/shahils/openpi/datasets/Libero-XVLA-format/libero_10/LIVING_ROOM_SCENE5_put_the_white_mug_on_the_left_plate_and_put_the_yellow_and_white_mug_on_the_right_plate_demo/demo_29.hdf5
Download complete. Moving file to /scratch/shahils/openpi/datasets/Libero-XVLA-format/libero_10/LIVING_ROOM_SCENE5_put_the_white_mug_on_the_left_plate_and_put_the_yellow_and_white_mug_on_the_right_plate_demo/demo_22.hdf5
Fetching 5618 files:   5%|▍         | 280/5618 [00:39<16:47,  5.30it/s]Download complete. Moving file to /scratch/shahils/openpi/datasets/Libero-XVLA-format/libero_10/LIVING_ROOM_SCENE5_put_the_white_mug_on_the_left_plate_and_put_the_yellow_and_white_mug_on_the_right_plate_demo/demo_30.hdf5
Download complete. Moving file to /scratch/shahils/openpi/datasets/Libero-XVLA-format/libero_10/LIVING_ROOM_SCENE5_put_the_white_mug_on_the_left_plate_and_put_the_yellow_and_white_mug_on_the_right_plate_demo/demo_3.hdf5
Downloading 'libero_10/LIVING_ROOM_SCENE5_put_the_white_mug_on_the_left_plate_and_put_the_yellow_and_white_mug_on_the_right_plate_demo/demo_36.hdf5' to '/scratch/shahils/openpi/datasets/Libero-XVLA-format/.cache/huggingface/download/libero_10/LIVING_ROOM_SCENE5_put_the_white_mug_on_the_left_plate_and_put_the_yellow_and_white_mug_on_the_right_plate_demo/0t-nm1J8m0Aumq16uzFp8HaSrqk=.68bdd8a52b7e14ba1c79389ae711b87ab9feae6705b766fd8981158d121d5dd8.incomplete'
Fetching 5618 files:   5%|▌         | 287/5618 [00:39<08:50, 10.05it/s]Downloading 'libero_10/LIVING_ROOM_SCENE5_put_the_white_mug_on_the_left_plate_and_put_the_yellow_and_white_mug_on_the_right_plate_demo/demo_37.hdf5' to '/scratch/shahils/openpi/datasets/Libero-XVLA-format/.cache/huggingface/download/libero_10/LIVING_ROOM_SCENE5_put_the_white_mug_on_the_left_plate_and_put_the_yellow_and_white_mug_on_the_right_plate_demo/six54jnBxEIwvnS7MaIA-ysQ7ww=.3f0ff71c24af6b512398ab7f3f8621dafdcaad6fa0eb21088bc7dd4789e5b68a.incomplete'
Downloading 'libero_10/LIVING_ROOM_SCENE5_put_the_white_mug_on_the_left_plate_and_put_the_yellow_and_white_mug_on_the_right_plate_demo/demo_38.hdf5' to '/scratch/shahils/openpi/datasets/Libero-XVLA-format/.cache/huggingface/download/libero_10/LIVING_ROOM_SCENE5_put_the_white_mug_on_the_left_plate_and_put_the_yellow_and_white_mug_on_the_right_plate_demo/FvVDF7ms8p6TQEbfo1o-dhDgGUo=.b8fc030064b76cbebd3d83bf4520d3fa829c3258231ece8f9caabb75490c67ef.incomplete'
Downloading 'libero_10/LIVING_ROOM_SCENE5_put_the_white_mug_on_the_left_plate_and_put_the_yellow_and_white_mug_on_the_right_plate_demo/demo_39.hdf5' to '/scratch/shahils/openpi/datasets/Libero-XVLA-format/.cache/huggingface/download/libero_10/LIVING_ROOM_SCENE5_put_the_white_mug_on_the_left_plate_and_put_the_yellow_and_white_mug_on_the_right_plate_demo/uc2s1qxkrQQuSk7uhnI17Kpq7so=.f2ac30c1b61542fd432e3a7063d887e6b6fd27a8784e43feda84e8df6116d481.incomplete'
Download complete. Moving file to /scratch/shahils/openpi/datasets/Libero-XVLA-format/libero_10/LIVING_ROOM_SCENE5_put_the_white_mug_on_the_left_plate_and_put_the_yellow_and_white_mug_on_the_right_plate_demo/demo_31.hdf5
Downloading 'libero_10/LIVING_ROOM_SCENE5_put_the_white_mug_on_the_left_plate_and_put_the_yellow_and_white_mug_on_the_right_plate_demo/demo_4.hdf5' to '/scratch/shahils/openpi/datasets/Libero-XVLA-format/.cache/huggingface/download/libero_10/LIVING_ROOM_SCENE5_put_the_white_mug_on_the_left_plate_and_put_the_yellow_and_white_mug_on_the_right_plate_demo/ipuk287oYmp9DTR1pceb2mWz1L8=.3277ccc471fffdb47664ddc245996cc7e497c31de4c5f2a954eb7d5455814197.incomplete'
Download complete. Moving file to /scratch/shahils/openpi/datasets/Libero-XVLA-format/libero_10/LIVING_ROOM_SCENE5_put_the_white_mug_on_the_left_plate_and_put_the_yellow_and_white_mug_on_the_right_plate_demo/demo_35.hdf5
Downloading 'libero_10/LIVING_ROOM_SCENE5_put_the_white_mug_on_the_left_plate_and_put_the_yellow_and_white_mug_on_the_right_plate_demo/demo_40.hdf5' to '/scratch/shahils/openpi/datasets/Libero-XVLA-format/.cache/huggingface/download/libero_10/LIVING_ROOM_SCENE5_put_the_white_mug_on_the_left_plate_and_put_the_yellow_and_white_mug_on_the_right_plate_demo/gbqCG95rgl4AbHbeFAAh6X4b9_0=.1bacab3b4892eafbdbc4142d232cb860158016d3d3913871c989e502e3af3b7f.incomplete'
Download complete. Moving file to /scratch/shahils/openpi/datasets/Libero-XVLA-format/libero_10/LIVING_ROOM_SCENE5_put_the_white_mug_on_the_left_plate_and_put_the_yellow_and_white_mug_on_the_right_plate_demo/demo_32.hdf5
Fetching 5618 files:   5%|▌         | 290/5618 [00:40<10:53,  8.15it/s]Downloading 'libero_10/LIVING_ROOM_SCENE5_put_the_white_mug_on_the_left_plate_and_put_the_yellow_and_white_mug_on_the_right_plate_demo/demo_42.hdf5' to '/scratch/shahils/openpi/datasets/Libero-XVLA-format/.cache/huggingface/download/libero_10/LIVING_ROOM_SCENE5_put_the_white_mug_on_the_left_plate_and_put_the_yellow_and_white_mug_on_the_right_plate_demo/aG9SsDqjtm7eJlBwavK1b1oF2A0=.18f5c51d45386f0d9fcaa9d9a808efc0a4f92ca98b1c1943933b593347a9d675.incomplete'
Download complete. Moving file to /scratch/shahils/openpi/datasets/Libero-XVLA-format/libero_10/LIVING_ROOM_SCENE5_put_the_white_mug_on_the_left_plate_and_put_the_yellow_and_white_mug_on_the_right_plate_demo/demo_36.hdf5
Download complete. Moving file to /scratch/shahils/openpi/datasets/Libero-XVLA-format/libero_10/LIVING_ROOM_SCENE5_put_the_white_mug_on_the_left_plate_and_put_the_yellow_and_white_mug_on_the_right_plate_demo/demo_39.hdf5
Download complete. Moving file to /scratch/shahils/openpi/datasets/Libero-XVLA-format/libero_10/LIVING_ROOM_SCENE5_put_the_white_mug_on_the_left_plate_and_put_the_yellow_and_white_mug_on_the_right_plate_demo/demo_33.hdf5
Downloading 'libero_10/LIVING_ROOM_SCENE5_put_the_white_mug_on_the_left_plate_and_put_the_yellow_and_white_mug_on_the_right_plate_demo/demo_45.hdf5' to '/scratch/shahils/openpi/datasets/Libero-XVLA-format/.cache/huggingface/download/libero_10/LIVING_ROOM_SCENE5_put_the_white_mug_on_the_left_plate_and_put_the_yellow_and_white_mug_on_the_right_plate_demo/UJk1zjgo-NhoaRnOwcI5hlYGES8=.3d7494807dd0cd2d72921e32fbb8e85d741a2e045ec34016e1fad5d6a92e641d.incomplete'
Downloading 'libero_10/LIVING_ROOM_SCENE5_put_the_white_mug_on_the_left_plate_and_put_the_yellow_and_white_mug_on_the_right_plate_demo/demo_43.hdf5' to '/scratch/shahils/openpi/datasets/Libero-XVLA-format/.cache/huggingface/download/libero_10/LIVING_ROOM_SCENE5_put_the_white_mug_on_the_left_plate_and_put_the_yellow_and_white_mug_on_the_right_plate_demo/xDtfjXi1ZpcTDqx8nNxVshnvTLY=.6814d1ea46283be53f5898c330f7c7f62da313f10056b8325cc4c5b474d61d69.incomplete'
Download complete. Moving file to /scratch/shahils/openpi/datasets/Libero-XVLA-format/libero_10/LIVING_ROOM_SCENE5_put_the_white_mug_on_the_left_plate_and_put_the_yellow_and_white_mug_on_the_right_plate_demo/demo_37.hdf5
Fetching 5618 files:   5%|▌         | 292/5618 [00:40<11:04,  8.02it/s]Download complete. Moving file to /scratch/shahils/openpi/datasets/Libero-XVLA-format/libero_10/LIVING_ROOM_SCENE5_put_the_white_mug_on_the_left_plate_and_put_the_yellow_and_white_mug_on_the_right_plate_demo/demo_4.hdf5
Downloading 'libero_10/LIVING_ROOM_SCENE5_put_the_white_mug_on_the_left_plate_and_put_the_yellow_and_white_mug_on_the_right_plate_demo/demo_46.hdf5' to '/scratch/shahils/openpi/datasets/Libero-XVLA-format/.cache/huggingface/download/libero_10/LIVING_ROOM_SCENE5_put_the_white_mug_on_the_left_plate_and_put_the_yellow_and_white_mug_on_the_right_plate_demo/GSFiAZuoEvbbDSjbh92wEUVAKvQ=.ebf27a1d51f38fb28b57d2094ab5d859f39c6dc386a1b691e5b512b952f0972a.incomplete'
Download complete. Moving file to /scratch/shahils/openpi/datasets/Libero-XVLA-format/libero_10/LIVING_ROOM_SCENE5_put_the_white_mug_on_the_left_plate_and_put_the_yellow_and_white_mug_on_the_right_plate_demo/demo_38.hdf5
Downloading 'libero_10/LIVING_ROOM_SCENE5_put_the_white_mug_on_the_left_plate_and_put_the_yellow_and_white_mug_on_the_right_plate_demo/demo_47.hdf5' to '/scratch/shahils/openpi/datasets/Libero-XVLA-format/.cache/huggingface/download/libero_10/LIVING_ROOM_SCENE5_put_the_white_mug_on_the_left_plate_and_put_the_yellow_and_white_mug_on_the_right_plate_demo/WAmqMow1SHsQNkQwGt3eEQD1n68=.bd13f4f3ef3f2a9362eab8bc4b101265244a46d0099978760a4dab02da580cb1.incomplete'
Downloading 'libero_10/LIVING_ROOM_SCENE5_put_the_white_mug_on_the_left_plate_and_put_the_yellow_and_white_mug_on_the_right_plate_demo/demo_5.hdf5' to '/scratch/shahils/openpi/datasets/Libero-XVLA-format/.cache/huggingface/download/libero_10/LIVING_ROOM_SCENE5_put_the_white_mug_on_the_left_plate_and_put_the_yellow_and_white_mug_on_the_right_plate_demo/W103OyYBEP6E2F77F2mPmmee-xo=.823ebdb73f952c7ee79bc554b175f3f080987ff4d8afa4eaf6ae0174658d7fa5.incomplete'
Fetching 5618 files:   5%|▌         | 295/5618 [00:40<10:11,  8.70it/s]Downloading 'libero_10/LIVING_ROOM_SCENE5_put_the_white_mug_on_the_left_plate_and_put_the_yellow_and_white_mug_on_the_right_plate_demo/demo_8.hdf5' to '/scratch/shahils/openpi/datasets/Libero-XVLA-format/.cache/huggingface/download/libero_10/LIVING_ROOM_SCENE5_put_the_white_mug_on_the_left_plate_and_put_the_yellow_and_white_mug_on_the_right_plate_demo/guTF9kyhn15zkapITNaJzvsF6SM=.ea72f5a68964acdf9e7159c789e4e9acd3c064be7b94992f85bd12e47ad9e32b.incomplete'
Download complete. Moving file to /scratch/shahils/openpi/datasets/Libero-XVLA-format/libero_10/LIVING_ROOM_SCENE5_put_the_white_mug_on_the_left_plate_and_put_the_yellow_and_white_mug_on_the_right_plate_demo/demo_40.hdf5
Fetching 5618 files:   5%|▌         | 298/5618 [00:41<09:10,  9.67it/s]Download complete. Moving file to /scratch/shahils/openpi/datasets/Libero-XVLA-format/libero_10/LIVING_ROOM_SCENE5_put_the_white_mug_on_the_left_plate_and_put_the_yellow_and_white_mug_on_the_right_plate_demo/demo_43.hdf5
Downloading 'libero_10/LIVING_ROOM_SCENE5_put_the_white_mug_on_the_left_plate_and_put_the_yellow_and_white_mug_on_the_right_plate_demo/demo_9.hdf5' to '/scratch/shahils/openpi/datasets/Libero-XVLA-format/.cache/huggingface/download/libero_10/LIVING_ROOM_SCENE5_put_the_white_mug_on_the_left_plate_and_put_the_yellow_and_white_mug_on_the_right_plate_demo/jlB8BvhXv_s7_AXzTNoxVPsUohM=.57dc3bdfec2795950d5e40447af8ceb9300d5fbd6f0bbca5f64d502d674ff474.incomplete'
Download complete. Moving file to /scratch/shahils/openpi/datasets/Libero-XVLA-format/libero_10/LIVING_ROOM_SCENE5_put_the_white_mug_on_the_left_plate_and_put_the_yellow_and_white_mug_on_the_right_plate_demo/demo_42.hdf5
Fetching 5618 files:   5%|▌         | 300/5618 [00:41<09:36,  9.23it/s]Download complete. Moving file to /scratch/shahils/openpi/datasets/Libero-XVLA-format/libero_10/LIVING_ROOM_SCENE5_put_the_white_mug_on_the_left_plate_and_put_the_yellow_and_white_mug_on_the_right_plate_demo/demo_45.hdf5
Downloading 'libero_10/LIVING_ROOM_SCENE6_put_the_white_mug_on_the_plate_and_put_the_chocolate_pudding_to_the_right_of_the_plate_demo/demo_0.hdf5' to '/scratch/shahils/openpi/datasets/Libero-XVLA-format/.cache/huggingface/download/libero_10/LIVING_ROOM_SCENE6_put_the_white_mug_on_the_plate_and_put_the_chocolate_pudding_to_the_right_of_the_plate_demo/-SUtq2iS9pccEl-u7s03cwI-BTI=.b7303a45bbb3cb9af82de55afe9ba737f27cb517d7e54c63e1110d15fb9c6bf7.incomplete'
Download complete. Moving file to /scratch/shahils/openpi/datasets/Libero-XVLA-format/libero_10/LIVING_ROOM_SCENE5_put_the_white_mug_on_the_left_plate_and_put_the_yellow_and_white_mug_on_the_right_plate_demo/demo_46.hdf5
Downloading 'libero_10/LIVING_ROOM_SCENE6_put_the_white_mug_on_the_plate_and_put_the_chocolate_pudding_to_the_right_of_the_plate_demo/demo_10.hdf5' to '/scratch/shahils/openpi/datasets/Libero-XVLA-format/.cache/huggingface/download/libero_10/LIVING_ROOM_SCENE6_put_the_white_mug_on_the_plate_and_put_the_chocolate_pudding_to_the_right_of_the_plate_demo/qIanSg8lEEhbjgh5TfQXC9aObEA=.4267bb3c612a389331e2384aad82e40d1a4121af1f66b2f0d0779e0315069885.incomplete'
Download complete. Moving file to /scratch/shahils/openpi/datasets/Libero-XVLA-format/libero_10/LIVING_ROOM_SCENE5_put_the_white_mug_on_the_left_plate_and_put_the_yellow_and_white_mug_on_the_right_plate_demo/demo_5.hdf5
Downloading 'libero_10/LIVING_ROOM_SCENE6_put_the_white_mug_on_the_plate_and_put_the_chocolate_pudding_to_the_right_of_the_plate_demo/demo_11.hdf5' to '/scratch/shahils/openpi/datasets/Libero-XVLA-format/.cache/huggingface/download/libero_10/LIVING_ROOM_SCENE6_put_the_white_mug_on_the_plate_and_put_the_chocolate_pudding_to_the_right_of_the_plate_demo/T6SmyekXmGOaXhadezMfhlRR42s=.52524b4536a954d6798a91da4161d6980adb8b45326311ddb59144f043e313e0.incomplete'
Downloading 'libero_10/LIVING_ROOM_SCENE6_put_the_white_mug_on_the_plate_and_put_the_chocolate_pudding_to_the_right_of_the_plate_demo/demo_12.hdf5' to '/scratch/shahils/openpi/datasets/Libero-XVLA-format/.cache/huggingface/download/libero_10/LIVING_ROOM_SCENE6_put_the_white_mug_on_the_plate_and_put_the_chocolate_pudding_to_the_right_of_the_plate_demo/QDq8jLIyXUsYQbypRHAy-yw4iXg=.87c352f6f74331e2be499dc7bb492a15a7b1e324afa8ce6622d4535cade35fdf.incomplete'
Download complete. Moving file to /scratch/shahils/openpi/datasets/Libero-XVLA-format/libero_10/LIVING_ROOM_SCENE5_put_the_white_mug_on_the_left_plate_and_put_the_yellow_and_white_mug_on_the_right_plate_demo/demo_47.hdf5
Downloading 'libero_10/LIVING_ROOM_SCENE6_put_the_white_mug_on_the_plate_and_put_the_chocolate_pudding_to_the_right_of_the_plate_demo/demo_13.hdf5' to '/scratch/shahils/openpi/datasets/Libero-XVLA-format/.cache/huggingface/download/libero_10/LIVING_ROOM_SCENE6_put_the_white_mug_on_the_plate_and_put_the_chocolate_pudding_to_the_right_of_the_plate_demo/NkkCokoXhiuvGb16sv2kt7AnL2k=.aec5cafa4a0b1799fabdf6372ef8ed34252868d098e80d62f0f0f915ad8f9f91.incomplete'
Fetching 5618 files:   5%|▌         | 303/5618 [00:41<09:39,  9.17it/s]Download complete. Moving file to /scratch/shahils/openpi/datasets/Libero-XVLA-format/libero_10/LIVING_ROOM_SCENE5_put_the_white_mug_on_the_left_plate_and_put_the_yellow_and_white_mug_on_the_right_plate_demo/demo_8.hdf5
Downloading 'libero_10/LIVING_ROOM_SCENE6_put_the_white_mug_on_the_plate_and_put_the_chocolate_pudding_to_the_right_of_the_plate_demo/demo_14.hdf5' to '/scratch/shahils/openpi/datasets/Libero-XVLA-format/.cache/huggingface/download/libero_10/LIVING_ROOM_SCENE6_put_the_white_mug_on_the_plate_and_put_the_chocolate_pudding_to_the_right_of_the_plate_demo/neGPYLrCEkbENyyrDK-tLEwet5Q=.2a51114411c93b477f663af134c6ae1ba7ec5ae234a7cf7415655fa702cc4c0b.incomplete'
Download complete. Moving file to /scratch/shahils/openpi/datasets/Libero-XVLA-format/libero_10/LIVING_ROOM_SCENE5_put_the_white_mug_on_the_left_plate_and_put_the_yellow_and_white_mug_on_the_right_plate_demo/demo_9.hdf5
Fetching 5618 files:   5%|▌         | 306/5618 [00:41<08:17, 10.67it/s]Downloading 'libero_10/LIVING_ROOM_SCENE6_put_the_white_mug_on_the_plate_and_put_the_chocolate_pudding_to_the_right_of_the_plate_demo/demo_16.hdf5' to '/scratch/shahils/openpi/datasets/Libero-XVLA-format/.cache/huggingface/download/libero_10/LIVING_ROOM_SCENE6_put_the_white_mug_on_the_plate_and_put_the_chocolate_pudding_to_the_right_of_the_plate_demo/s1llPhM4ziSOsExqdg76GXM5fSI=.61497c04e7bf842eb0998c09e6149e9384780ccc57f00dc5ac5602706920d461.incomplete'
Downloading 'libero_10/LIVING_ROOM_SCENE6_put_the_white_mug_on_the_plate_and_put_the_chocolate_pudding_to_the_right_of_the_plate_demo/demo_15.hdf5' to '/scratch/shahils/openpi/datasets/Libero-XVLA-format/.cache/huggingface/download/libero_10/LIVING_ROOM_SCENE6_put_the_white_mug_on_the_plate_and_put_the_chocolate_pudding_to_the_right_of_the_plate_demo/iCPyddSLzII7wzJLY_yWK4NQfdE=.a7f6db47d4268140ce74843920181c1ce624a179a2c6eed54d36c791d5d9201e.incomplete'
Download complete. Moving file to /scratch/shahils/openpi/datasets/Libero-XVLA-format/libero_10/LIVING_ROOM_SCENE6_put_the_white_mug_on_the_plate_and_put_the_chocolate_pudding_to_the_right_of_the_plate_demo/demo_10.hdf5
Download complete. Moving file to /scratch/shahils/openpi/datasets/Libero-XVLA-format/libero_10/LIVING_ROOM_SCENE6_put_the_white_mug_on_the_plate_and_put_the_chocolate_pudding_to_the_right_of_the_plate_demo/demo_0.hdf5
Fetching 5618 files:   5%|▌         | 308/5618 [00:42<09:49,  9.01it/s]Download complete. Moving file to /scratch/shahils/openpi/datasets/Libero-XVLA-format/libero_10/LIVING_ROOM_SCENE6_put_the_white_mug_on_the_plate_and_put_the_chocolate_pudding_to_the_right_of_the_plate_demo/demo_11.hdf5
Downloading 'libero_10/LIVING_ROOM_SCENE6_put_the_white_mug_on_the_plate_and_put_the_chocolate_pudding_to_the_right_of_the_plate_demo/demo_19.hdf5' to '/scratch/shahils/openpi/datasets/Libero-XVLA-format/.cache/huggingface/download/libero_10/LIVING_ROOM_SCENE6_put_the_white_mug_on_the_plate_and_put_the_chocolate_pudding_to_the_right_of_the_plate_demo/6xBKWCyw0SdK7vupOIeue6KcRJQ=.5446635ddf83efde3ac9430ac131c430b7af779d206c82cf51a0118e2a34c6d9.incomplete'
Downloading 'libero_10/LIVING_ROOM_SCENE6_put_the_white_mug_on_the_plate_and_put_the_chocolate_pudding_to_the_right_of_the_plate_demo/demo_21.hdf5' to '/scratch/shahils/openpi/datasets/Libero-XVLA-format/.cache/huggingface/download/libero_10/LIVING_ROOM_SCENE6_put_the_white_mug_on_the_plate_and_put_the_chocolate_pudding_to_the_right_of_the_plate_demo/3K3Z_y4mvKjZ0errTbFxkBfVJTk=.ec33faf2ce70e3b17e0ae89892ec5c0d7aefadfa75a6eb4b98328fee63c12708.incomplete'
Downloading 'libero_10/LIVING_ROOM_SCENE6_put_the_white_mug_on_the_plate_and_put_the_chocolate_pudding_to_the_right_of_the_plate_demo/demo_20.hdf5' to '/scratch/shahils/openpi/datasets/Libero-XVLA-format/.cache/huggingface/download/libero_10/LIVING_ROOM_SCENE6_put_the_white_mug_on_the_plate_and_put_the_chocolate_pudding_to_the_right_of_the_plate_demo/YKCRkR71roKkdVB7ct5LRhgdm0w=.352137aafdd3e436b85679948099a6cffd593dda0b4a96218b0a93ba3f044268.incomplete'
Download complete. Moving file to /scratch/shahils/openpi/datasets/Libero-XVLA-format/libero_10/LIVING_ROOM_SCENE6_put_the_white_mug_on_the_plate_and_put_the_chocolate_pudding_to_the_right_of_the_plate_demo/demo_12.hdf5
Fetching 5618 files:   6%|▌         | 310/5618 [00:42<09:49,  9.00it/s]Download complete. Moving file to /scratch/shahils/openpi/datasets/Libero-XVLA-format/libero_10/LIVING_ROOM_SCENE6_put_the_white_mug_on_the_plate_and_put_the_chocolate_pudding_to_the_right_of_the_plate_demo/demo_13.hdf5
Download complete. Moving file to /scratch/shahils/openpi/datasets/Libero-XVLA-format/libero_10/LIVING_ROOM_SCENE6_put_the_white_mug_on_the_plate_and_put_the_chocolate_pudding_to_the_right_of_the_plate_demo/demo_14.hdf5
Downloading 'libero_10/LIVING_ROOM_SCENE6_put_the_white_mug_on_the_plate_and_put_the_chocolate_pudding_to_the_right_of_the_plate_demo/demo_22.hdf5' to '/scratch/shahils/openpi/datasets/Libero-XVLA-format/.cache/huggingface/download/libero_10/LIVING_ROOM_SCENE6_put_the_white_mug_on_the_plate_and_put_the_chocolate_pudding_to_the_right_of_the_plate_demo/gWwjSkl0yFcWGaeq6CAzkhpO2D0=.f98b308e854cc25c97cc5ea876ca69a9c2c3e3db9a77a34e7faf8a662d4d56b9.incomplete'
Downloading 'libero_10/LIVING_ROOM_SCENE6_put_the_white_mug_on_the_plate_and_put_the_chocolate_pudding_to_the_right_of_the_plate_demo/demo_23.hdf5' to '/scratch/shahils/openpi/datasets/Libero-XVLA-format/.cache/huggingface/download/libero_10/LIVING_ROOM_SCENE6_put_the_white_mug_on_the_plate_and_put_the_chocolate_pudding_to_the_right_of_the_plate_demo/yzE0FOLSaNlQiGR555_6tIW-62E=.cc6e8daaa4cc29e0a55ce34a588e030c35d9497850a9f29f8d317291d7bd6e24.incomplete'
Downloading 'libero_10/LIVING_ROOM_SCENE6_put_the_white_mug_on_the_plate_and_put_the_chocolate_pudding_to_the_right_of_the_plate_demo/demo_24.hdf5' to '/scratch/shahils/openpi/datasets/Libero-XVLA-format/.cache/huggingface/download/libero_10/LIVING_ROOM_SCENE6_put_the_white_mug_on_the_plate_and_put_the_chocolate_pudding_to_the_right_of_the_plate_demo/Av9f4nuuD5gt-fGnBnDr3GSVu64=.b0ea5fad07e1ff68dce56bfd8b55061d0d1a3a6a5d3961cdd4ce60f519c230ce.incomplete'
Download complete. Moving file to /scratch/shahils/openpi/datasets/Libero-XVLA-format/libero_10/LIVING_ROOM_SCENE6_put_the_white_mug_on_the_plate_and_put_the_chocolate_pudding_to_the_right_of_the_plate_demo/demo_15.hdf5
Fetching 5618 files:   6%|▌         | 313/5618 [00:42<09:40,  9.13it/s]Download complete. Moving file to /scratch/shahils/openpi/datasets/Libero-XVLA-format/libero_10/LIVING_ROOM_SCENE6_put_the_white_mug_on_the_plate_and_put_the_chocolate_pudding_to_the_right_of_the_plate_demo/demo_16.hdf5
Downloading 'libero_10/LIVING_ROOM_SCENE6_put_the_white_mug_on_the_plate_and_put_the_chocolate_pudding_to_the_right_of_the_plate_demo/demo_25.hdf5' to '/scratch/shahils/openpi/datasets/Libero-XVLA-format/.cache/huggingface/download/libero_10/LIVING_ROOM_SCENE6_put_the_white_mug_on_the_plate_and_put_the_chocolate_pudding_to_the_right_of_the_plate_demo/6Z-wCyJKscsJ4FI7YAMP-Ecsv0g=.4798ccd1113a6ad122b9bffc10c48a34bf5904c00c5203d3498bac7e3e4c2d32.incomplete'
Fetching 5618 files:   6%|▌         | 314/5618 [00:42<10:06,  8.74it/s]Download complete. Moving file to /scratch/shahils/openpi/datasets/Libero-XVLA-format/libero_10/LIVING_ROOM_SCENE6_put_the_white_mug_on_the_plate_and_put_the_chocolate_pudding_to_the_right_of_the_plate_demo/demo_19.hdf5
Download complete. Moving file to /scratch/shahils/openpi/datasets/Libero-XVLA-format/libero_10/LIVING_ROOM_SCENE6_put_the_white_mug_on_the_plate_and_put_the_chocolate_pudding_to_the_right_of_the_plate_demo/demo_21.hdf5
Downloading 'libero_10/LIVING_ROOM_SCENE6_put_the_white_mug_on_the_plate_and_put_the_chocolate_pudding_to_the_right_of_the_plate_demo/demo_26.hdf5' to '/scratch/shahils/openpi/datasets/Libero-XVLA-format/.cache/huggingface/download/libero_10/LIVING_ROOM_SCENE6_put_the_white_mug_on_the_plate_and_put_the_chocolate_pudding_to_the_right_of_the_plate_demo/D0Sfp77Lbsw-ire7S06x4EHBIz8=.4ce076e3a2f6a4a46370bc0a10c6a183f1b36e218d7a8cb4d557e0fe5935d1d7.incomplete'
Downloading 'libero_10/LIVING_ROOM_SCENE6_put_the_white_mug_on_the_plate_and_put_the_chocolate_pudding_to_the_right_of_the_plate_demo/demo_3.hdf5' to '/scratch/shahils/openpi/datasets/Libero-XVLA-format/.cache/huggingface/download/libero_10/LIVING_ROOM_SCENE6_put_the_white_mug_on_the_plate_and_put_the_chocolate_pudding_to_the_right_of_the_plate_demo/kDPYMwpDbb0UmDre7lwzbkhjc_A=.9d3d5b26ce85c4e75011c34b8307b89e71994a3fa5f4e8cdb090905c8b151c64.incomplete'
Downloading 'libero_10/LIVING_ROOM_SCENE6_put_the_white_mug_on_the_plate_and_put_the_chocolate_pudding_to_the_right_of_the_plate_demo/demo_31.hdf5' to '/scratch/shahils/openpi/datasets/Libero-XVLA-format/.cache/huggingface/download/libero_10/LIVING_ROOM_SCENE6_put_the_white_mug_on_the_plate_and_put_the_chocolate_pudding_to_the_right_of_the_plate_demo/NBPPmp9ufBi0WLlkvdO6oSjfcDw=.13a25fcd6bab2c2e505676aa21ace49d829786cdf55f3d79d08dafb27901a499.incomplete'
Download complete. Moving file to /scratch/shahils/openpi/datasets/Libero-XVLA-format/libero_10/LIVING_ROOM_SCENE6_put_the_white_mug_on_the_plate_and_put_the_chocolate_pudding_to_the_right_of_the_plate_demo/demo_22.hdf5
Download complete. Moving file to /scratch/shahils/openpi/datasets/Libero-XVLA-format/libero_10/LIVING_ROOM_SCENE6_put_the_white_mug_on_the_plate_and_put_the_chocolate_pudding_to_the_right_of_the_plate_demo/demo_20.hdf5
Fetching 5618 files:   6%|▌         | 316/5618 [00:43<12:54,  6.85it/s]Downloading 'libero_10/LIVING_ROOM_SCENE6_put_the_white_mug_on_the_plate_and_put_the_chocolate_pudding_to_the_right_of_the_plate_demo/demo_32.hdf5' to '/scratch/shahils/openpi/datasets/Libero-XVLA-format/.cache/huggingface/download/libero_10/LIVING_ROOM_SCENE6_put_the_white_mug_on_the_plate_and_put_the_chocolate_pudding_to_the_right_of_the_plate_demo/W47I1m5ZiJ5j1VB8WAfsa1kZ3jg=.f9a1acb6aa0d289f1b34b8603fc43ed0b2f7ea2bf725b36b7f92a99ebd782673.incomplete'
Download complete. Moving file to /scratch/shahils/openpi/datasets/Libero-XVLA-format/libero_10/LIVING_ROOM_SCENE6_put_the_white_mug_on_the_plate_and_put_the_chocolate_pudding_to_the_right_of_the_plate_demo/demo_24.hdf5
Downloading 'libero_10/LIVING_ROOM_SCENE6_put_the_white_mug_on_the_plate_and_put_the_chocolate_pudding_to_the_right_of_the_plate_demo/demo_35.hdf5' to '/scratch/shahils/openpi/datasets/Libero-XVLA-format/.cache/huggingface/download/libero_10/LIVING_ROOM_SCENE6_put_the_white_mug_on_the_plate_and_put_the_chocolate_pudding_to_the_right_of_the_plate_demo/puxvedngqel9iesOxTa00onBNow=.aba11eb692a91a5d2cb369cd2ac77d6b8dd08b3cc18fdeb67dd132e7ede3e576.incomplete'
Download complete. Moving file to /scratch/shahils/openpi/datasets/Libero-XVLA-format/libero_10/LIVING_ROOM_SCENE6_put_the_white_mug_on_the_plate_and_put_the_chocolate_pudding_to_the_right_of_the_plate_demo/demo_25.hdf5
Downloading 'libero_10/LIVING_ROOM_SCENE6_put_the_white_mug_on_the_plate_and_put_the_chocolate_pudding_to_the_right_of_the_plate_demo/demo_36.hdf5' to '/scratch/shahils/openpi/datasets/Libero-XVLA-format/.cache/huggingface/download/libero_10/LIVING_ROOM_SCENE6_put_the_white_mug_on_the_plate_and_put_the_chocolate_pudding_to_the_right_of_the_plate_demo/0t-nm1J8m0Aumq16uzFp8HaSrqk=.b884b04ec466ae8b4cf80cdb7aca1eb15def1665fb88db06a2e1d62b0e249952.incomplete'
Download complete. Moving file to /scratch/shahils/openpi/datasets/Libero-XVLA-format/libero_10/LIVING_ROOM_SCENE6_put_the_white_mug_on_the_plate_and_put_the_chocolate_pudding_to_the_right_of_the_plate_demo/demo_3.hdf5
Download complete. Moving file to /scratch/shahils/openpi/datasets/Libero-XVLA-format/libero_10/LIVING_ROOM_SCENE6_put_the_white_mug_on_the_plate_and_put_the_chocolate_pudding_to_the_right_of_the_plate_demo/demo_23.hdf5
Fetching 5618 files:   6%|▌         | 319/5618 [00:43<12:04,  7.32it/s]Download complete. Moving file to /scratch/shahils/openpi/datasets/Libero-XVLA-format/libero_10/LIVING_ROOM_SCENE6_put_the_white_mug_on_the_plate_and_put_the_chocolate_pudding_to_the_right_of_the_plate_demo/demo_31.hdf5
Downloading 'libero_10/LIVING_ROOM_SCENE6_put_the_white_mug_on_the_plate_and_put_the_chocolate_pudding_to_the_right_of_the_plate_demo/demo_37.hdf5' to '/scratch/shahils/openpi/datasets/Libero-XVLA-format/.cache/huggingface/download/libero_10/LIVING_ROOM_SCENE6_put_the_white_mug_on_the_plate_and_put_the_chocolate_pudding_to_the_right_of_the_plate_demo/six54jnBxEIwvnS7MaIA-ysQ7ww=.e3fabdb9b3890332adc39211452fc5b7881aae7ad210cc44c76de3deac70e59a.incomplete'
Download complete. Moving file to /scratch/shahils/openpi/datasets/Libero-XVLA-format/libero_10/LIVING_ROOM_SCENE6_put_the_white_mug_on_the_plate_and_put_the_chocolate_pudding_to_the_right_of_the_plate_demo/demo_26.hdf5
Downloading 'libero_10/LIVING_ROOM_SCENE6_put_the_white_mug_on_the_plate_and_put_the_chocolate_pudding_to_the_right_of_the_plate_demo/demo_39.hdf5' to '/scratch/shahils/openpi/datasets/Libero-XVLA-format/.cache/huggingface/download/libero_10/LIVING_ROOM_SCENE6_put_the_white_mug_on_the_plate_and_put_the_chocolate_pudding_to_the_right_of_the_plate_demo/uc2s1qxkrQQuSk7uhnI17Kpq7so=.788f1329689968404b69f888b60171bde92a4a33e914939ec1e6a7bc5126044f.incomplete'
Downloading 'libero_10/LIVING_ROOM_SCENE6_put_the_white_mug_on_the_plate_and_put_the_chocolate_pudding_to_the_right_of_the_plate_demo/demo_38.hdf5' to '/scratch/shahils/openpi/datasets/Libero-XVLA-format/.cache/huggingface/download/libero_10/LIVING_ROOM_SCENE6_put_the_white_mug_on_the_plate_and_put_the_chocolate_pudding_to_the_right_of_the_plate_demo/FvVDF7ms8p6TQEbfo1o-dhDgGUo=.f84fdfa464ccf56ee3757e8e18edfa84286c5c3ca031725ab2741371ee282159.incomplete'
Downloading 'libero_10/LIVING_ROOM_SCENE6_put_the_white_mug_on_the_plate_and_put_the_chocolate_pudding_to_the_right_of_the_plate_demo/demo_40.hdf5' to '/scratch/shahils/openpi/datasets/Libero-XVLA-format/.cache/huggingface/download/libero_10/LIVING_ROOM_SCENE6_put_the_white_mug_on_the_plate_and_put_the_chocolate_pudding_to_the_right_of_the_plate_demo/gbqCG95rgl4AbHbeFAAh6X4b9_0=.5fe61a66e9720fd8438e3ef10e0d531f5c413e201d27e85d7e3e95f9c3d0b383.incomplete'
Fetching 5618 files:   6%|▌         | 322/5618 [00:43<09:13,  9.56it/s]Downloading 'libero_10/LIVING_ROOM_SCENE6_put_the_white_mug_on_the_plate_and_put_the_chocolate_pudding_to_the_right_of_the_plate_demo/demo_41.hdf5' to '/scratch/shahils/openpi/datasets/Libero-XVLA-format/.cache/huggingface/download/libero_10/LIVING_ROOM_SCENE6_put_the_white_mug_on_the_plate_and_put_the_chocolate_pudding_to_the_right_of_the_plate_demo/3iMrJnDf8EyN9l6WylHc3Y2wlVg=.1aff99dc3e10ab65be44048571b616af8cbf866f994cec14b071e78251c7951e.incomplete'
Download complete. Moving file to /scratch/shahils/openpi/datasets/Libero-XVLA-format/libero_10/LIVING_ROOM_SCENE6_put_the_white_mug_on_the_plate_and_put_the_chocolate_pudding_to_the_right_of_the_plate_demo/demo_35.hdf5
Download complete. Moving file to /scratch/shahils/openpi/datasets/Libero-XVLA-format/libero_10/LIVING_ROOM_SCENE6_put_the_white_mug_on_the_plate_and_put_the_chocolate_pudding_to_the_right_of_the_plate_demo/demo_36.hdf5
Downloading 'libero_10/LIVING_ROOM_SCENE6_put_the_white_mug_on_the_plate_and_put_the_chocolate_pudding_to_the_right_of_the_plate_demo/demo_42.hdf5' to '/scratch/shahils/openpi/datasets/Libero-XVLA-format/.cache/huggingface/download/libero_10/LIVING_ROOM_SCENE6_put_the_white_mug_on_the_plate_and_put_the_chocolate_pudding_to_the_right_of_the_plate_demo/aG9SsDqjtm7eJlBwavK1b1oF2A0=.9991932e4e0321d37b1f476be80437c853adbc33cd717205cea75b5ee792c337.incomplete'
Download complete. Moving file to /scratch/shahils/openpi/datasets/Libero-XVLA-format/libero_10/LIVING_ROOM_SCENE6_put_the_white_mug_on_the_plate_and_put_the_chocolate_pudding_to_the_right_of_the_plate_demo/demo_37.hdf5
Downloading 'libero_10/LIVING_ROOM_SCENE6_put_the_white_mug_on_the_plate_and_put_the_chocolate_pudding_to_the_right_of_the_plate_demo/demo_43.hdf5' to '/scratch/shahils/openpi/datasets/Libero-XVLA-format/.cache/huggingface/download/libero_10/LIVING_ROOM_SCENE6_put_the_white_mug_on_the_plate_and_put_the_chocolate_pudding_to_the_right_of_the_plate_demo/xDtfjXi1ZpcTDqx8nNxVshnvTLY=.e5629e8daca0f7a651eaaeb70505f69cd29aa3d866e36f8b84a03c6a71de6561.incomplete'
Download complete. Moving file to /scratch/shahils/openpi/datasets/Libero-XVLA-format/libero_10/LIVING_ROOM_SCENE6_put_the_white_mug_on_the_plate_and_put_the_chocolate_pudding_to_the_right_of_the_plate_demo/demo_40.hdf5
Downloading 'libero_10/LIVING_ROOM_SCENE6_put_the_white_mug_on_the_plate_and_put_the_chocolate_pudding_to_the_right_of_the_plate_demo/demo_45.hdf5' to '/scratch/shahils/openpi/datasets/Libero-XVLA-format/.cache/huggingface/download/libero_10/LIVING_ROOM_SCENE6_put_the_white_mug_on_the_plate_and_put_the_chocolate_pudding_to_the_right_of_the_plate_demo/UJk1zjgo-NhoaRnOwcI5hlYGES8=.49da1c11ab49ba4e5fafc76e938ff5d39e02414557ce4afb14d7a7f072ddb4b6.incomplete'
Download complete. Moving file to /scratch/shahils/openpi/datasets/Libero-XVLA-format/libero_10/LIVING_ROOM_SCENE6_put_the_white_mug_on_the_plate_and_put_the_chocolate_pudding_to_the_right_of_the_plate_demo/demo_32.hdf5
Fetching 5618 files:   6%|▌         | 325/5618 [00:44<13:03,  6.76it/s]Download complete. Moving file to /scratch/shahils/openpi/datasets/Libero-XVLA-format/libero_10/LIVING_ROOM_SCENE6_put_the_white_mug_on_the_plate_and_put_the_chocolate_pudding_to_the_right_of_the_plate_demo/demo_38.hdf5
Download complete. Moving file to /scratch/shahils/openpi/datasets/Libero-XVLA-format/libero_10/LIVING_ROOM_SCENE6_put_the_white_mug_on_the_plate_and_put_the_chocolate_pudding_to_the_right_of_the_plate_demo/demo_41.hdf5
Downloading 'libero_10/LIVING_ROOM_SCENE6_put_the_white_mug_on_the_plate_and_put_the_chocolate_pudding_to_the_right_of_the_plate_demo/demo_46.hdf5' to '/scratch/shahils/openpi/datasets/Libero-XVLA-format/.cache/huggingface/download/libero_10/LIVING_ROOM_SCENE6_put_the_white_mug_on_the_plate_and_put_the_chocolate_pudding_to_the_right_of_the_plate_demo/GSFiAZuoEvbbDSjbh92wEUVAKvQ=.7d8d9c107bf46ceba74c21f467a2e7fa4911952e9959fe0cec146ba799be392a.incomplete'
Download complete. Moving file to /scratch/shahils/openpi/datasets/Libero-XVLA-format/libero_10/LIVING_ROOM_SCENE6_put_the_white_mug_on_the_plate_and_put_the_chocolate_pudding_to_the_right_of_the_plate_demo/demo_39.hdf5
Downloading 'libero_10/LIVING_ROOM_SCENE6_put_the_white_mug_on_the_plate_and_put_the_chocolate_pudding_to_the_right_of_the_plate_demo/demo_48.hdf5' to '/scratch/shahils/openpi/datasets/Libero-XVLA-format/.cache/huggingface/download/libero_10/LIVING_ROOM_SCENE6_put_the_white_mug_on_the_plate_and_put_the_chocolate_pudding_to_the_right_of_the_plate_demo/clT21Q6GOZoCuvkT9Yij6UyXzo8=.3303c0e0659d9e4ff8ebaa506fc0cc9e652f3b2bc617cf2122a5804e0cac2234.incomplete'
Fetching 5618 files:   6%|▌         | 330/5618 [00:44<08:29, 10.37it/s]Downloading 'libero_10/LIVING_ROOM_SCENE6_put_the_white_mug_on_the_plate_and_put_the_chocolate_pudding_to_the_right_of_the_plate_demo/demo_6.hdf5' to '/scratch/shahils/openpi/datasets/Libero-XVLA-format/.cache/huggingface/download/libero_10/LIVING_ROOM_SCENE6_put_the_white_mug_on_the_plate_and_put_the_chocolate_pudding_to_the_right_of_the_plate_demo/Wr6ZPoJs4sFIJWzyWVAnWCPbWzA=.4b3793269023b1d5173825e9fb2644bbb904aa7342574d02782d2f09ac88494a.incomplete'
Downloading 'libero_10/LIVING_ROOM_SCENE6_put_the_white_mug_on_the_plate_and_put_the_chocolate_pudding_to_the_right_of_the_plate_demo/demo_9.hdf5' to '/scratch/shahils/openpi/datasets/Libero-XVLA-format/.cache/huggingface/download/libero_10/LIVING_ROOM_SCENE6_put_the_white_mug_on_the_plate_and_put_the_chocolate_pudding_to_the_right_of_the_plate_demo/jlB8BvhXv_s7_AXzTNoxVPsUohM=.2be5a52a11c681cef18b4d5d3dd803668527439b35bf842d7464b39740992322.incomplete'
Downloading 'libero_10/LIVING_ROOM_SCENE6_put_the_white_mug_on_the_plate_and_put_the_chocolate_pudding_to_the_right_of_the_plate_demo/demo_47.hdf5' to '/scratch/shahils/openpi/datasets/Libero-XVLA-format/.cache/huggingface/download/libero_10/LIVING_ROOM_SCENE6_put_the_white_mug_on_the_plate_and_put_the_chocolate_pudding_to_the_right_of_the_plate_demo/WAmqMow1SHsQNkQwGt3eEQD1n68=.53c6f35bc2f11709dc8f51bab93a2984d54cdf0e05d4dfcab96ac41455cb57ac.incomplete'
Download complete. Moving file to /scratch/shahils/openpi/datasets/Libero-XVLA-format/libero_10/LIVING_ROOM_SCENE6_put_the_white_mug_on_the_plate_and_put_the_chocolate_pudding_to_the_right_of_the_plate_demo/demo_42.hdf5
Fetching 5618 files:   6%|▌         | 333/5618 [00:44<08:14, 10.69it/s]Downloading 'libero_10/STUDY_SCENE1_pick_up_the_book_and_place_it_in_the_back_compartment_of_the_caddy_demo/demo_0.hdf5' to '/scratch/shahils/openpi/datasets/Libero-XVLA-format/.cache/huggingface/download/libero_10/STUDY_SCENE1_pick_up_the_book_and_place_it_in_the_back_compartment_of_the_caddy_demo/-SUtq2iS9pccEl-u7s03cwI-BTI=.c311c661f0d16f27fa5d0c8becf302bb597029d307c1b47217a4e7a409be8833.incomplete'
Download complete. Moving file to /scratch/shahils/openpi/datasets/Libero-XVLA-format/libero_10/LIVING_ROOM_SCENE6_put_the_white_mug_on_the_plate_and_put_the_chocolate_pudding_to_the_right_of_the_plate_demo/demo_43.hdf5
Download complete. Moving file to /scratch/shahils/openpi/datasets/Libero-XVLA-format/libero_10/LIVING_ROOM_SCENE6_put_the_white_mug_on_the_plate_and_put_the_chocolate_pudding_to_the_right_of_the_plate_demo/demo_45.hdf5
Fetching 5618 files:   6%|▌         | 335/5618 [00:45<08:48,  9.99it/s]Download complete. Moving file to /scratch/shahils/openpi/datasets/Libero-XVLA-format/libero_10/LIVING_ROOM_SCENE6_put_the_white_mug_on_the_plate_and_put_the_chocolate_pudding_to_the_right_of_the_plate_demo/demo_46.hdf5
Downloading 'libero_10/STUDY_SCENE1_pick_up_the_book_and_place_it_in_the_back_compartment_of_the_caddy_demo/demo_10.hdf5' to '/scratch/shahils/openpi/datasets/Libero-XVLA-format/.cache/huggingface/download/libero_10/STUDY_SCENE1_pick_up_the_book_and_place_it_in_the_back_compartment_of_the_caddy_demo/qIanSg8lEEhbjgh5TfQXC9aObEA=.fbcdb712f90d282d32777cda442d4564cbb69c57237f079b71d04147a96cb31e.incomplete'
Downloading 'libero_10/STUDY_SCENE1_pick_up_the_book_and_place_it_in_the_back_compartment_of_the_caddy_demo/demo_12.hdf5' to '/scratch/shahils/openpi/datasets/Libero-XVLA-format/.cache/huggingface/download/libero_10/STUDY_SCENE1_pick_up_the_book_and_place_it_in_the_back_compartment_of_the_caddy_demo/QDq8jLIyXUsYQbypRHAy-yw4iXg=.125d375656ba5f8e4b63d7e5a4139337cae5bb5046ef852d7c242ec68498a65e.incomplete'
Download complete. Moving file to /scratch/shahils/openpi/datasets/Libero-XVLA-format/libero_10/LIVING_ROOM_SCENE6_put_the_white_mug_on_the_plate_and_put_the_chocolate_pudding_to_the_right_of_the_plate_demo/demo_47.hdf5
Downloading 'libero_10/STUDY_SCENE1_pick_up_the_book_and_place_it_in_the_back_compartment_of_the_caddy_demo/demo_13.hdf5' to '/scratch/shahils/openpi/datasets/Libero-XVLA-format/.cache/huggingface/download/libero_10/STUDY_SCENE1_pick_up_the_book_and_place_it_in_the_back_compartment_of_the_caddy_demo/NkkCokoXhiuvGb16sv2kt7AnL2k=.915f7f2699c39bc4d4b588c1edc2e4d08cea189090e5a66e46b0c9eadcf37483.incomplete'
Fetching 5618 files:   6%|▌         | 337/5618 [00:45<08:41, 10.13it/s]Download complete. Moving file to /scratch/shahils/openpi/datasets/Libero-XVLA-format/libero_10/LIVING_ROOM_SCENE6_put_the_white_mug_on_the_plate_and_put_the_chocolate_pudding_to_the_right_of_the_plate_demo/demo_48.hdf5
Download complete. Moving file to /scratch/shahils/openpi/datasets/Libero-XVLA-format/libero_10/LIVING_ROOM_SCENE6_put_the_white_mug_on_the_plate_and_put_the_chocolate_pudding_to_the_right_of_the_plate_demo/demo_6.hdf5
Downloading 'libero_10/STUDY_SCENE1_pick_up_the_book_and_place_it_in_the_back_compartment_of_the_caddy_demo/demo_16.hdf5' to '/scratch/shahils/openpi/datasets/Libero-XVLA-format/.cache/huggingface/download/libero_10/STUDY_SCENE1_pick_up_the_book_and_place_it_in_the_back_compartment_of_the_caddy_demo/s1llPhM4ziSOsExqdg76GXM5fSI=.deb2d88350858780115ae4c01c4e27ea2910084daeb44496cb38be3552ed5d4c.incomplete'
Fetching 5618 files:   6%|▌         | 339/5618 [00:45<08:22, 10.51it/s]Download complete. Moving file to /scratch/shahils/openpi/datasets/Libero-XVLA-format/libero_10/LIVING_ROOM_SCENE6_put_the_white_mug_on_the_plate_and_put_the_chocolate_pudding_to_the_right_of_the_plate_demo/demo_9.hdf5
Downloading 'libero_10/STUDY_SCENE1_pick_up_the_book_and_place_it_in_the_back_compartment_of_the_caddy_demo/demo_18.hdf5' to '/scratch/shahils/openpi/datasets/Libero-XVLA-format/.cache/huggingface/download/libero_10/STUDY_SCENE1_pick_up_the_book_and_place_it_in_the_back_compartment_of_the_caddy_demo/QKYXz1zdl3FTvUCbpq3qqjTLQU0=.7e0886761071f375489ad8075ca8ee220998d4394bd2f9215e25ad0d7056da5f.incomplete'
Downloading 'libero_10/STUDY_SCENE1_pick_up_the_book_and_place_it_in_the_back_compartment_of_the_caddy_demo/demo_17.hdf5' to '/scratch/shahils/openpi/datasets/Libero-XVLA-format/.cache/huggingface/download/libero_10/STUDY_SCENE1_pick_up_the_book_and_place_it_in_the_back_compartment_of_the_caddy_demo/tdk1YGznMGt3DKeO1j0C_7zlX5E=.1f5383cc3a407fef69bf17c30644d138ae51af8526b69839071cf567f2471b55.incomplete'
Downloading 'libero_10/STUDY_SCENE1_pick_up_the_book_and_place_it_in_the_back_compartment_of_the_caddy_demo/demo_19.hdf5' to '/scratch/shahils/openpi/datasets/Libero-XVLA-format/.cache/huggingface/download/libero_10/STUDY_SCENE1_pick_up_the_book_and_place_it_in_the_back_compartment_of_the_caddy_demo/6xBKWCyw0SdK7vupOIeue6KcRJQ=.62343a756eaa65755cad15b7dbd42ec9fd0467bd84d549de138ae3bca2d8db9a.incomplete'
Download complete. Moving file to /scratch/shahils/openpi/datasets/Libero-XVLA-format/libero_10/STUDY_SCENE1_pick_up_the_book_and_place_it_in_the_back_compartment_of_the_caddy_demo/demo_12.hdf5
Download complete. Moving file to /scratch/shahils/openpi/datasets/Libero-XVLA-format/libero_10/STUDY_SCENE1_pick_up_the_book_and_place_it_in_the_back_compartment_of_the_caddy_demo/demo_0.hdf5
Fetching 5618 files:   6%|▌         | 341/5618 [00:46<11:39,  7.54it/s]Download complete. Moving file to /scratch/shahils/openpi/datasets/Libero-XVLA-format/libero_10/STUDY_SCENE1_pick_up_the_book_and_place_it_in_the_back_compartment_of_the_caddy_demo/demo_13.hdf5
Downloading 'libero_10/STUDY_SCENE1_pick_up_the_book_and_place_it_in_the_back_compartment_of_the_caddy_demo/demo_2.hdf5' to '/scratch/shahils/openpi/datasets/Libero-XVLA-format/.cache/huggingface/download/libero_10/STUDY_SCENE1_pick_up_the_book_and_place_it_in_the_back_compartment_of_the_caddy_demo/3og14UMK8OhFZ5TnH3yoVefIegk=.5af2f917023e9e67dc850356b10676719861a192778b171d19f88715999823c0.incomplete'
Downloading 'libero_10/STUDY_SCENE1_pick_up_the_book_and_place_it_in_the_back_compartment_of_the_caddy_demo/demo_20.hdf5' to '/scratch/shahils/openpi/datasets/Libero-XVLA-format/.cache/huggingface/download/libero_10/STUDY_SCENE1_pick_up_the_book_and_place_it_in_the_back_compartment_of_the_caddy_demo/YKCRkR71roKkdVB7ct5LRhgdm0w=.d3d2a9f9b4e1dd0d6181aab7a484e6cb390a80b93795a4a518f3e842818c65f4.incomplete'
Downloading 'libero_10/STUDY_SCENE1_pick_up_the_book_and_place_it_in_the_back_compartment_of_the_caddy_demo/demo_21.hdf5' to '/scratch/shahils/openpi/datasets/Libero-XVLA-format/.cache/huggingface/download/libero_10/STUDY_SCENE1_pick_up_the_book_and_place_it_in_the_back_compartment_of_the_caddy_demo/3K3Z_y4mvKjZ0errTbFxkBfVJTk=.e0635093aeaf1d30a8fdf9639fae5727947e7a0e6e1d538927bb7e6c1fb2256c.incomplete'
Download complete. Moving file to /scratch/shahils/openpi/datasets/Libero-XVLA-format/libero_10/STUDY_SCENE1_pick_up_the_book_and_place_it_in_the_back_compartment_of_the_caddy_demo/demo_16.hdf5
Download complete. Moving file to /scratch/shahils/openpi/datasets/Libero-XVLA-format/libero_10/STUDY_SCENE1_pick_up_the_book_and_place_it_in_the_back_compartment_of_the_caddy_demo/demo_18.hdf5
Download complete. Moving file to /scratch/shahils/openpi/datasets/Libero-XVLA-format/libero_10/STUDY_SCENE1_pick_up_the_book_and_place_it_in_the_back_compartment_of_the_caddy_demo/demo_19.hdf5
Downloading 'libero_10/STUDY_SCENE1_pick_up_the_book_and_place_it_in_the_back_compartment_of_the_caddy_demo/demo_22.hdf5' to '/scratch/shahils/openpi/datasets/Libero-XVLA-format/.cache/huggingface/download/libero_10/STUDY_SCENE1_pick_up_the_book_and_place_it_in_the_back_compartment_of_the_caddy_demo/gWwjSkl0yFcWGaeq6CAzkhpO2D0=.cf5b8d081bb6b4d3bae8247f9fda67cbc7415f46151e0f62074096044072d45a.incomplete'
Downloading 'libero_10/STUDY_SCENE1_pick_up_the_book_and_place_it_in_the_back_compartment_of_the_caddy_demo/demo_23.hdf5' to '/scratch/shahils/openpi/datasets/Libero-XVLA-format/.cache/huggingface/download/libero_10/STUDY_SCENE1_pick_up_the_book_and_place_it_in_the_back_compartment_of_the_caddy_demo/yzE0FOLSaNlQiGR555_6tIW-62E=.8518053478e6d2d84781feee0ea1de29c43a72ec4e342e450d36c2c70e8075f7.incomplete'
Downloading 'libero_10/STUDY_SCENE1_pick_up_the_book_and_place_it_in_the_back_compartment_of_the_caddy_demo/demo_24.hdf5' to '/scratch/shahils/openpi/datasets/Libero-XVLA-format/.cache/huggingface/download/libero_10/STUDY_SCENE1_pick_up_the_book_and_place_it_in_the_back_compartment_of_the_caddy_demo/Av9f4nuuD5gt-fGnBnDr3GSVu64=.c88469b70b9f1d8d2e0bb498b5848ad98a25ab836f7a7cadcd35f2fc21861d08.incomplete'
Download complete. Moving file to /scratch/shahils/openpi/datasets/Libero-XVLA-format/libero_10/STUDY_SCENE1_pick_up_the_book_and_place_it_in_the_back_compartment_of_the_caddy_demo/demo_20.hdf5
Download complete. Moving file to /scratch/shahils/openpi/datasets/Libero-XVLA-format/libero_10/STUDY_SCENE1_pick_up_the_book_and_place_it_in_the_back_compartment_of_the_caddy_demo/demo_17.hdf5
Download complete. Moving file to /scratch/shahils/openpi/datasets/Libero-XVLA-format/libero_10/STUDY_SCENE1_pick_up_the_book_and_place_it_in_the_back_compartment_of_the_caddy_demo/demo_2.hdf5
Downloading 'libero_10/STUDY_SCENE1_pick_up_the_book_and_place_it_in_the_back_compartment_of_the_caddy_demo/demo_25.hdf5' to '/scratch/shahils/openpi/datasets/Libero-XVLA-format/.cache/huggingface/download/libero_10/STUDY_SCENE1_pick_up_the_book_and_place_it_in_the_back_compartment_of_the_caddy_demo/6Z-wCyJKscsJ4FI7YAMP-Ecsv0g=.b9838a0f491a405cbee543c310c5b7896f1ed00369f24cef203dfe405c4a1db8.incomplete'
Downloading 'libero_10/STUDY_SCENE1_pick_up_the_book_and_place_it_in_the_back_compartment_of_the_caddy_demo/demo_26.hdf5' to '/scratch/shahils/openpi/datasets/Libero-XVLA-format/.cache/huggingface/download/libero_10/STUDY_SCENE1_pick_up_the_book_and_place_it_in_the_back_compartment_of_the_caddy_demo/D0Sfp77Lbsw-ire7S06x4EHBIz8=.2b2904230853c48847b1dfd7d8d3dd0fe37e8885d8020584ddd2e76861323293.incomplete'
Download complete. Moving file to /scratch/shahils/openpi/datasets/Libero-XVLA-format/libero_10/STUDY_SCENE1_pick_up_the_book_and_place_it_in_the_back_compartment_of_the_caddy_demo/demo_21.hdf5
Downloading 'libero_10/STUDY_SCENE1_pick_up_the_book_and_place_it_in_the_back_compartment_of_the_caddy_demo/demo_27.hdf5' to '/scratch/shahils/openpi/datasets/Libero-XVLA-format/.cache/huggingface/download/libero_10/STUDY_SCENE1_pick_up_the_book_and_place_it_in_the_back_compartment_of_the_caddy_demo/awW9_RZm5u75nVXyr7-Wt87ouRY=.1657d562750f01373a8682de8e1ae26f086635b7aeb83de2b007abdbf2111f87.incomplete'
Downloading 'libero_10/STUDY_SCENE1_pick_up_the_book_and_place_it_in_the_back_compartment_of_the_caddy_demo/demo_28.hdf5' to '/scratch/shahils/openpi/datasets/Libero-XVLA-format/.cache/huggingface/download/libero_10/STUDY_SCENE1_pick_up_the_book_and_place_it_in_the_back_compartment_of_the_caddy_demo/oCHBOAFNGVGg80mwaTp2RsvSXNo=.713b79ff8b31afa368794f6efbd316210583bfd79c99d480a8392f0fd2e6c2cc.incomplete'
Download complete. Moving file to /scratch/shahils/openpi/datasets/Libero-XVLA-format/libero_10/STUDY_SCENE1_pick_up_the_book_and_place_it_in_the_back_compartment_of_the_caddy_demo/demo_10.hdf5
Fetching 5618 files:   6%|▌         | 342/5618 [00:47<22:49,  3.85it/s]Download complete. Moving file to /scratch/shahils/openpi/datasets/Libero-XVLA-format/libero_10/STUDY_SCENE1_pick_up_the_book_and_place_it_in_the_back_compartment_of_the_caddy_demo/demo_22.hdf5
Downloading 'libero_10/STUDY_SCENE1_pick_up_the_book_and_place_it_in_the_back_compartment_of_the_caddy_demo/demo_29.hdf5' to '/scratch/shahils/openpi/datasets/Libero-XVLA-format/.cache/huggingface/download/libero_10/STUDY_SCENE1_pick_up_the_book_and_place_it_in_the_back_compartment_of_the_caddy_demo/yAz0xkAEzHO3nJc6fbf1lm5EA4A=.179a905682bd4b73c5ea0cc9594eb248cbd0cf42bfa8e71471f9c9642ca8e8a0.incomplete'
Downloading 'libero_10/STUDY_SCENE1_pick_up_the_book_and_place_it_in_the_back_compartment_of_the_caddy_demo/demo_32.hdf5' to '/scratch/shahils/openpi/datasets/Libero-XVLA-format/.cache/huggingface/download/libero_10/STUDY_SCENE1_pick_up_the_book_and_place_it_in_the_back_compartment_of_the_caddy_demo/W47I1m5ZiJ5j1VB8WAfsa1kZ3jg=.efd33b5aa3adb4a0f1fca8ab91d203dd723e08d103bab5ef111aeebd86d9c25f.incomplete'
Download complete. Moving file to /scratch/shahils/openpi/datasets/Libero-XVLA-format/libero_10/STUDY_SCENE1_pick_up_the_book_and_place_it_in_the_back_compartment_of_the_caddy_demo/demo_24.hdf5
Downloading 'libero_10/STUDY_SCENE1_pick_up_the_book_and_place_it_in_the_back_compartment_of_the_caddy_demo/demo_33.hdf5' to '/scratch/shahils/openpi/datasets/Libero-XVLA-format/.cache/huggingface/download/libero_10/STUDY_SCENE1_pick_up_the_book_and_place_it_in_the_back_compartment_of_the_caddy_demo/71dKVjNemPYFufIxiL0NslgkHZ4=.ae10d02ef6115d3c5298d8ddbbdbc43fc161cbf6c1d39fb6fe22aad810e0f643.incomplete'
Download complete. Moving file to /scratch/shahils/openpi/datasets/Libero-XVLA-format/libero_10/STUDY_SCENE1_pick_up_the_book_and_place_it_in_the_back_compartment_of_the_caddy_demo/demo_25.hdf5
Download complete. Moving file to /scratch/shahils/openpi/datasets/Libero-XVLA-format/libero_10/STUDY_SCENE1_pick_up_the_book_and_place_it_in_the_back_compartment_of_the_caddy_demo/demo_23.hdf5
Fetching 5618 files:   6%|▋         | 353/5618 [00:47<09:01,  9.72it/s]Download complete. Moving file to /scratch/shahils/openpi/datasets/Libero-XVLA-format/libero_10/STUDY_SCENE1_pick_up_the_book_and_place_it_in_the_back_compartment_of_the_caddy_demo/demo_26.hdf5
Downloading 'libero_10/STUDY_SCENE1_pick_up_the_book_and_place_it_in_the_back_compartment_of_the_caddy_demo/demo_34.hdf5' to '/scratch/shahils/openpi/datasets/Libero-XVLA-format/.cache/huggingface/download/libero_10/STUDY_SCENE1_pick_up_the_book_and_place_it_in_the_back_compartment_of_the_caddy_demo/XvqvOhPRR_plUN0huKWrYYYqQso=.436ce0c321c2235a620204795b7794df2f10fe98b15e737bd21a1fc8e4c5d4c5.incomplete'
Download complete. Moving file to /scratch/shahils/openpi/datasets/Libero-XVLA-format/libero_10/STUDY_SCENE1_pick_up_the_book_and_place_it_in_the_back_compartment_of_the_caddy_demo/demo_28.hdf5
Downloading 'libero_10/STUDY_SCENE1_pick_up_the_book_and_place_it_in_the_back_compartment_of_the_caddy_demo/demo_35.hdf5' to '/scratch/shahils/openpi/datasets/Libero-XVLA-format/.cache/huggingface/download/libero_10/STUDY_SCENE1_pick_up_the_book_and_place_it_in_the_back_compartment_of_the_caddy_demo/puxvedngqel9iesOxTa00onBNow=.8da7b799f5e1a8357a9500c643f66db2a122bbe18e4aa8dea8d587d47ffc706f.incomplete'
Download complete. Moving file to /scratch/shahils/openpi/datasets/Libero-XVLA-format/libero_10/STUDY_SCENE1_pick_up_the_book_and_place_it_in_the_back_compartment_of_the_caddy_demo/demo_29.hdf5
Downloading 'libero_10/STUDY_SCENE1_pick_up_the_book_and_place_it_in_the_back_compartment_of_the_caddy_demo/demo_36.hdf5' to '/scratch/shahils/openpi/datasets/Libero-XVLA-format/.cache/huggingface/download/libero_10/STUDY_SCENE1_pick_up_the_book_and_place_it_in_the_back_compartment_of_the_caddy_demo/0t-nm1J8m0Aumq16uzFp8HaSrqk=.0600a0882f934e8f1911d10a8f4d497a3b262187ac2d861cbce6d21c8d90834b.incomplete'
Download complete. Moving file to /scratch/shahils/openpi/datasets/Libero-XVLA-format/libero_10/STUDY_SCENE1_pick_up_the_book_and_place_it_in_the_back_compartment_of_the_caddy_demo/demo_27.hdf5
Downloading 'libero_10/STUDY_SCENE1_pick_up_the_book_and_place_it_in_the_back_compartment_of_the_caddy_demo/demo_37.hdf5' to '/scratch/shahils/openpi/datasets/Libero-XVLA-format/.cache/huggingface/download/libero_10/STUDY_SCENE1_pick_up_the_book_and_place_it_in_the_back_compartment_of_the_caddy_demo/six54jnBxEIwvnS7MaIA-ysQ7ww=.d24fd95deee346ac54fad7b16ba8868410830d29e238f9eac333c726b864112e.incomplete'
Fetching 5618 files:   6%|▋         | 357/5618 [00:47<07:58, 11.00it/s]Downloading 'libero_10/STUDY_SCENE1_pick_up_the_book_and_place_it_in_the_back_compartment_of_the_caddy_demo/demo_38.hdf5' to '/scratch/shahils/openpi/datasets/Libero-XVLA-format/.cache/huggingface/download/libero_10/STUDY_SCENE1_pick_up_the_book_and_place_it_in_the_back_compartment_of_the_caddy_demo/FvVDF7ms8p6TQEbfo1o-dhDgGUo=.ed7602ff3265b47bc2ec67081056142406a3d4c45d4825e77204e0a6110878d7.incomplete'
Download complete. Moving file to /scratch/shahils/openpi/datasets/Libero-XVLA-format/libero_10/STUDY_SCENE1_pick_up_the_book_and_place_it_in_the_back_compartment_of_the_caddy_demo/demo_32.hdf5
Fetching 5618 files:   6%|▋         | 360/5618 [00:47<07:03, 12.40it/s]Downloading 'libero_10/STUDY_SCENE1_pick_up_the_book_and_place_it_in_the_back_compartment_of_the_caddy_demo/demo_39.hdf5' to '/scratch/shahils/openpi/datasets/Libero-XVLA-format/.cache/huggingface/download/libero_10/STUDY_SCENE1_pick_up_the_book_and_place_it_in_the_back_compartment_of_the_caddy_demo/uc2s1qxkrQQuSk7uhnI17Kpq7so=.0c7eb9b16b9e73ad59e35cba12c4ce2015a9aef016ab6555df0046371ee229d7.incomplete'
Downloading 'libero_10/STUDY_SCENE1_pick_up_the_book_and_place_it_in_the_back_compartment_of_the_caddy_demo/demo_4.hdf5' to '/scratch/shahils/openpi/datasets/Libero-XVLA-format/.cache/huggingface/download/libero_10/STUDY_SCENE1_pick_up_the_book_and_place_it_in_the_back_compartment_of_the_caddy_demo/ipuk287oYmp9DTR1pceb2mWz1L8=.bda76d13f241b7a30e4fa4f31ceeacc007b66d60a4b7af47faa8897744f21d34.incomplete'
Download complete. Moving file to /scratch/shahils/openpi/datasets/Libero-XVLA-format/libero_10/STUDY_SCENE1_pick_up_the_book_and_place_it_in_the_back_compartment_of_the_caddy_demo/demo_34.hdf5
Download complete. Moving file to /scratch/shahils/openpi/datasets/Libero-XVLA-format/libero_10/STUDY_SCENE1_pick_up_the_book_and_place_it_in_the_back_compartment_of_the_caddy_demo/demo_33.hdf5
Fetching 5618 files:   6%|▋         | 362/5618 [00:48<07:47, 11.25it/s]Download complete. Moving file to /scratch/shahils/openpi/datasets/Libero-XVLA-format/libero_10/STUDY_SCENE1_pick_up_the_book_and_place_it_in_the_back_compartment_of_the_caddy_demo/demo_35.hdf5
Downloading 'libero_10/STUDY_SCENE1_pick_up_the_book_and_place_it_in_the_back_compartment_of_the_caddy_demo/demo_42.hdf5' to '/scratch/shahils/openpi/datasets/Libero-XVLA-format/.cache/huggingface/download/libero_10/STUDY_SCENE1_pick_up_the_book_and_place_it_in_the_back_compartment_of_the_caddy_demo/aG9SsDqjtm7eJlBwavK1b1oF2A0=.a07fa8cf57922d0e2c6f4b590ecefed7d32597b50fe4bc58d71b189597314820.incomplete'
Download complete. Moving file to /scratch/shahils/openpi/datasets/Libero-XVLA-format/libero_10/STUDY_SCENE1_pick_up_the_book_and_place_it_in_the_back_compartment_of_the_caddy_demo/demo_37.hdf5
Downloading 'libero_10/STUDY_SCENE1_pick_up_the_book_and_place_it_in_the_back_compartment_of_the_caddy_demo/demo_40.hdf5' to '/scratch/shahils/openpi/datasets/Libero-XVLA-format/.cache/huggingface/download/libero_10/STUDY_SCENE1_pick_up_the_book_and_place_it_in_the_back_compartment_of_the_caddy_demo/gbqCG95rgl4AbHbeFAAh6X4b9_0=.b0197bf34ef68b05bc4ed11114ba8b3ad7ba3e607f774be842fdda06a534ba2b.incomplete'
Downloading 'libero_10/STUDY_SCENE1_pick_up_the_book_and_place_it_in_the_back_compartment_of_the_caddy_demo/demo_41.hdf5' to '/scratch/shahils/openpi/datasets/Libero-XVLA-format/.cache/huggingface/download/libero_10/STUDY_SCENE1_pick_up_the_book_and_place_it_in_the_back_compartment_of_the_caddy_demo/3iMrJnDf8EyN9l6WylHc3Y2wlVg=.21cb3f47deb6340880f72f7fa0706789da8e7d3c52f6f64e9c0bb434b201bbc0.incomplete'
Downloading 'libero_10/STUDY_SCENE1_pick_up_the_book_and_place_it_in_the_back_compartment_of_the_caddy_demo/demo_43.hdf5' to '/scratch/shahils/openpi/datasets/Libero-XVLA-format/.cache/huggingface/download/libero_10/STUDY_SCENE1_pick_up_the_book_and_place_it_in_the_back_compartment_of_the_caddy_demo/xDtfjXi1ZpcTDqx8nNxVshnvTLY=.5f096231e91e3dc59df01004fdc86029123c5a9c18f85d3584dbb9ff47ca19d3.incomplete'
Download complete. Moving file to /scratch/shahils/openpi/datasets/Libero-XVLA-format/libero_10/STUDY_SCENE1_pick_up_the_book_and_place_it_in_the_back_compartment_of_the_caddy_demo/demo_36.hdf5
Fetching 5618 files:   6%|▋         | 364/5618 [00:48<09:16,  9.44it/s]Download complete. Moving file to /scratch/shahils/openpi/datasets/Libero-XVLA-format/libero_10/STUDY_SCENE1_pick_up_the_book_and_place_it_in_the_back_compartment_of_the_caddy_demo/demo_4.hdf5
Downloading 'libero_10/STUDY_SCENE1_pick_up_the_book_and_place_it_in_the_back_compartment_of_the_caddy_demo/demo_46.hdf5' to '/scratch/shahils/openpi/datasets/Libero-XVLA-format/.cache/huggingface/download/libero_10/STUDY_SCENE1_pick_up_the_book_and_place_it_in_the_back_compartment_of_the_caddy_demo/GSFiAZuoEvbbDSjbh92wEUVAKvQ=.37e050b50f6b5af083810a0338b53e6766874965ccf2ddd9cbdeaa231f915490.incomplete'
Download complete. Moving file to /scratch/shahils/openpi/datasets/Libero-XVLA-format/libero_10/STUDY_SCENE1_pick_up_the_book_and_place_it_in_the_back_compartment_of_the_caddy_demo/demo_38.hdf5
Fetching 5618 files:   7%|▋         | 366/5618 [00:48<09:21,  9.35it/s]Downloading 'libero_10/STUDY_SCENE1_pick_up_the_book_and_place_it_in_the_back_compartment_of_the_caddy_demo/demo_44.hdf5' to '/scratch/shahils/openpi/datasets/Libero-XVLA-format/.cache/huggingface/download/libero_10/STUDY_SCENE1_pick_up_the_book_and_place_it_in_the_back_compartment_of_the_caddy_demo/WSw2kAHnlOu7Sf1zW4FvtY6ae68=.522495f0279b7006eec1b581a67635427563ef590837ffb7ab34f57b3eeb5283.incomplete'
Download complete. Moving file to /scratch/shahils/openpi/datasets/Libero-XVLA-format/libero_10/STUDY_SCENE1_pick_up_the_book_and_place_it_in_the_back_compartment_of_the_caddy_demo/demo_42.hdf5
Download complete. Moving file to /scratch/shahils/openpi/datasets/Libero-XVLA-format/libero_10/STUDY_SCENE1_pick_up_the_book_and_place_it_in_the_back_compartment_of_the_caddy_demo/demo_40.hdf5
Downloading 'libero_10/STUDY_SCENE1_pick_up_the_book_and_place_it_in_the_back_compartment_of_the_caddy_demo/demo_48.hdf5' to '/scratch/shahils/openpi/datasets/Libero-XVLA-format/.cache/huggingface/download/libero_10/STUDY_SCENE1_pick_up_the_book_and_place_it_in_the_back_compartment_of_the_caddy_demo/clT21Q6GOZoCuvkT9Yij6UyXzo8=.34b740417ca67afee32ee8676cebb882eebd3f2bb374f35bf798af6bf822e0ec.incomplete'
Downloading 'libero_10/STUDY_SCENE1_pick_up_the_book_and_place_it_in_the_back_compartment_of_the_caddy_demo/demo_47.hdf5' to '/scratch/shahils/openpi/datasets/Libero-XVLA-format/.cache/huggingface/download/libero_10/STUDY_SCENE1_pick_up_the_book_and_place_it_in_the_back_compartment_of_the_caddy_demo/WAmqMow1SHsQNkQwGt3eEQD1n68=.785d468dedc5eb27ac77c83805be541e50266fb1277f1d5d6e9611e7427428fa.incomplete'
Download complete. Moving file to /scratch/shahils/openpi/datasets/Libero-XVLA-format/libero_10/STUDY_SCENE1_pick_up_the_book_and_place_it_in_the_back_compartment_of_the_caddy_demo/demo_41.hdf5
Downloading 'libero_10/STUDY_SCENE1_pick_up_the_book_and_place_it_in_the_back_compartment_of_the_caddy_demo/demo_49.hdf5' to '/scratch/shahils/openpi/datasets/Libero-XVLA-format/.cache/huggingface/download/libero_10/STUDY_SCENE1_pick_up_the_book_and_place_it_in_the_back_compartment_of_the_caddy_demo/AqGksBkHsgl6Z30tGZzu6zuU6u4=.bf2cf4ec0fcffb1cb29261e7ae0e6fda13c7fe7b9b15c1178d1fe4809c2cb951.incomplete'
Downloading 'libero_10/STUDY_SCENE1_pick_up_the_book_and_place_it_in_the_back_compartment_of_the_caddy_demo/demo_5.hdf5' to '/scratch/shahils/openpi/datasets/Libero-XVLA-format/.cache/huggingface/download/libero_10/STUDY_SCENE1_pick_up_the_book_and_place_it_in_the_back_compartment_of_the_caddy_demo/W103OyYBEP6E2F77F2mPmmee-xo=.da2acf5e77b5d5747c3f9e4e09b0d7ebbf9d9989af7bee6b785be69e2d8d6e62.incomplete'
Download complete. Moving file to /scratch/shahils/openpi/datasets/Libero-XVLA-format/libero_10/STUDY_SCENE1_pick_up_the_book_and_place_it_in_the_back_compartment_of_the_caddy_demo/demo_39.hdf5
Fetching 5618 files:   7%|▋         | 368/5618 [00:48<10:49,  8.08it/s]Download complete. Moving file to /scratch/shahils/openpi/datasets/Libero-XVLA-format/libero_10/STUDY_SCENE1_pick_up_the_book_and_place_it_in_the_back_compartment_of_the_caddy_demo/demo_46.hdf5
Downloading 'libero_10/STUDY_SCENE1_pick_up_the_book_and_place_it_in_the_back_compartment_of_the_caddy_demo/demo_6.hdf5' to '/scratch/shahils/openpi/datasets/Libero-XVLA-format/.cache/huggingface/download/libero_10/STUDY_SCENE1_pick_up_the_book_and_place_it_in_the_back_compartment_of_the_caddy_demo/Wr6ZPoJs4sFIJWzyWVAnWCPbWzA=.b2a148fdc843c550bc99791fdc83fff3cc1520826b0c97de548838e5f59d0bd4.incomplete'
Downloading 'libero_10/STUDY_SCENE1_pick_up_the_book_and_place_it_in_the_back_compartment_of_the_caddy_demo/demo_8.hdf5' to '/scratch/shahils/openpi/datasets/Libero-XVLA-format/.cache/huggingface/download/libero_10/STUDY_SCENE1_pick_up_the_book_and_place_it_in_the_back_compartment_of_the_caddy_demo/guTF9kyhn15zkapITNaJzvsF6SM=.831e6dc82a33e6cb8bfcf13f07f1f1849556150f8383a39f8fbd9f66766641e7.incomplete'
Download complete. Moving file to /scratch/shahils/openpi/datasets/Libero-XVLA-format/libero_10/STUDY_SCENE1_pick_up_the_book_and_place_it_in_the_back_compartment_of_the_caddy_demo/demo_44.hdf5
Download complete. Moving file to /scratch/shahils/openpi/datasets/Libero-XVLA-format/libero_10/STUDY_SCENE1_pick_up_the_book_and_place_it_in_the_back_compartment_of_the_caddy_demo/demo_43.hdf5
Fetching 5618 files:   7%|▋         | 372/5618 [00:49<08:46,  9.97it/s]Download complete. Moving file to /scratch/shahils/openpi/datasets/Libero-XVLA-format/libero_10/STUDY_SCENE1_pick_up_the_book_and_place_it_in_the_back_compartment_of_the_caddy_demo/demo_48.hdf5
Downloading 'libero_90/KITCHEN_SCENE10_close_the_top_drawer_of_the_cabinet_and_put_the_black_bowl_on_top_of_it_demo/demo_0.hdf5' to '/scratch/shahils/openpi/datasets/Libero-XVLA-format/.cache/huggingface/download/libero_90/KITCHEN_SCENE10_close_the_top_drawer_of_the_cabinet_and_put_the_black_bowl_on_top_of_it_demo/-SUtq2iS9pccEl-u7s03cwI-BTI=.dee95c422b26f5c6aabca154eb1fcc6afec9739e46db2e5749805c34735b1621.incomplete'
Download complete. Moving file to /scratch/shahils/openpi/datasets/Libero-XVLA-format/libero_10/STUDY_SCENE1_pick_up_the_book_and_place_it_in_the_back_compartment_of_the_caddy_demo/demo_47.hdf5
Downloading 'libero_10/STUDY_SCENE1_pick_up_the_book_and_place_it_in_the_back_compartment_of_the_caddy_demo/demo_9.hdf5' to '/scratch/shahils/openpi/datasets/Libero-XVLA-format/.cache/huggingface/download/libero_10/STUDY_SCENE1_pick_up_the_book_and_place_it_in_the_back_compartment_of_the_caddy_demo/jlB8BvhXv_s7_AXzTNoxVPsUohM=.a4b5f1ea565341ad7b5f68252c7d580b0e2ae2389ac79c88b7926c03d83c32a8.incomplete'
Fetching 5618 files:   7%|▋         | 375/5618 [00:49<07:09, 12.20it/s]Downloading 'libero_90/KITCHEN_SCENE10_close_the_top_drawer_of_the_cabinet_and_put_the_black_bowl_on_top_of_it_demo/demo_1.hdf5' to '/scratch/shahils/openpi/datasets/Libero-XVLA-format/.cache/huggingface/download/libero_90/KITCHEN_SCENE10_close_the_top_drawer_of_the_cabinet_and_put_the_black_bowl_on_top_of_it_demo/G-5RjmQ2_e5v-a7yjG2BYUzL9K0=.5d2b08216fef9ec11d8d2696a627379a93b7fc14b292e00b2b9e334bd2e44bcb.incomplete'
Download complete. Moving file to /scratch/shahils/openpi/datasets/Libero-XVLA-format/libero_10/STUDY_SCENE1_pick_up_the_book_and_place_it_in_the_back_compartment_of_the_caddy_demo/demo_5.hdf5
Downloading 'libero_90/KITCHEN_SCENE10_close_the_top_drawer_of_the_cabinet_and_put_the_black_bowl_on_top_of_it_demo/demo_10.hdf5' to '/scratch/shahils/openpi/datasets/Libero-XVLA-format/.cache/huggingface/download/libero_90/KITCHEN_SCENE10_close_the_top_drawer_of_the_cabinet_and_put_the_black_bowl_on_top_of_it_demo/qIanSg8lEEhbjgh5TfQXC9aObEA=.6053991d45fd3e7acd610b30d4c5c0dd6f8010be7996b6d4dc41b97ec2572a81.incomplete'
Download complete. Moving file to /scratch/shahils/openpi/datasets/Libero-XVLA-format/libero_10/STUDY_SCENE1_pick_up_the_book_and_place_it_in_the_back_compartment_of_the_caddy_demo/demo_49.hdf5
Fetching 5618 files:   7%|▋         | 377/5618 [00:49<07:43, 11.32it/s]Downloading 'libero_90/KITCHEN_SCENE10_close_the_top_drawer_of_the_cabinet_and_put_the_black_bowl_on_top_of_it_demo/demo_11.hdf5' to '/scratch/shahils/openpi/datasets/Libero-XVLA-format/.cache/huggingface/download/libero_90/KITCHEN_SCENE10_close_the_top_drawer_of_the_cabinet_and_put_the_black_bowl_on_top_of_it_demo/T6SmyekXmGOaXhadezMfhlRR42s=.3892ce8436121cb60b46ab7fe5fae924596a262b71e9a954ecf454a944239fe2.incomplete'
Downloading 'libero_90/KITCHEN_SCENE10_close_the_top_drawer_of_the_cabinet_and_put_the_black_bowl_on_top_of_it_demo/demo_12.hdf5' to '/scratch/shahils/openpi/datasets/Libero-XVLA-format/.cache/huggingface/download/libero_90/KITCHEN_SCENE10_close_the_top_drawer_of_the_cabinet_and_put_the_black_bowl_on_top_of_it_demo/QDq8jLIyXUsYQbypRHAy-yw4iXg=.db4de15fdfc0cd35b32d5db6cba6d43dcffecfd9cc582afbf1d44b6deaa40fb6.incomplete'
Download complete. Moving file to /scratch/shahils/openpi/datasets/Libero-XVLA-format/libero_10/STUDY_SCENE1_pick_up_the_book_and_place_it_in_the_back_compartment_of_the_caddy_demo/demo_6.hdf5
Fetching 5618 files:   7%|▋         | 379/5618 [00:49<08:10, 10.67it/s]Download complete. Moving file to /scratch/shahils/openpi/datasets/Libero-XVLA-format/libero_10/STUDY_SCENE1_pick_up_the_book_and_place_it_in_the_back_compartment_of_the_caddy_demo/demo_8.hdf5
Download complete. Moving file to /scratch/shahils/openpi/datasets/Libero-XVLA-format/libero_10/STUDY_SCENE1_pick_up_the_book_and_place_it_in_the_back_compartment_of_the_caddy_demo/demo_9.hdf5
Downloading 'libero_90/KITCHEN_SCENE10_close_the_top_drawer_of_the_cabinet_and_put_the_black_bowl_on_top_of_it_demo/demo_13.hdf5' to '/scratch/shahils/openpi/datasets/Libero-XVLA-format/.cache/huggingface/download/libero_90/KITCHEN_SCENE10_close_the_top_drawer_of_the_cabinet_and_put_the_black_bowl_on_top_of_it_demo/NkkCokoXhiuvGb16sv2kt7AnL2k=.1d8adc01cf3235c3b09032ec4e97b41bb87bc41492d4b1654afff079a43f480b.incomplete'
Fetching 5618 files:   7%|▋         | 381/5618 [00:49<07:22, 11.85it/s]Downloading 'libero_90/KITCHEN_SCENE10_close_the_top_drawer_of_the_cabinet_and_put_the_black_bowl_on_top_of_it_demo/demo_14.hdf5' to '/scratch/shahils/openpi/datasets/Libero-XVLA-format/.cache/huggingface/download/libero_90/KITCHEN_SCENE10_close_the_top_drawer_of_the_cabinet_and_put_the_black_bowl_on_top_of_it_demo/neGPYLrCEkbENyyrDK-tLEwet5Q=.4e2da45bceee8644070a00dc34cebe57d33a5f1f63a04a667cfe3071edccde66.incomplete'
Downloading 'libero_90/KITCHEN_SCENE10_close_the_top_drawer_of_the_cabinet_and_put_the_black_bowl_on_top_of_it_demo/demo_16.hdf5' to '/scratch/shahils/openpi/datasets/Libero-XVLA-format/.cache/huggingface/download/libero_90/KITCHEN_SCENE10_close_the_top_drawer_of_the_cabinet_and_put_the_black_bowl_on_top_of_it_demo/s1llPhM4ziSOsExqdg76GXM5fSI=.7b55a566955e01b76b2d4ff50625519ce1be7dd32cd57677262fb72660993eed.incomplete'
Download complete. Moving file to /scratch/shahils/openpi/datasets/Libero-XVLA-format/libero_90/KITCHEN_SCENE10_close_the_top_drawer_of_the_cabinet_and_put_the_black_bowl_on_top_of_it_demo/demo_0.hdf5
Downloading 'libero_90/KITCHEN_SCENE10_close_the_top_drawer_of_the_cabinet_and_put_the_black_bowl_on_top_of_it_demo/demo_17.hdf5' to '/scratch/shahils/openpi/datasets/Libero-XVLA-format/.cache/huggingface/download/libero_90/KITCHEN_SCENE10_close_the_top_drawer_of_the_cabinet_and_put_the_black_bowl_on_top_of_it_demo/tdk1YGznMGt3DKeO1j0C_7zlX5E=.2b62a828b76c4d818b5fc2eed5dda7cec9fa8d70390297fbf2f30578a6b13ff0.incomplete'
Download complete. Moving file to /scratch/shahils/openpi/datasets/Libero-XVLA-format/libero_90/KITCHEN_SCENE10_close_the_top_drawer_of_the_cabinet_and_put_the_black_bowl_on_top_of_it_demo/demo_1.hdf5
Download complete. Moving file to /scratch/shahils/openpi/datasets/Libero-XVLA-format/libero_90/KITCHEN_SCENE10_close_the_top_drawer_of_the_cabinet_and_put_the_black_bowl_on_top_of_it_demo/demo_10.hdf5
Fetching 5618 files:   7%|▋         | 383/5618 [00:50<11:57,  7.29it/s]Download complete. Moving file to /scratch/shahils/openpi/datasets/Libero-XVLA-format/libero_90/KITCHEN_SCENE10_close_the_top_drawer_of_the_cabinet_and_put_the_black_bowl_on_top_of_it_demo/demo_13.hdf5
Downloading 'libero_90/KITCHEN_SCENE10_close_the_top_drawer_of_the_cabinet_and_put_the_black_bowl_on_top_of_it_demo/demo_18.hdf5' to '/scratch/shahils/openpi/datasets/Libero-XVLA-format/.cache/huggingface/download/libero_90/KITCHEN_SCENE10_close_the_top_drawer_of_the_cabinet_and_put_the_black_bowl_on_top_of_it_demo/QKYXz1zdl3FTvUCbpq3qqjTLQU0=.b28a5f85dc6c43e4ee25c6414f3dd504201880480fa0c51dd1707dfc55c2faa9.incomplete'
Download complete. Moving file to /scratch/shahils/openpi/datasets/Libero-XVLA-format/libero_90/KITCHEN_SCENE10_close_the_top_drawer_of_the_cabinet_and_put_the_black_bowl_on_top_of_it_demo/demo_11.hdf5
Downloading 'libero_90/KITCHEN_SCENE10_close_the_top_drawer_of_the_cabinet_and_put_the_black_bowl_on_top_of_it_demo/demo_19.hdf5' to '/scratch/shahils/openpi/datasets/Libero-XVLA-format/.cache/huggingface/download/libero_90/KITCHEN_SCENE10_close_the_top_drawer_of_the_cabinet_and_put_the_black_bowl_on_top_of_it_demo/6xBKWCyw0SdK7vupOIeue6KcRJQ=.c926b5d77229d754f4ad3c73c474726fec3f3819128984b0b163f6eb15c387d4.incomplete'
Fetching 5618 files:   7%|▋         | 385/5618 [00:50<09:52,  8.83it/s]Download complete. Moving file to /scratch/shahils/openpi/datasets/Libero-XVLA-format/libero_90/KITCHEN_SCENE10_close_the_top_drawer_of_the_cabinet_and_put_the_black_bowl_on_top_of_it_demo/demo_12.hdf5
Downloading 'libero_90/KITCHEN_SCENE10_close_the_top_drawer_of_the_cabinet_and_put_the_black_bowl_on_top_of_it_demo/demo_22.hdf5' to '/scratch/shahils/openpi/datasets/Libero-XVLA-format/.cache/huggingface/download/libero_90/KITCHEN_SCENE10_close_the_top_drawer_of_the_cabinet_and_put_the_black_bowl_on_top_of_it_demo/gWwjSkl0yFcWGaeq6CAzkhpO2D0=.1bdf74a53e216a0239a30a147f3f082c2079fe226a0a685dc697d61e4e4f3612.incomplete'
Downloading 'libero_90/KITCHEN_SCENE10_close_the_top_drawer_of_the_cabinet_and_put_the_black_bowl_on_top_of_it_demo/demo_23.hdf5' to '/scratch/shahils/openpi/datasets/Libero-XVLA-format/.cache/huggingface/download/libero_90/KITCHEN_SCENE10_close_the_top_drawer_of_the_cabinet_and_put_the_black_bowl_on_top_of_it_demo/yzE0FOLSaNlQiGR555_6tIW-62E=.cbec519c49298e3114e323e74ff72c6be85fc551187976db1fcc4f1761e3a445.incomplete'
Download complete. Moving file to /scratch/shahils/openpi/datasets/Libero-XVLA-format/libero_90/KITCHEN_SCENE10_close_the_top_drawer_of_the_cabinet_and_put_the_black_bowl_on_top_of_it_demo/demo_16.hdf5
Downloading 'libero_90/KITCHEN_SCENE10_close_the_top_drawer_of_the_cabinet_and_put_the_black_bowl_on_top_of_it_demo/demo_21.hdf5' to '/scratch/shahils/openpi/datasets/Libero-XVLA-format/.cache/huggingface/download/libero_90/KITCHEN_SCENE10_close_the_top_drawer_of_the_cabinet_and_put_the_black_bowl_on_top_of_it_demo/3K3Z_y4mvKjZ0errTbFxkBfVJTk=.18808f79761cc880d49350a5b72eae659a33ec28761c45f0ea6821b382ba5374.incomplete'
Download complete. Moving file to /scratch/shahils/openpi/datasets/Libero-XVLA-format/libero_90/KITCHEN_SCENE10_close_the_top_drawer_of_the_cabinet_and_put_the_black_bowl_on_top_of_it_demo/demo_17.hdf5
Download complete. Moving file to /scratch/shahils/openpi/datasets/Libero-XVLA-format/libero_90/KITCHEN_SCENE10_close_the_top_drawer_of_the_cabinet_and_put_the_black_bowl_on_top_of_it_demo/demo_14.hdf5
Downloading 'libero_90/KITCHEN_SCENE10_close_the_top_drawer_of_the_cabinet_and_put_the_black_bowl_on_top_of_it_demo/demo_24.hdf5' to '/scratch/shahils/openpi/datasets/Libero-XVLA-format/.cache/huggingface/download/libero_90/KITCHEN_SCENE10_close_the_top_drawer_of_the_cabinet_and_put_the_black_bowl_on_top_of_it_demo/Av9f4nuuD5gt-fGnBnDr3GSVu64=.18414305eb208a910a058cd3b8a72cac139b1d2d04ab90266e43ea03ac87adb7.incomplete'
Fetching 5618 files:   7%|▋         | 388/5618 [00:50<09:22,  9.30it/s]Downloading 'libero_90/KITCHEN_SCENE10_close_the_top_drawer_of_the_cabinet_and_put_the_black_bowl_on_top_of_it_demo/demo_25.hdf5' to '/scratch/shahils/openpi/datasets/Libero-XVLA-format/.cache/huggingface/download/libero_90/KITCHEN_SCENE10_close_the_top_drawer_of_the_cabinet_and_put_the_black_bowl_on_top_of_it_demo/6Z-wCyJKscsJ4FI7YAMP-Ecsv0g=.b0057aa1f6ca8ee639545c593bdd83ab5461cc3c183c6e3d1ff05075b85673be.incomplete'
Downloading 'libero_90/KITCHEN_SCENE10_close_the_top_drawer_of_the_cabinet_and_put_the_black_bowl_on_top_of_it_demo/demo_27.hdf5' to '/scratch/shahils/openpi/datasets/Libero-XVLA-format/.cache/huggingface/download/libero_90/KITCHEN_SCENE10_close_the_top_drawer_of_the_cabinet_and_put_the_black_bowl_on_top_of_it_demo/awW9_RZm5u75nVXyr7-Wt87ouRY=.9c79c886f475302cdbaf72d066db1cf6b1275e2f7f3da9f521e5913ffb0a7b47.incomplete'
Download complete. Moving file to /scratch/shahils/openpi/datasets/Libero-XVLA-format/libero_90/KITCHEN_SCENE10_close_the_top_drawer_of_the_cabinet_and_put_the_black_bowl_on_top_of_it_demo/demo_19.hdf5
Download complete. Moving file to /scratch/shahils/openpi/datasets/Libero-XVLA-format/libero_90/KITCHEN_SCENE10_close_the_top_drawer_of_the_cabinet_and_put_the_black_bowl_on_top_of_it_demo/demo_21.hdf5
Downloading 'libero_90/KITCHEN_SCENE10_close_the_top_drawer_of_the_cabinet_and_put_the_black_bowl_on_top_of_it_demo/demo_28.hdf5' to '/scratch/shahils/openpi/datasets/Libero-XVLA-format/.cache/huggingface/download/libero_90/KITCHEN_SCENE10_close_the_top_drawer_of_the_cabinet_and_put_the_black_bowl_on_top_of_it_demo/oCHBOAFNGVGg80mwaTp2RsvSXNo=.bc900ff603de6c278bae72b14a80c6f6dfb65e20948f21cf9704d66ad8e4c8f5.incomplete'
Download complete. Moving file to /scratch/shahils/openpi/datasets/Libero-XVLA-format/libero_90/KITCHEN_SCENE10_close_the_top_drawer_of_the_cabinet_and_put_the_black_bowl_on_top_of_it_demo/demo_22.hdf5
Downloading 'libero_90/KITCHEN_SCENE10_close_the_top_drawer_of_the_cabinet_and_put_the_black_bowl_on_top_of_it_demo/demo_3.hdf5' to '/scratch/shahils/openpi/datasets/Libero-XVLA-format/.cache/huggingface/download/libero_90/KITCHEN_SCENE10_close_the_top_drawer_of_the_cabinet_and_put_the_black_bowl_on_top_of_it_demo/kDPYMwpDbb0UmDre7lwzbkhjc_A=.6d763ae0926ddd9deeedcea677445c7982de304a5d74b87ec5a3db28f838f0ff.incomplete'
Download complete. Moving file to /scratch/shahils/openpi/datasets/Libero-XVLA-format/libero_90/KITCHEN_SCENE10_close_the_top_drawer_of_the_cabinet_and_put_the_black_bowl_on_top_of_it_demo/demo_23.hdf5
Download complete. Moving file to /scratch/shahils/openpi/datasets/Libero-XVLA-format/libero_90/KITCHEN_SCENE10_close_the_top_drawer_of_the_cabinet_and_put_the_black_bowl_on_top_of_it_demo/demo_24.hdf5
Downloading 'libero_90/KITCHEN_SCENE10_close_the_top_drawer_of_the_cabinet_and_put_the_black_bowl_on_top_of_it_demo/demo_30.hdf5' to '/scratch/shahils/openpi/datasets/Libero-XVLA-format/.cache/huggingface/download/libero_90/KITCHEN_SCENE10_close_the_top_drawer_of_the_cabinet_and_put_the_black_bowl_on_top_of_it_demo/5eZjcC9Xnjg2nGdXeYCieWD8ndg=.62ef17cf444e44648ed2f0a9dcb2dd031030059850a283f5b9ae90258dfcae8c.incomplete'
Downloading 'libero_90/KITCHEN_SCENE10_close_the_top_drawer_of_the_cabinet_and_put_the_black_bowl_on_top_of_it_demo/demo_29.hdf5' to '/scratch/shahils/openpi/datasets/Libero-XVLA-format/.cache/huggingface/download/libero_90/KITCHEN_SCENE10_close_the_top_drawer_of_the_cabinet_and_put_the_black_bowl_on_top_of_it_demo/yAz0xkAEzHO3nJc6fbf1lm5EA4A=.7e830a9fc7bf471849cca978be8f9948a1b656f8dd1b0ef71aa393b07d1449ba.incomplete'
Download complete. Moving file to /scratch/shahils/openpi/datasets/Libero-XVLA-format/libero_90/KITCHEN_SCENE10_close_the_top_drawer_of_the_cabinet_and_put_the_black_bowl_on_top_of_it_demo/demo_25.hdf5
Download complete. Moving file to /scratch/shahils/openpi/datasets/Libero-XVLA-format/libero_90/KITCHEN_SCENE10_close_the_top_drawer_of_the_cabinet_and_put_the_black_bowl_on_top_of_it_demo/demo_27.hdf5
Downloading 'libero_90/KITCHEN_SCENE10_close_the_top_drawer_of_the_cabinet_and_put_the_black_bowl_on_top_of_it_demo/demo_31.hdf5' to '/scratch/shahils/openpi/datasets/Libero-XVLA-format/.cache/huggingface/download/libero_90/KITCHEN_SCENE10_close_the_top_drawer_of_the_cabinet_and_put_the_black_bowl_on_top_of_it_demo/NBPPmp9ufBi0WLlkvdO6oSjfcDw=.26e37c4285ada4d666c4b3c09c2f6bf0c70cadd3c19b9b447a6c8dceb69c496c.incomplete'
Download complete. Moving file to /scratch/shahils/openpi/datasets/Libero-XVLA-format/libero_90/KITCHEN_SCENE10_close_the_top_drawer_of_the_cabinet_and_put_the_black_bowl_on_top_of_it_demo/demo_18.hdf5
Downloading 'libero_90/KITCHEN_SCENE10_close_the_top_drawer_of_the_cabinet_and_put_the_black_bowl_on_top_of_it_demo/demo_32.hdf5' to '/scratch/shahils/openpi/datasets/Libero-XVLA-format/.cache/huggingface/download/libero_90/KITCHEN_SCENE10_close_the_top_drawer_of_the_cabinet_and_put_the_black_bowl_on_top_of_it_demo/W47I1m5ZiJ5j1VB8WAfsa1kZ3jg=.004a7e3a0edda84f7091401c905c32fc4069e610b8851571f2948ab0729afb37.incomplete'
Fetching 5618 files:   7%|▋         | 391/5618 [00:51<16:31,  5.27it/s]Downloading 'libero_90/KITCHEN_SCENE10_close_the_top_drawer_of_the_cabinet_and_put_the_black_bowl_on_top_of_it_demo/demo_33.hdf5' to '/scratch/shahils/openpi/datasets/Libero-XVLA-format/.cache/huggingface/download/libero_90/KITCHEN_SCENE10_close_the_top_drawer_of_the_cabinet_and_put_the_black_bowl_on_top_of_it_demo/71dKVjNemPYFufIxiL0NslgkHZ4=.018a88448fcaf759abde1637404ae4198263c165b615ca31c735139ba6d61f0a.incomplete'
Downloading 'libero_90/KITCHEN_SCENE10_close_the_top_drawer_of_the_cabinet_and_put_the_black_bowl_on_top_of_it_demo/demo_34.hdf5' to '/scratch/shahils/openpi/datasets/Libero-XVLA-format/.cache/huggingface/download/libero_90/KITCHEN_SCENE10_close_the_top_drawer_of_the_cabinet_and_put_the_black_bowl_on_top_of_it_demo/XvqvOhPRR_plUN0huKWrYYYqQso=.69f4781022f24986b99b1efae8d07037c3ec5c6fd4c206e91e01419b42c0c9b6.incomplete'
Download complete. Moving file to /scratch/shahils/openpi/datasets/Libero-XVLA-format/libero_90/KITCHEN_SCENE10_close_the_top_drawer_of_the_cabinet_and_put_the_black_bowl_on_top_of_it_demo/demo_3.hdf5
Download complete. Moving file to /scratch/shahils/openpi/datasets/Libero-XVLA-format/libero_90/KITCHEN_SCENE10_close_the_top_drawer_of_the_cabinet_and_put_the_black_bowl_on_top_of_it_demo/demo_28.hdf5
Fetching 5618 files:   7%|▋         | 399/5618 [00:52<09:54,  8.78it/s]Downloading 'libero_90/KITCHEN_SCENE10_close_the_top_drawer_of_the_cabinet_and_put_the_black_bowl_on_top_of_it_demo/demo_35.hdf5' to '/scratch/shahils/openpi/datasets/Libero-XVLA-format/.cache/huggingface/download/libero_90/KITCHEN_SCENE10_close_the_top_drawer_of_the_cabinet_and_put_the_black_bowl_on_top_of_it_demo/puxvedngqel9iesOxTa00onBNow=.b398c62e46fccaa214637edf767224de089e1e480c1854e2cac20e59aa5cbc12.incomplete'
Downloading 'libero_90/KITCHEN_SCENE10_close_the_top_drawer_of_the_cabinet_and_put_the_black_bowl_on_top_of_it_demo/demo_36.hdf5' to '/scratch/shahils/openpi/datasets/Libero-XVLA-format/.cache/huggingface/download/libero_90/KITCHEN_SCENE10_close_the_top_drawer_of_the_cabinet_and_put_the_black_bowl_on_top_of_it_demo/0t-nm1J8m0Aumq16uzFp8HaSrqk=.4b59d5f7ad8a3d4b223ecae5c31a95b10eb9a1d959ee078ae246d0aa0c5df5ac.incomplete'
Download complete. Moving file to /scratch/shahils/openpi/datasets/Libero-XVLA-format/libero_90/KITCHEN_SCENE10_close_the_top_drawer_of_the_cabinet_and_put_the_black_bowl_on_top_of_it_demo/demo_32.hdf5
Downloading 'libero_90/KITCHEN_SCENE10_close_the_top_drawer_of_the_cabinet_and_put_the_black_bowl_on_top_of_it_demo/demo_37.hdf5' to '/scratch/shahils/openpi/datasets/Libero-XVLA-format/.cache/huggingface/download/libero_90/KITCHEN_SCENE10_close_the_top_drawer_of_the_cabinet_and_put_the_black_bowl_on_top_of_it_demo/six54jnBxEIwvnS7MaIA-ysQ7ww=.3719813a597d254d9d0f6bbac9e303b62fde2509d67a05c1d42af65bc358a666.incomplete'
Download complete. Moving file to /scratch/shahils/openpi/datasets/Libero-XVLA-format/libero_90/KITCHEN_SCENE10_close_the_top_drawer_of_the_cabinet_and_put_the_black_bowl_on_top_of_it_demo/demo_31.hdf5
Download complete. Moving file to /scratch/shahils/openpi/datasets/Libero-XVLA-format/libero_90/KITCHEN_SCENE10_close_the_top_drawer_of_the_cabinet_and_put_the_black_bowl_on_top_of_it_demo/demo_34.hdf5
Download complete. Moving file to /scratch/shahils/openpi/datasets/Libero-XVLA-format/libero_90/KITCHEN_SCENE10_close_the_top_drawer_of_the_cabinet_and_put_the_black_bowl_on_top_of_it_demo/demo_30.hdf5
Downloading 'libero_90/KITCHEN_SCENE10_close_the_top_drawer_of_the_cabinet_and_put_the_black_bowl_on_top_of_it_demo/demo_38.hdf5' to '/scratch/shahils/openpi/datasets/Libero-XVLA-format/.cache/huggingface/download/libero_90/KITCHEN_SCENE10_close_the_top_drawer_of_the_cabinet_and_put_the_black_bowl_on_top_of_it_demo/FvVDF7ms8p6TQEbfo1o-dhDgGUo=.9ae9bfa9ad26a472293a2ecce2a9d87e5e43d8a5a98eb2bdc12bae4916a2b183.incomplete'
Download complete. Moving file to /scratch/shahils/openpi/datasets/Libero-XVLA-format/libero_90/KITCHEN_SCENE10_close_the_top_drawer_of_the_cabinet_and_put_the_black_bowl_on_top_of_it_demo/demo_29.hdf5
Fetching 5618 files:   7%|▋         | 401/5618 [00:52<11:39,  7.45it/s]Download complete. Moving file to /scratch/shahils/openpi/datasets/Libero-XVLA-format/libero_90/KITCHEN_SCENE10_close_the_top_drawer_of_the_cabinet_and_put_the_black_bowl_on_top_of_it_demo/demo_33.hdf5
Downloading 'libero_90/KITCHEN_SCENE10_close_the_top_drawer_of_the_cabinet_and_put_the_black_bowl_on_top_of_it_demo/demo_40.hdf5' to '/scratch/shahils/openpi/datasets/Libero-XVLA-format/.cache/huggingface/download/libero_90/KITCHEN_SCENE10_close_the_top_drawer_of_the_cabinet_and_put_the_black_bowl_on_top_of_it_demo/gbqCG95rgl4AbHbeFAAh6X4b9_0=.2c691657885fb80bbaaab6b83bc9156b861483bf6a27ea7848e32fa65d1a1409.incomplete'
Downloading 'libero_90/KITCHEN_SCENE10_close_the_top_drawer_of_the_cabinet_and_put_the_black_bowl_on_top_of_it_demo/demo_39.hdf5' to '/scratch/shahils/openpi/datasets/Libero-XVLA-format/.cache/huggingface/download/libero_90/KITCHEN_SCENE10_close_the_top_drawer_of_the_cabinet_and_put_the_black_bowl_on_top_of_it_demo/uc2s1qxkrQQuSk7uhnI17Kpq7so=.3cefee661669c888771e5cac228ba59522bf4f4877e16aad6259840eabb2c73e.incomplete'
Downloading 'libero_90/KITCHEN_SCENE10_close_the_top_drawer_of_the_cabinet_and_put_the_black_bowl_on_top_of_it_demo/demo_41.hdf5' to '/scratch/shahils/openpi/datasets/Libero-XVLA-format/.cache/huggingface/download/libero_90/KITCHEN_SCENE10_close_the_top_drawer_of_the_cabinet_and_put_the_black_bowl_on_top_of_it_demo/3iMrJnDf8EyN9l6WylHc3Y2wlVg=.dbcfd077afcdee62f82922f9621016a615403313de87c32eb9d8da22cbcbd106.incomplete'
Downloading 'libero_90/KITCHEN_SCENE10_close_the_top_drawer_of_the_cabinet_and_put_the_black_bowl_on_top_of_it_demo/demo_4.hdf5' to '/scratch/shahils/openpi/datasets/Libero-XVLA-format/.cache/huggingface/download/libero_90/KITCHEN_SCENE10_close_the_top_drawer_of_the_cabinet_and_put_the_black_bowl_on_top_of_it_demo/ipuk287oYmp9DTR1pceb2mWz1L8=.cfd0e8a0c9b1a36a21ea7f1036f932f24edd9cb685ea5c2e45ad90a2234901fa.incomplete'
Download complete. Moving file to /scratch/shahils/openpi/datasets/Libero-XVLA-format/libero_90/KITCHEN_SCENE10_close_the_top_drawer_of_the_cabinet_and_put_the_black_bowl_on_top_of_it_demo/demo_36.hdf5
Download complete. Moving file to /scratch/shahils/openpi/datasets/Libero-XVLA-format/libero_90/KITCHEN_SCENE10_close_the_top_drawer_of_the_cabinet_and_put_the_black_bowl_on_top_of_it_demo/demo_35.hdf5
Fetching 5618 files:   7%|▋         | 407/5618 [00:53<08:44,  9.93it/s]Downloading 'libero_90/KITCHEN_SCENE10_close_the_top_drawer_of_the_cabinet_and_put_the_black_bowl_on_top_of_it_demo/demo_42.hdf5' to '/scratch/shahils/openpi/datasets/Libero-XVLA-format/.cache/huggingface/download/libero_90/KITCHEN_SCENE10_close_the_top_drawer_of_the_cabinet_and_put_the_black_bowl_on_top_of_it_demo/aG9SsDqjtm7eJlBwavK1b1oF2A0=.478e4dc0b4233601726e10308c480403a31c4db80ab324c3fd00493feca79f30.incomplete'
Downloading 'libero_90/KITCHEN_SCENE10_close_the_top_drawer_of_the_cabinet_and_put_the_black_bowl_on_top_of_it_demo/demo_43.hdf5' to '/scratch/shahils/openpi/datasets/Libero-XVLA-format/.cache/huggingface/download/libero_90/KITCHEN_SCENE10_close_the_top_drawer_of_the_cabinet_and_put_the_black_bowl_on_top_of_it_demo/xDtfjXi1ZpcTDqx8nNxVshnvTLY=.4957d40555c0667d3646fe73ef9a54657e1108f03063afe1da575511715ae3a4.incomplete'
Download complete. Moving file to /scratch/shahils/openpi/datasets/Libero-XVLA-format/libero_90/KITCHEN_SCENE10_close_the_top_drawer_of_the_cabinet_and_put_the_black_bowl_on_top_of_it_demo/demo_39.hdf5
Download complete. Moving file to /scratch/shahils/openpi/datasets/Libero-XVLA-format/libero_90/KITCHEN_SCENE10_close_the_top_drawer_of_the_cabinet_and_put_the_black_bowl_on_top_of_it_demo/demo_40.hdf5
Downloading 'libero_90/KITCHEN_SCENE10_close_the_top_drawer_of_the_cabinet_and_put_the_black_bowl_on_top_of_it_demo/demo_44.hdf5' to '/scratch/shahils/openpi/datasets/Libero-XVLA-format/.cache/huggingface/download/libero_90/KITCHEN_SCENE10_close_the_top_drawer_of_the_cabinet_and_put_the_black_bowl_on_top_of_it_demo/WSw2kAHnlOu7Sf1zW4FvtY6ae68=.66ecff4fa13432f2d7e82a0b016eb2c6525934b31be9b7891fe3061ac2778222.incomplete'
Download complete. Moving file to /scratch/shahils/openpi/datasets/Libero-XVLA-format/libero_90/KITCHEN_SCENE10_close_the_top_drawer_of_the_cabinet_and_put_the_black_bowl_on_top_of_it_demo/demo_37.hdf5
Fetching 5618 files:   7%|▋         | 409/5618 [00:53<10:23,  8.35it/s]Downloading 'libero_90/KITCHEN_SCENE10_close_the_top_drawer_of_the_cabinet_and_put_the_black_bowl_on_top_of_it_demo/demo_45.hdf5' to '/scratch/shahils/openpi/datasets/Libero-XVLA-format/.cache/huggingface/download/libero_90/KITCHEN_SCENE10_close_the_top_drawer_of_the_cabinet_and_put_the_black_bowl_on_top_of_it_demo/UJk1zjgo-NhoaRnOwcI5hlYGES8=.e16f96fe7d113f4429ba2e5519ad0bfb04e7f8d7d505e032d5a9e9360fbcf0fa.incomplete'
Download complete. Moving file to /scratch/shahils/openpi/datasets/Libero-XVLA-format/libero_90/KITCHEN_SCENE10_close_the_top_drawer_of_the_cabinet_and_put_the_black_bowl_on_top_of_it_demo/demo_4.hdf5
Download complete. Moving file to /scratch/shahils/openpi/datasets/Libero-XVLA-format/libero_90/KITCHEN_SCENE10_close_the_top_drawer_of_the_cabinet_and_put_the_black_bowl_on_top_of_it_demo/demo_38.hdf5
Fetching 5618 files:   7%|▋         | 410/5618 [00:53<10:27,  8.30it/s]Downloading 'libero_90/KITCHEN_SCENE10_close_the_top_drawer_of_the_cabinet_and_put_the_black_bowl_on_top_of_it_demo/demo_47.hdf5' to '/scratch/shahils/openpi/datasets/Libero-XVLA-format/.cache/huggingface/download/libero_90/KITCHEN_SCENE10_close_the_top_drawer_of_the_cabinet_and_put_the_black_bowl_on_top_of_it_demo/WAmqMow1SHsQNkQwGt3eEQD1n68=.c86e43e1f4f4ad863c22d55a659f87176231389b8aa07f7fd0bde185ebddd94a.incomplete'
Downloading 'libero_90/KITCHEN_SCENE10_close_the_top_drawer_of_the_cabinet_and_put_the_black_bowl_on_top_of_it_demo/demo_46.hdf5' to '/scratch/shahils/openpi/datasets/Libero-XVLA-format/.cache/huggingface/download/libero_90/KITCHEN_SCENE10_close_the_top_drawer_of_the_cabinet_and_put_the_black_bowl_on_top_of_it_demo/GSFiAZuoEvbbDSjbh92wEUVAKvQ=.625c0befa62b0d441021067cc5d0fe885eededa7233918fd62353833b3850fa4.incomplete'
Download complete. Moving file to /scratch/shahils/openpi/datasets/Libero-XVLA-format/libero_90/KITCHEN_SCENE10_close_the_top_drawer_of_the_cabinet_and_put_the_black_bowl_on_top_of_it_demo/demo_41.hdf5
Downloading 'libero_90/KITCHEN_SCENE10_close_the_top_drawer_of_the_cabinet_and_put_the_black_bowl_on_top_of_it_demo/demo_48.hdf5' to '/scratch/shahils/openpi/datasets/Libero-XVLA-format/.cache/huggingface/download/libero_90/KITCHEN_SCENE10_close_the_top_drawer_of_the_cabinet_and_put_the_black_bowl_on_top_of_it_demo/clT21Q6GOZoCuvkT9Yij6UyXzo8=.54f136e4a016bc9ebc0c7bcd7662d22693c1ad0c05d402085274e705731927ea.incomplete'
Fetching 5618 files:   7%|▋         | 414/5618 [00:53<07:28, 11.61it/s]Download complete. Moving file to /scratch/shahils/openpi/datasets/Libero-XVLA-format/libero_90/KITCHEN_SCENE10_close_the_top_drawer_of_the_cabinet_and_put_the_black_bowl_on_top_of_it_demo/demo_42.hdf5
Downloading 'libero_90/KITCHEN_SCENE10_close_the_top_drawer_of_the_cabinet_and_put_the_black_bowl_on_top_of_it_demo/demo_49.hdf5' to '/scratch/shahils/openpi/datasets/Libero-XVLA-format/.cache/huggingface/download/libero_90/KITCHEN_SCENE10_close_the_top_drawer_of_the_cabinet_and_put_the_black_bowl_on_top_of_it_demo/AqGksBkHsgl6Z30tGZzu6zuU6u4=.1c92f825932b513bc8f220ffb2baf63cc8cfc2282a8876cfb02e584f4cab3d9c.incomplete'
Download complete. Moving file to /scratch/shahils/openpi/datasets/Libero-XVLA-format/libero_90/KITCHEN_SCENE10_close_the_top_drawer_of_the_cabinet_and_put_the_black_bowl_on_top_of_it_demo/demo_43.hdf5
Fetching 5618 files:   7%|▋         | 416/5618 [00:53<07:22, 11.76it/s]Downloading 'libero_90/KITCHEN_SCENE10_close_the_top_drawer_of_the_cabinet_and_put_the_black_bowl_on_top_of_it_demo/demo_6.hdf5' to '/scratch/shahils/openpi/datasets/Libero-XVLA-format/.cache/huggingface/download/libero_90/KITCHEN_SCENE10_close_the_top_drawer_of_the_cabinet_and_put_the_black_bowl_on_top_of_it_demo/Wr6ZPoJs4sFIJWzyWVAnWCPbWzA=.351e10b87a3cb241ad3867f582b9c1506dfb4c734f92a20b2eeab8bd1e13b930.incomplete'
Downloading 'libero_90/KITCHEN_SCENE10_close_the_top_drawer_of_the_cabinet_and_put_the_black_bowl_on_top_of_it_demo/demo_7.hdf5' to '/scratch/shahils/openpi/datasets/Libero-XVLA-format/.cache/huggingface/download/libero_90/KITCHEN_SCENE10_close_the_top_drawer_of_the_cabinet_and_put_the_black_bowl_on_top_of_it_demo/Qbgk0AKX1FAN0bSHcNqoVwXx0Rg=.818ab3c60cff11b7436d2ba081e70f86706b9ff13a7743c43d10ddbd6d09df72.incomplete'
Download complete. Moving file to /scratch/shahils/openpi/datasets/Libero-XVLA-format/libero_90/KITCHEN_SCENE10_close_the_top_drawer_of_the_cabinet_and_put_the_black_bowl_on_top_of_it_demo/demo_45.hdf5
Download complete. Moving file to /scratch/shahils/openpi/datasets/Libero-XVLA-format/libero_90/KITCHEN_SCENE10_close_the_top_drawer_of_the_cabinet_and_put_the_black_bowl_on_top_of_it_demo/demo_44.hdf5
Fetching 5618 files:   7%|▋         | 418/5618 [00:54<08:43,  9.93it/s]Download complete. Moving file to /scratch/shahils/openpi/datasets/Libero-XVLA-format/libero_90/KITCHEN_SCENE10_close_the_top_drawer_of_the_cabinet_and_put_the_black_bowl_on_top_of_it_demo/demo_48.hdf5
Downloading 'libero_90/KITCHEN_SCENE10_close_the_top_drawer_of_the_cabinet_and_put_the_black_bowl_on_top_of_it_demo/demo_9.hdf5' to '/scratch/shahils/openpi/datasets/Libero-XVLA-format/.cache/huggingface/download/libero_90/KITCHEN_SCENE10_close_the_top_drawer_of_the_cabinet_and_put_the_black_bowl_on_top_of_it_demo/jlB8BvhXv_s7_AXzTNoxVPsUohM=.29a5bcad5ae0feba0764764bec4aa408c259a6a8dbc759968fc7fc913d0a8aca.incomplete'
Download complete. Moving file to /scratch/shahils/openpi/datasets/Libero-XVLA-format/libero_90/KITCHEN_SCENE10_close_the_top_drawer_of_the_cabinet_and_put_the_black_bowl_on_top_of_it_demo/demo_47.hdf5
Download complete. Moving file to /scratch/shahils/openpi/datasets/Libero-XVLA-format/libero_90/KITCHEN_SCENE10_close_the_top_drawer_of_the_cabinet_and_put_the_black_bowl_on_top_of_it_demo/demo_46.hdf5
Downloading 'libero_90/KITCHEN_SCENE10_close_the_top_drawer_of_the_cabinet_and_put_the_black_bowl_on_top_of_it_demo/demo_8.hdf5' to '/scratch/shahils/openpi/datasets/Libero-XVLA-format/.cache/huggingface/download/libero_90/KITCHEN_SCENE10_close_the_top_drawer_of_the_cabinet_and_put_the_black_bowl_on_top_of_it_demo/guTF9kyhn15zkapITNaJzvsF6SM=.aa7ddf60d18690fb19bcfe5e1793ede1eb022f9f353d05d126473a4ff571dd28.incomplete'
Downloading 'libero_90/KITCHEN_SCENE10_close_the_top_drawer_of_the_cabinet_demo/demo_0.hdf5' to '/scratch/shahils/openpi/datasets/Libero-XVLA-format/.cache/huggingface/download/libero_90/KITCHEN_SCENE10_close_the_top_drawer_of_the_cabinet_demo/-SUtq2iS9pccEl-u7s03cwI-BTI=.95257dcec5ebb103bf79ea2db382ce8a11c1abb741628356394ce4c4624fae73.incomplete'
Fetching 5618 files:   7%|▋         | 420/5618 [00:54<09:14,  9.37it/s]Download complete. Moving file to /scratch/shahils/openpi/datasets/Libero-XVLA-format/libero_90/KITCHEN_SCENE10_close_the_top_drawer_of_the_cabinet_and_put_the_black_bowl_on_top_of_it_demo/demo_6.hdf5
Download complete. Moving file to /scratch/shahils/openpi/datasets/Libero-XVLA-format/libero_90/KITCHEN_SCENE10_close_the_top_drawer_of_the_cabinet_and_put_the_black_bowl_on_top_of_it_demo/demo_7.hdf5
Downloading 'libero_90/KITCHEN_SCENE10_close_the_top_drawer_of_the_cabinet_demo/demo_12.hdf5' to '/scratch/shahils/openpi/datasets/Libero-XVLA-format/.cache/huggingface/download/libero_90/KITCHEN_SCENE10_close_the_top_drawer_of_the_cabinet_demo/QDq8jLIyXUsYQbypRHAy-yw4iXg=.ffa2c41c9a6c5c76f2408eec64945091a6bdd702568d349151f91b9e3fb8355f.incomplete'
Downloading 'libero_90/KITCHEN_SCENE10_close_the_top_drawer_of_the_cabinet_demo/demo_10.hdf5' to '/scratch/shahils/openpi/datasets/Libero-XVLA-format/.cache/huggingface/download/libero_90/KITCHEN_SCENE10_close_the_top_drawer_of_the_cabinet_demo/qIanSg8lEEhbjgh5TfQXC9aObEA=.6d5995f07833242bd13975844bc70d49661edbc7218b72bc98eb75cf1a1bd99c.incomplete'
Download complete. Moving file to /scratch/shahils/openpi/datasets/Libero-XVLA-format/libero_90/KITCHEN_SCENE10_close_the_top_drawer_of_the_cabinet_and_put_the_black_bowl_on_top_of_it_demo/demo_49.hdf5
Downloading 'libero_90/KITCHEN_SCENE10_close_the_top_drawer_of_the_cabinet_demo/demo_1.hdf5' to '/scratch/shahils/openpi/datasets/Libero-XVLA-format/.cache/huggingface/download/libero_90/KITCHEN_SCENE10_close_the_top_drawer_of_the_cabinet_demo/G-5RjmQ2_e5v-a7yjG2BYUzL9K0=.54596aa0fc41de0b9c3566195e387078f4d4a2146878e64ce5e18d34d1208ad4.incomplete'
Fetching 5618 files:   8%|▊         | 422/5618 [00:54<09:50,  8.81it/s]Downloading 'libero_90/KITCHEN_SCENE10_close_the_top_drawer_of_the_cabinet_demo/demo_11.hdf5' to '/scratch/shahils/openpi/datasets/Libero-XVLA-format/.cache/huggingface/download/libero_90/KITCHEN_SCENE10_close_the_top_drawer_of_the_cabinet_demo/T6SmyekXmGOaXhadezMfhlRR42s=.a8b30c1bf007fcda09f78d0aca4b421b9bb73f0cd2364fd5ea38a55aa109f1c9.incomplete'
Downloading 'libero_90/KITCHEN_SCENE10_close_the_top_drawer_of_the_cabinet_demo/demo_13.hdf5' to '/scratch/shahils/openpi/datasets/Libero-XVLA-format/.cache/huggingface/download/libero_90/KITCHEN_SCENE10_close_the_top_drawer_of_the_cabinet_demo/NkkCokoXhiuvGb16sv2kt7AnL2k=.1041fe762592722cef71bb41a562aade68c45c2cff96feb7c2f490792119582c.incomplete'
Download complete. Moving file to /scratch/shahils/openpi/datasets/Libero-XVLA-format/libero_90/KITCHEN_SCENE10_close_the_top_drawer_of_the_cabinet_and_put_the_black_bowl_on_top_of_it_demo/demo_8.hdf5
Fetching 5618 files:   8%|▊         | 425/5618 [00:55<09:21,  9.25it/s]Download complete. Moving file to /scratch/shahils/openpi/datasets/Libero-XVLA-format/libero_90/KITCHEN_SCENE10_close_the_top_drawer_of_the_cabinet_and_put_the_black_bowl_on_top_of_it_demo/demo_9.hdf5
Download complete. Moving file to /scratch/shahils/openpi/datasets/Libero-XVLA-format/libero_90/KITCHEN_SCENE10_close_the_top_drawer_of_the_cabinet_demo/demo_0.hdf5
Fetching 5618 files:   8%|▊         | 427/5618 [00:55<08:30, 10.17it/s]Downloading 'libero_90/KITCHEN_SCENE10_close_the_top_drawer_of_the_cabinet_demo/demo_15.hdf5' to '/scratch/shahils/openpi/datasets/Libero-XVLA-format/.cache/huggingface/download/libero_90/KITCHEN_SCENE10_close_the_top_drawer_of_the_cabinet_demo/iCPyddSLzII7wzJLY_yWK4NQfdE=.359f5faea3cef9541c953bca0573afde1a3c2756279ee90f1876ba2eed2abc2c.incomplete'
Downloading 'libero_90/KITCHEN_SCENE10_close_the_top_drawer_of_the_cabinet_demo/demo_14.hdf5' to '/scratch/shahils/openpi/datasets/Libero-XVLA-format/.cache/huggingface/download/libero_90/KITCHEN_SCENE10_close_the_top_drawer_of_the_cabinet_demo/neGPYLrCEkbENyyrDK-tLEwet5Q=.10030b58282533fe8848e731e9a89888d535e9056d801d3b5d73f3434d8be049.incomplete'
Downloading 'libero_90/KITCHEN_SCENE10_close_the_top_drawer_of_the_cabinet_demo/demo_16.hdf5' to '/scratch/shahils/openpi/datasets/Libero-XVLA-format/.cache/huggingface/download/libero_90/KITCHEN_SCENE10_close_the_top_drawer_of_the_cabinet_demo/s1llPhM4ziSOsExqdg76GXM5fSI=.2d8d40a01ce737a1d8e66fc5da3082b1f271d6ef267a9db694315a5a830b1190.incomplete'
Download complete. Moving file to /scratch/shahils/openpi/datasets/Libero-XVLA-format/libero_90/KITCHEN_SCENE10_close_the_top_drawer_of_the_cabinet_demo/demo_10.hdf5
Download complete. Moving file to /scratch/shahils/openpi/datasets/Libero-XVLA-format/libero_90/KITCHEN_SCENE10_close_the_top_drawer_of_the_cabinet_demo/demo_11.hdf5
Download complete. Moving file to /scratch/shahils/openpi/datasets/Libero-XVLA-format/libero_90/KITCHEN_SCENE10_close_the_top_drawer_of_the_cabinet_demo/demo_12.hdf5
Download complete. Moving file to /scratch/shahils/openpi/datasets/Libero-XVLA-format/libero_90/KITCHEN_SCENE10_close_the_top_drawer_of_the_cabinet_demo/demo_1.hdf5
Download complete. Moving file to /scratch/shahils/openpi/datasets/Libero-XVLA-format/libero_90/KITCHEN_SCENE10_close_the_top_drawer_of_the_cabinet_demo/demo_13.hdf5
Downloading 'libero_90/KITCHEN_SCENE10_close_the_top_drawer_of_the_cabinet_demo/demo_17.hdf5' to '/scratch/shahils/openpi/datasets/Libero-XVLA-format/.cache/huggingface/download/libero_90/KITCHEN_SCENE10_close_the_top_drawer_of_the_cabinet_demo/tdk1YGznMGt3DKeO1j0C_7zlX5E=.678b5c61281a7d0a8277f1c3f6051ab2845f145db04c988a6e2087e38de2edb7.incomplete'
Fetching 5618 files:   8%|▊         | 429/5618 [00:55<09:22,  9.23it/s]Downloading 'libero_90/KITCHEN_SCENE10_close_the_top_drawer_of_the_cabinet_demo/demo_20.hdf5' to '/scratch/shahils/openpi/datasets/Libero-XVLA-format/.cache/huggingface/download/libero_90/KITCHEN_SCENE10_close_the_top_drawer_of_the_cabinet_demo/YKCRkR71roKkdVB7ct5LRhgdm0w=.ad8fdad1aeafa7854090e0327540d13017f8bf972d4ce2f98e4247b1c2471a1a.incomplete'
Downloading 'libero_90/KITCHEN_SCENE10_close_the_top_drawer_of_the_cabinet_demo/demo_19.hdf5' to '/scratch/shahils/openpi/datasets/Libero-XVLA-format/.cache/huggingface/download/libero_90/KITCHEN_SCENE10_close_the_top_drawer_of_the_cabinet_demo/6xBKWCyw0SdK7vupOIeue6KcRJQ=.2b630c48e14352912db85a51bbba800b45f4d047be939c26971fa2374c8c78b0.incomplete'
Download complete. Moving file to /scratch/shahils/openpi/datasets/Libero-XVLA-format/libero_90/KITCHEN_SCENE10_close_the_top_drawer_of_the_cabinet_demo/demo_14.hdf5
Downloading 'libero_90/KITCHEN_SCENE10_close_the_top_drawer_of_the_cabinet_demo/demo_2.hdf5' to '/scratch/shahils/openpi/datasets/Libero-XVLA-format/.cache/huggingface/download/libero_90/KITCHEN_SCENE10_close_the_top_drawer_of_the_cabinet_demo/3og14UMK8OhFZ5TnH3yoVefIegk=.1c49c7bf65f99f1fca7e61da6bd2f646b68dba534b8834cc420e36587656ccfa.incomplete'
Fetching 5618 files:   8%|▊         | 433/5618 [00:55<07:51, 10.99it/s]Download complete. Moving file to /scratch/shahils/openpi/datasets/Libero-XVLA-format/libero_90/KITCHEN_SCENE10_close_the_top_drawer_of_the_cabinet_demo/demo_15.hdf5
Download complete. Moving file to /scratch/shahils/openpi/datasets/Libero-XVLA-format/libero_90/KITCHEN_SCENE10_close_the_top_drawer_of_the_cabinet_demo/demo_16.hdf5
Downloading 'libero_90/KITCHEN_SCENE10_close_the_top_drawer_of_the_cabinet_demo/demo_22.hdf5' to '/scratch/shahils/openpi/datasets/Libero-XVLA-format/.cache/huggingface/download/libero_90/KITCHEN_SCENE10_close_the_top_drawer_of_the_cabinet_demo/gWwjSkl0yFcWGaeq6CAzkhpO2D0=.9bb8b8ba9b68c0cb75c6a3f6d3378c83c8d6c3bb7e51a4d2741b1f6ab31944f5.incomplete'
Downloading 'libero_90/KITCHEN_SCENE10_close_the_top_drawer_of_the_cabinet_demo/demo_21.hdf5' to '/scratch/shahils/openpi/datasets/Libero-XVLA-format/.cache/huggingface/download/libero_90/KITCHEN_SCENE10_close_the_top_drawer_of_the_cabinet_demo/3K3Z_y4mvKjZ0errTbFxkBfVJTk=.1d8ccaa1f79ec561c48050a42115b106c7b19e3c71fb6bea578444fb5f538983.incomplete'
Downloading 'libero_90/KITCHEN_SCENE10_close_the_top_drawer_of_the_cabinet_demo/demo_24.hdf5' to '/scratch/shahils/openpi/datasets/Libero-XVLA-format/.cache/huggingface/download/libero_90/KITCHEN_SCENE10_close_the_top_drawer_of_the_cabinet_demo/Av9f4nuuD5gt-fGnBnDr3GSVu64=.d54c34ea7d4331ef026672f191fe89e7d3121b6f0353f4ae6e25d9b628a49a7e.incomplete'
Downloading 'libero_90/KITCHEN_SCENE10_close_the_top_drawer_of_the_cabinet_demo/demo_23.hdf5' to '/scratch/shahils/openpi/datasets/Libero-XVLA-format/.cache/huggingface/download/libero_90/KITCHEN_SCENE10_close_the_top_drawer_of_the_cabinet_demo/yzE0FOLSaNlQiGR555_6tIW-62E=.a47088c4922bfa7b353baabf622f851b353ac2a64cff0a5175451e43104489da.incomplete'
Download complete. Moving file to /scratch/shahils/openpi/datasets/Libero-XVLA-format/libero_90/KITCHEN_SCENE10_close_the_top_drawer_of_the_cabinet_demo/demo_17.hdf5
Download complete. Moving file to /scratch/shahils/openpi/datasets/Libero-XVLA-format/libero_90/KITCHEN_SCENE10_close_the_top_drawer_of_the_cabinet_demo/demo_19.hdf5
Fetching 5618 files:   8%|▊         | 436/5618 [00:56<09:34,  9.03it/s]Download complete. Moving file to /scratch/shahils/openpi/datasets/Libero-XVLA-format/libero_90/KITCHEN_SCENE10_close_the_top_drawer_of_the_cabinet_demo/demo_2.hdf5
Downloading 'libero_90/KITCHEN_SCENE10_close_the_top_drawer_of_the_cabinet_demo/demo_25.hdf5' to '/scratch/shahils/openpi/datasets/Libero-XVLA-format/.cache/huggingface/download/libero_90/KITCHEN_SCENE10_close_the_top_drawer_of_the_cabinet_demo/6Z-wCyJKscsJ4FI7YAMP-Ecsv0g=.590e07ede56aaacd1869b986058d0a2114e029113a8a2eaeb44b12ec37889435.incomplete'
Download complete. Moving file to /scratch/shahils/openpi/datasets/Libero-XVLA-format/libero_90/KITCHEN_SCENE10_close_the_top_drawer_of_the_cabinet_demo/demo_22.hdf5
Downloading 'libero_90/KITCHEN_SCENE10_close_the_top_drawer_of_the_cabinet_demo/demo_26.hdf5' to '/scratch/shahils/openpi/datasets/Libero-XVLA-format/.cache/huggingface/download/libero_90/KITCHEN_SCENE10_close_the_top_drawer_of_the_cabinet_demo/D0Sfp77Lbsw-ire7S06x4EHBIz8=.7061bfa02b58258b84bba3edce4a178a353afec4a1a76b671a115f68752d4be7.incomplete'
Download complete. Moving file to /scratch/shahils/openpi/datasets/Libero-XVLA-format/libero_90/KITCHEN_SCENE10_close_the_top_drawer_of_the_cabinet_demo/demo_21.hdf5
Downloading 'libero_90/KITCHEN_SCENE10_close_the_top_drawer_of_the_cabinet_demo/demo_27.hdf5' to '/scratch/shahils/openpi/datasets/Libero-XVLA-format/.cache/huggingface/download/libero_90/KITCHEN_SCENE10_close_the_top_drawer_of_the_cabinet_demo/awW9_RZm5u75nVXyr7-Wt87ouRY=.2d68bfbcd576d0d4ecf8d4aee9fca329bbebde0bb842203d411f0c093dc85bc3.incomplete'
Download complete. Moving file to /scratch/shahils/openpi/datasets/Libero-XVLA-format/libero_90/KITCHEN_SCENE10_close_the_top_drawer_of_the_cabinet_demo/demo_23.hdf5
Download complete. Moving file to /scratch/shahils/openpi/datasets/Libero-XVLA-format/libero_90/KITCHEN_SCENE10_close_the_top_drawer_of_the_cabinet_demo/demo_24.hdf5
Downloading 'libero_90/KITCHEN_SCENE10_close_the_top_drawer_of_the_cabinet_demo/demo_28.hdf5' to '/scratch/shahils/openpi/datasets/Libero-XVLA-format/.cache/huggingface/download/libero_90/KITCHEN_SCENE10_close_the_top_drawer_of_the_cabinet_demo/oCHBOAFNGVGg80mwaTp2RsvSXNo=.3693f2c9d9bd70a0a7d1cc9bc7d1f9ce9ac9309d2464d06945887753c6f8d45b.incomplete'
Downloading 'libero_90/KITCHEN_SCENE10_close_the_top_drawer_of_the_cabinet_demo/demo_29.hdf5' to '/scratch/shahils/openpi/datasets/Libero-XVLA-format/.cache/huggingface/download/libero_90/KITCHEN_SCENE10_close_the_top_drawer_of_the_cabinet_demo/yAz0xkAEzHO3nJc6fbf1lm5EA4A=.d409401feacf756d0e2a062b165032caec669d810bf17aa1967281a7da2ba27f.incomplete'
Downloading 'libero_90/KITCHEN_SCENE10_close_the_top_drawer_of_the_cabinet_demo/demo_30.hdf5' to '/scratch/shahils/openpi/datasets/Libero-XVLA-format/.cache/huggingface/download/libero_90/KITCHEN_SCENE10_close_the_top_drawer_of_the_cabinet_demo/5eZjcC9Xnjg2nGdXeYCieWD8ndg=.e36faad239cc8d7a5b089931fc0c700d520a78f88e54472291c582fb022be18f.incomplete'
Downloading 'libero_90/KITCHEN_SCENE10_close_the_top_drawer_of_the_cabinet_demo/demo_3.hdf5' to '/scratch/shahils/openpi/datasets/Libero-XVLA-format/.cache/huggingface/download/libero_90/KITCHEN_SCENE10_close_the_top_drawer_of_the_cabinet_demo/kDPYMwpDbb0UmDre7lwzbkhjc_A=.b6056f08d96f2b0739333ea8c472df2bda8865d180747372b53e41adf869da2a.incomplete'
Download complete. Moving file to /scratch/shahils/openpi/datasets/Libero-XVLA-format/libero_90/KITCHEN_SCENE10_close_the_top_drawer_of_the_cabinet_demo/demo_27.hdf5
Download complete. Moving file to /scratch/shahils/openpi/datasets/Libero-XVLA-format/libero_90/KITCHEN_SCENE10_close_the_top_drawer_of_the_cabinet_demo/demo_26.hdf5
Download complete. Moving file to /scratch/shahils/openpi/datasets/Libero-XVLA-format/libero_90/KITCHEN_SCENE10_close_the_top_drawer_of_the_cabinet_demo/demo_25.hdf5
Download complete. Moving file to /scratch/shahils/openpi/datasets/Libero-XVLA-format/libero_90/KITCHEN_SCENE10_close_the_top_drawer_of_the_cabinet_demo/demo_29.hdf5
Download complete. Moving file to /scratch/shahils/openpi/datasets/Libero-XVLA-format/libero_90/KITCHEN_SCENE10_close_the_top_drawer_of_the_cabinet_demo/demo_28.hdf5
Downloading 'libero_90/KITCHEN_SCENE10_close_the_top_drawer_of_the_cabinet_demo/demo_32.hdf5' to '/scratch/shahils/openpi/datasets/Libero-XVLA-format/.cache/huggingface/download/libero_90/KITCHEN_SCENE10_close_the_top_drawer_of_the_cabinet_demo/W47I1m5ZiJ5j1VB8WAfsa1kZ3jg=.1e95b5b218ca01379f2c6ea8e8ab67b456e3cc53756818d87e1b49b658d6998a.incomplete'
Download complete. Moving file to /scratch/shahils/openpi/datasets/Libero-XVLA-format/libero_90/KITCHEN_SCENE10_close_the_top_drawer_of_the_cabinet_demo/demo_3.hdf5
Downloading 'libero_90/KITCHEN_SCENE10_close_the_top_drawer_of_the_cabinet_demo/demo_31.hdf5' to '/scratch/shahils/openpi/datasets/Libero-XVLA-format/.cache/huggingface/download/libero_90/KITCHEN_SCENE10_close_the_top_drawer_of_the_cabinet_demo/NBPPmp9ufBi0WLlkvdO6oSjfcDw=.56383c1f63f983750dce2222a9bd2bdbb6eeb45a5ec2470529d0e0157181ce59.incomplete'
Downloading 'libero_90/KITCHEN_SCENE10_close_the_top_drawer_of_the_cabinet_demo/demo_33.hdf5' to '/scratch/shahils/openpi/datasets/Libero-XVLA-format/.cache/huggingface/download/libero_90/KITCHEN_SCENE10_close_the_top_drawer_of_the_cabinet_demo/71dKVjNemPYFufIxiL0NslgkHZ4=.6f2e0e750f3367f67b40e2e5efde6f2c35bd5bd2d12a06ba95d8f1d316955087.incomplete'
Download complete. Moving file to /scratch/shahils/openpi/datasets/Libero-XVLA-format/libero_90/KITCHEN_SCENE10_close_the_top_drawer_of_the_cabinet_demo/demo_30.hdf5
Downloading 'libero_90/KITCHEN_SCENE10_close_the_top_drawer_of_the_cabinet_demo/demo_35.hdf5' to '/scratch/shahils/openpi/datasets/Libero-XVLA-format/.cache/huggingface/download/libero_90/KITCHEN_SCENE10_close_the_top_drawer_of_the_cabinet_demo/puxvedngqel9iesOxTa00onBNow=.823e5a1591fe7fd4447c780512fc0b1d39343a14190e7b9627e5cfbfc50b385e.incomplete'
Downloading 'libero_90/KITCHEN_SCENE10_close_the_top_drawer_of_the_cabinet_demo/demo_36.hdf5' to '/scratch/shahils/openpi/datasets/Libero-XVLA-format/.cache/huggingface/download/libero_90/KITCHEN_SCENE10_close_the_top_drawer_of_the_cabinet_demo/0t-nm1J8m0Aumq16uzFp8HaSrqk=.93d39ab1d309b507422dd354e9f4cb7ceb343589001487c4aa51a49bdc1baa6a.incomplete'
Downloading 'libero_90/KITCHEN_SCENE10_close_the_top_drawer_of_the_cabinet_demo/demo_34.hdf5' to '/scratch/shahils/openpi/datasets/Libero-XVLA-format/.cache/huggingface/download/libero_90/KITCHEN_SCENE10_close_the_top_drawer_of_the_cabinet_demo/XvqvOhPRR_plUN0huKWrYYYqQso=.67f237283fda4f822ab30e0487d739f1715f812f2d3e42f4b82578477ebc9fd6.incomplete'
Downloading 'libero_90/KITCHEN_SCENE10_close_the_top_drawer_of_the_cabinet_demo/demo_37.hdf5' to '/scratch/shahils/openpi/datasets/Libero-XVLA-format/.cache/huggingface/download/libero_90/KITCHEN_SCENE10_close_the_top_drawer_of_the_cabinet_demo/six54jnBxEIwvnS7MaIA-ysQ7ww=.a69edd58f4b91af6d0eb7413b91c480fd8b815e9303e3cef79696a112266bb88.incomplete'
Download complete. Moving file to /scratch/shahils/openpi/datasets/Libero-XVLA-format/libero_90/KITCHEN_SCENE10_close_the_top_drawer_of_the_cabinet_demo/demo_32.hdf5
Download complete. Moving file to /scratch/shahils/openpi/datasets/Libero-XVLA-format/libero_90/KITCHEN_SCENE10_close_the_top_drawer_of_the_cabinet_demo/demo_20.hdf5
Fetching 5618 files:   8%|▊         | 439/5618 [00:57<17:22,  4.97it/s]Download complete. Moving file to /scratch/shahils/openpi/datasets/Libero-XVLA-format/libero_90/KITCHEN_SCENE10_close_the_top_drawer_of_the_cabinet_demo/demo_35.hdf5
Download complete. Moving file to /scratch/shahils/openpi/datasets/Libero-XVLA-format/libero_90/KITCHEN_SCENE10_close_the_top_drawer_of_the_cabinet_demo/demo_33.hdf5
Downloading 'libero_90/KITCHEN_SCENE10_close_the_top_drawer_of_the_cabinet_demo/demo_38.hdf5' to '/scratch/shahils/openpi/datasets/Libero-XVLA-format/.cache/huggingface/download/libero_90/KITCHEN_SCENE10_close_the_top_drawer_of_the_cabinet_demo/FvVDF7ms8p6TQEbfo1o-dhDgGUo=.7d181c96a2d4d92267ff074c4f64598df004facc80c806da57e6018085180962.incomplete'
Download complete. Moving file to /scratch/shahils/openpi/datasets/Libero-XVLA-format/libero_90/KITCHEN_SCENE10_close_the_top_drawer_of_the_cabinet_demo/demo_36.hdf5
Download complete. Moving file to /scratch/shahils/openpi/datasets/Libero-XVLA-format/libero_90/KITCHEN_SCENE10_close_the_top_drawer_of_the_cabinet_demo/demo_34.hdf5
Downloading 'libero_90/KITCHEN_SCENE10_close_the_top_drawer_of_the_cabinet_demo/demo_39.hdf5' to '/scratch/shahils/openpi/datasets/Libero-XVLA-format/.cache/huggingface/download/libero_90/KITCHEN_SCENE10_close_the_top_drawer_of_the_cabinet_demo/uc2s1qxkrQQuSk7uhnI17Kpq7so=.16b18233e96923a3cf4adf3f563deeea488df3221058f818db442b2384fc167d.incomplete'
Downloading 'libero_90/KITCHEN_SCENE10_close_the_top_drawer_of_the_cabinet_demo/demo_4.hdf5' to '/scratch/shahils/openpi/datasets/Libero-XVLA-format/.cache/huggingface/download/libero_90/KITCHEN_SCENE10_close_the_top_drawer_of_the_cabinet_demo/ipuk287oYmp9DTR1pceb2mWz1L8=.a664af337477e5a838c6060a7fa633f01218b82fc864a9f410bd95ef3288808b.incomplete'
Downloading 'libero_90/KITCHEN_SCENE10_close_the_top_drawer_of_the_cabinet_demo/demo_40.hdf5' to '/scratch/shahils/openpi/datasets/Libero-XVLA-format/.cache/huggingface/download/libero_90/KITCHEN_SCENE10_close_the_top_drawer_of_the_cabinet_demo/gbqCG95rgl4AbHbeFAAh6X4b9_0=.f226acfd6d731b6d25625435c6499bc667fbb1ea6b389ad347b96bb4a71527bd.incomplete'
Downloading 'libero_90/KITCHEN_SCENE10_close_the_top_drawer_of_the_cabinet_demo/demo_41.hdf5' to '/scratch/shahils/openpi/datasets/Libero-XVLA-format/.cache/huggingface/download/libero_90/KITCHEN_SCENE10_close_the_top_drawer_of_the_cabinet_demo/3iMrJnDf8EyN9l6WylHc3Y2wlVg=.8870fa2c3b77fc57c83a68d308a573d6b7924e6f528c618112ecb3f1d208b8fd.incomplete'
Downloading 'libero_90/KITCHEN_SCENE10_close_the_top_drawer_of_the_cabinet_demo/demo_42.hdf5' to '/scratch/shahils/openpi/datasets/Libero-XVLA-format/.cache/huggingface/download/libero_90/KITCHEN_SCENE10_close_the_top_drawer_of_the_cabinet_demo/aG9SsDqjtm7eJlBwavK1b1oF2A0=.e362bee463673697180d5cda3fd18989a5b8944370a887530626b808f810ce6e.incomplete'
Download complete. Moving file to /scratch/shahils/openpi/datasets/Libero-XVLA-format/libero_90/KITCHEN_SCENE10_close_the_top_drawer_of_the_cabinet_demo/demo_37.hdf5
Download complete. Moving file to /scratch/shahils/openpi/datasets/Libero-XVLA-format/libero_90/KITCHEN_SCENE10_close_the_top_drawer_of_the_cabinet_demo/demo_39.hdf5
Download complete. Moving file to /scratch/shahils/openpi/datasets/Libero-XVLA-format/libero_90/KITCHEN_SCENE10_close_the_top_drawer_of_the_cabinet_demo/demo_38.hdf5
Downloading 'libero_90/KITCHEN_SCENE10_close_the_top_drawer_of_the_cabinet_demo/demo_43.hdf5' to '/scratch/shahils/openpi/datasets/Libero-XVLA-format/.cache/huggingface/download/libero_90/KITCHEN_SCENE10_close_the_top_drawer_of_the_cabinet_demo/xDtfjXi1ZpcTDqx8nNxVshnvTLY=.ee6c79fd1f0270b91c997b4d9482b2b6e3d77e8f2cd5f16c2f8eec5a477dfcd9.incomplete'
Download complete. Moving file to /scratch/shahils/openpi/datasets/Libero-XVLA-format/libero_90/KITCHEN_SCENE10_close_the_top_drawer_of_the_cabinet_demo/demo_41.hdf5
Downloading 'libero_90/KITCHEN_SCENE10_close_the_top_drawer_of_the_cabinet_demo/demo_44.hdf5' to '/scratch/shahils/openpi/datasets/Libero-XVLA-format/.cache/huggingface/download/libero_90/KITCHEN_SCENE10_close_the_top_drawer_of_the_cabinet_demo/WSw2kAHnlOu7Sf1zW4FvtY6ae68=.5ed45b97ee1b166a9e819081f8be0293ce94c1a8ded78ebe591908a19a388547.incomplete'
Download complete. Moving file to /scratch/shahils/openpi/datasets/Libero-XVLA-format/libero_90/KITCHEN_SCENE10_close_the_top_drawer_of_the_cabinet_demo/demo_4.hdf5
Downloading 'libero_90/KITCHEN_SCENE10_close_the_top_drawer_of_the_cabinet_demo/demo_46.hdf5' to '/scratch/shahils/openpi/datasets/Libero-XVLA-format/.cache/huggingface/download/libero_90/KITCHEN_SCENE10_close_the_top_drawer_of_the_cabinet_demo/GSFiAZuoEvbbDSjbh92wEUVAKvQ=.451cbcb58bacab2b06fa9316421bac651e4b7c38c43f3a1682fbc8c5fb4db32c.incomplete'
Downloading 'libero_90/KITCHEN_SCENE10_close_the_top_drawer_of_the_cabinet_demo/demo_45.hdf5' to '/scratch/shahils/openpi/datasets/Libero-XVLA-format/.cache/huggingface/download/libero_90/KITCHEN_SCENE10_close_the_top_drawer_of_the_cabinet_demo/UJk1zjgo-NhoaRnOwcI5hlYGES8=.204f1c773a65559350461c1c066a0111aeb3f602bfb8e75796cdd656443a057f.incomplete'
Downloading 'libero_90/KITCHEN_SCENE10_close_the_top_drawer_of_the_cabinet_demo/demo_47.hdf5' to '/scratch/shahils/openpi/datasets/Libero-XVLA-format/.cache/huggingface/download/libero_90/KITCHEN_SCENE10_close_the_top_drawer_of_the_cabinet_demo/WAmqMow1SHsQNkQwGt3eEQD1n68=.3cc7c624fe53e465a47b169e2958c6ac45e53be822c453db040bfdcc38ab4c50.incomplete'
Download complete. Moving file to /scratch/shahils/openpi/datasets/Libero-XVLA-format/libero_90/KITCHEN_SCENE10_close_the_top_drawer_of_the_cabinet_demo/demo_40.hdf5
Download complete. Moving file to /scratch/shahils/openpi/datasets/Libero-XVLA-format/libero_90/KITCHEN_SCENE10_close_the_top_drawer_of_the_cabinet_demo/demo_42.hdf5
Downloading 'libero_90/KITCHEN_SCENE10_close_the_top_drawer_of_the_cabinet_demo/demo_49.hdf5' to '/scratch/shahils/openpi/datasets/Libero-XVLA-format/.cache/huggingface/download/libero_90/KITCHEN_SCENE10_close_the_top_drawer_of_the_cabinet_demo/AqGksBkHsgl6Z30tGZzu6zuU6u4=.06ec402e59135c2791111c4045fbc11ab32189e39186676aff6fe2baefe2bf2c.incomplete'
Download complete. Moving file to /scratch/shahils/openpi/datasets/Libero-XVLA-format/libero_90/KITCHEN_SCENE10_close_the_top_drawer_of_the_cabinet_demo/demo_31.hdf5
Download complete. Moving file to /scratch/shahils/openpi/datasets/Libero-XVLA-format/libero_90/KITCHEN_SCENE10_close_the_top_drawer_of_the_cabinet_demo/demo_43.hdf5
Fetching 5618 files:   8%|▊         | 451/5618 [00:58<10:44,  8.02it/s]Downloading 'libero_90/KITCHEN_SCENE10_close_the_top_drawer_of_the_cabinet_demo/demo_48.hdf5' to '/scratch/shahils/openpi/datasets/Libero-XVLA-format/.cache/huggingface/download/libero_90/KITCHEN_SCENE10_close_the_top_drawer_of_the_cabinet_demo/clT21Q6GOZoCuvkT9Yij6UyXzo8=.3a386e27ab4e0221627f28989b24bbfa85881848c2322c70b962bfb64f01d5be.incomplete'
Download complete. Moving file to /scratch/shahils/openpi/datasets/Libero-XVLA-format/libero_90/KITCHEN_SCENE10_close_the_top_drawer_of_the_cabinet_demo/demo_44.hdf5
Downloading 'libero_90/KITCHEN_SCENE10_close_the_top_drawer_of_the_cabinet_demo/demo_5.hdf5' to '/scratch/shahils/openpi/datasets/Libero-XVLA-format/.cache/huggingface/download/libero_90/KITCHEN_SCENE10_close_the_top_drawer_of_the_cabinet_demo/W103OyYBEP6E2F77F2mPmmee-xo=.66c76fc2758f998444ffa223041b7954d86a80b1b85d55efecb9e0b2c4c41b84.incomplete'
Downloading 'libero_90/KITCHEN_SCENE10_close_the_top_drawer_of_the_cabinet_demo/demo_6.hdf5' to '/scratch/shahils/openpi/datasets/Libero-XVLA-format/.cache/huggingface/download/libero_90/KITCHEN_SCENE10_close_the_top_drawer_of_the_cabinet_demo/Wr6ZPoJs4sFIJWzyWVAnWCPbWzA=.692965dc25b9c5133e9b6503e11a010068dc6d202a7658e0f50f10830dd9c72d.incomplete'
Downloading 'libero_90/KITCHEN_SCENE10_close_the_top_drawer_of_the_cabinet_demo/demo_7.hdf5' to '/scratch/shahils/openpi/datasets/Libero-XVLA-format/.cache/huggingface/download/libero_90/KITCHEN_SCENE10_close_the_top_drawer_of_the_cabinet_demo/Qbgk0AKX1FAN0bSHcNqoVwXx0Rg=.8199aa6ac9092246530742da82dc95e2fc5ce3148c1c5d1252957572bb5028d5.incomplete'
Download complete. Moving file to /scratch/shahils/openpi/datasets/Libero-XVLA-format/libero_90/KITCHEN_SCENE10_close_the_top_drawer_of_the_cabinet_demo/demo_46.hdf5
Download complete. Moving file to /scratch/shahils/openpi/datasets/Libero-XVLA-format/libero_90/KITCHEN_SCENE10_close_the_top_drawer_of_the_cabinet_demo/demo_47.hdf5
Download complete. Moving file to /scratch/shahils/openpi/datasets/Libero-XVLA-format/libero_90/KITCHEN_SCENE10_close_the_top_drawer_of_the_cabinet_demo/demo_45.hdf5
Fetching 5618 files:   8%|▊         | 466/5618 [00:58<05:37, 15.26it/s]Downloading 'libero_90/KITCHEN_SCENE10_close_the_top_drawer_of_the_cabinet_demo/demo_9.hdf5' to '/scratch/shahils/openpi/datasets/Libero-XVLA-format/.cache/huggingface/download/libero_90/KITCHEN_SCENE10_close_the_top_drawer_of_the_cabinet_demo/jlB8BvhXv_s7_AXzTNoxVPsUohM=.2f6d13e0fff76b0d9ec35e0c7c73cd090ab653d6c4b70df516eca98fdfb4ad69.incomplete'
Downloading 'libero_90/KITCHEN_SCENE10_close_the_top_drawer_of_the_cabinet_demo/demo_8.hdf5' to '/scratch/shahils/openpi/datasets/Libero-XVLA-format/.cache/huggingface/download/libero_90/KITCHEN_SCENE10_close_the_top_drawer_of_the_cabinet_demo/guTF9kyhn15zkapITNaJzvsF6SM=.8b4ebf01b4a9409e3c8e32478eeeaab96169a7b2432bed317f27f44b055a47b3.incomplete'
Downloading 'libero_90/KITCHEN_SCENE10_put_the_black_bowl_in_the_top_drawer_of_the_cabinet_demo/demo_0.hdf5' to '/scratch/shahils/openpi/datasets/Libero-XVLA-format/.cache/huggingface/download/libero_90/KITCHEN_SCENE10_put_the_black_bowl_in_the_top_drawer_of_the_cabinet_demo/-SUtq2iS9pccEl-u7s03cwI-BTI=.83af33e53dd670c3ff4a4c94327eb492e9af3cc942aafd9b4301e811768bba1b.incomplete'
Download complete. Moving file to /scratch/shahils/openpi/datasets/Libero-XVLA-format/libero_90/KITCHEN_SCENE10_close_the_top_drawer_of_the_cabinet_demo/demo_49.hdf5
Download complete. Moving file to /scratch/shahils/openpi/datasets/Libero-XVLA-format/libero_90/KITCHEN_SCENE10_close_the_top_drawer_of_the_cabinet_demo/demo_48.hdf5
Fetching 5618 files:   8%|▊         | 469/5618 [00:58<05:52, 14.61it/s]Download complete. Moving file to /scratch/shahils/openpi/datasets/Libero-XVLA-format/libero_90/KITCHEN_SCENE10_close_the_top_drawer_of_the_cabinet_demo/demo_5.hdf5
Download complete. Moving file to /scratch/shahils/openpi/datasets/Libero-XVLA-format/libero_90/KITCHEN_SCENE10_close_the_top_drawer_of_the_cabinet_demo/demo_7.hdf5
Downloading 'libero_90/KITCHEN_SCENE10_put_the_black_bowl_in_the_top_drawer_of_the_cabinet_demo/demo_1.hdf5' to '/scratch/shahils/openpi/datasets/Libero-XVLA-format/.cache/huggingface/download/libero_90/KITCHEN_SCENE10_put_the_black_bowl_in_the_top_drawer_of_the_cabinet_demo/G-5RjmQ2_e5v-a7yjG2BYUzL9K0=.8b906bffbed07a2b1afac2d95115391dee0a42ddf64cfe40461fdeb6eef2baf9.incomplete'
Download complete. Moving file to /scratch/shahils/openpi/datasets/Libero-XVLA-format/libero_90/KITCHEN_SCENE10_close_the_top_drawer_of_the_cabinet_demo/demo_6.hdf5
Downloading 'libero_90/KITCHEN_SCENE10_put_the_black_bowl_in_the_top_drawer_of_the_cabinet_demo/demo_10.hdf5' to '/scratch/shahils/openpi/datasets/Libero-XVLA-format/.cache/huggingface/download/libero_90/KITCHEN_SCENE10_put_the_black_bowl_in_the_top_drawer_of_the_cabinet_demo/qIanSg8lEEhbjgh5TfQXC9aObEA=.8720ce4c524923c8cd5cf9ab0d4dcb150e2007b431f00bc3f472184f3eeba609.incomplete'
Fetching 5618 files:   8%|▊         | 472/5618 [00:59<05:34, 15.39it/s]Downloading 'libero_90/KITCHEN_SCENE10_put_the_black_bowl_in_the_top_drawer_of_the_cabinet_demo/demo_11.hdf5' to '/scratch/shahils/openpi/datasets/Libero-XVLA-format/.cache/huggingface/download/libero_90/KITCHEN_SCENE10_put_the_black_bowl_in_the_top_drawer_of_the_cabinet_demo/T6SmyekXmGOaXhadezMfhlRR42s=.b3571093e9b3e0f1d24ac02eb41e2af839238836e23c02e65b697612d54ea1d0.incomplete'
Download complete. Moving file to /scratch/shahils/openpi/datasets/Libero-XVLA-format/libero_90/KITCHEN_SCENE10_close_the_top_drawer_of_the_cabinet_demo/demo_9.hdf5
Downloading 'libero_90/KITCHEN_SCENE10_put_the_black_bowl_in_the_top_drawer_of_the_cabinet_demo/demo_12.hdf5' to '/scratch/shahils/openpi/datasets/Libero-XVLA-format/.cache/huggingface/download/libero_90/KITCHEN_SCENE10_put_the_black_bowl_in_the_top_drawer_of_the_cabinet_demo/QDq8jLIyXUsYQbypRHAy-yw4iXg=.1c436e2e303631f7efc64d0a635593f8e1ff97e40256c999ca021ae5405f96cb.incomplete'
Downloading 'libero_90/KITCHEN_SCENE10_put_the_black_bowl_in_the_top_drawer_of_the_cabinet_demo/demo_13.hdf5' to '/scratch/shahils/openpi/datasets/Libero-XVLA-format/.cache/huggingface/download/libero_90/KITCHEN_SCENE10_put_the_black_bowl_in_the_top_drawer_of_the_cabinet_demo/NkkCokoXhiuvGb16sv2kt7AnL2k=.5bcba26a47e7e4a139b49cff342d70a19f3f217cd637dae315556b22c6c31b9b.incomplete'
Download complete. Moving file to /scratch/shahils/openpi/datasets/Libero-XVLA-format/libero_90/KITCHEN_SCENE10_close_the_top_drawer_of_the_cabinet_demo/demo_8.hdf5
Fetching 5618 files:   8%|▊         | 475/5618 [00:59<05:09, 16.64it/s]Downloading 'libero_90/KITCHEN_SCENE10_put_the_black_bowl_in_the_top_drawer_of_the_cabinet_demo/demo_14.hdf5' to '/scratch/shahils/openpi/datasets/Libero-XVLA-format/.cache/huggingface/download/libero_90/KITCHEN_SCENE10_put_the_black_bowl_in_the_top_drawer_of_the_cabinet_demo/neGPYLrCEkbENyyrDK-tLEwet5Q=.2f07430a84bb1b72094e64a55a6c869a6a91e56b0d8b9a1300c73238c1be2791.incomplete'
Downloading 'libero_90/KITCHEN_SCENE10_put_the_black_bowl_in_the_top_drawer_of_the_cabinet_demo/demo_15.hdf5' to '/scratch/shahils/openpi/datasets/Libero-XVLA-format/.cache/huggingface/download/libero_90/KITCHEN_SCENE10_put_the_black_bowl_in_the_top_drawer_of_the_cabinet_demo/iCPyddSLzII7wzJLY_yWK4NQfdE=.79a81f1b6461a813f96d87356608008236d5cd59d8475d5c42eb24eb66628870.incomplete'
Download complete. Moving file to /scratch/shahils/openpi/datasets/Libero-XVLA-format/libero_90/KITCHEN_SCENE10_put_the_black_bowl_in_the_top_drawer_of_the_cabinet_demo/demo_0.hdf5
Downloading 'libero_90/KITCHEN_SCENE10_put_the_black_bowl_in_the_top_drawer_of_the_cabinet_demo/demo_16.hdf5' to '/scratch/shahils/openpi/datasets/Libero-XVLA-format/.cache/huggingface/download/libero_90/KITCHEN_SCENE10_put_the_black_bowl_in_the_top_drawer_of_the_cabinet_demo/s1llPhM4ziSOsExqdg76GXM5fSI=.49cbbede19e922fd4da8c3147573e81effbe867f10c6bbc4d088258c1dd1ef03.incomplete'
Download complete. Moving file to /scratch/shahils/openpi/datasets/Libero-XVLA-format/libero_90/KITCHEN_SCENE10_put_the_black_bowl_in_the_top_drawer_of_the_cabinet_demo/demo_13.hdf5
Downloading 'libero_90/KITCHEN_SCENE10_put_the_black_bowl_in_the_top_drawer_of_the_cabinet_demo/demo_17.hdf5' to '/scratch/shahils/openpi/datasets/Libero-XVLA-format/.cache/huggingface/download/libero_90/KITCHEN_SCENE10_put_the_black_bowl_in_the_top_drawer_of_the_cabinet_demo/tdk1YGznMGt3DKeO1j0C_7zlX5E=.8348b36f344d659079eff2db6dfece8f289035af652322693856404f5724db00.incomplete'
Download complete. Moving file to /scratch/shahils/openpi/datasets/Libero-XVLA-format/libero_90/KITCHEN_SCENE10_put_the_black_bowl_in_the_top_drawer_of_the_cabinet_demo/demo_10.hdf5
Download complete. Moving file to /scratch/shahils/openpi/datasets/Libero-XVLA-format/libero_90/KITCHEN_SCENE10_put_the_black_bowl_in_the_top_drawer_of_the_cabinet_demo/demo_1.hdf5
Fetching 5618 files:   9%|▊         | 478/5618 [00:59<08:13, 10.42it/s]Download complete. Moving file to /scratch/shahils/openpi/datasets/Libero-XVLA-format/libero_90/KITCHEN_SCENE10_put_the_black_bowl_in_the_top_drawer_of_the_cabinet_demo/demo_11.hdf5
Download complete. Moving file to /scratch/shahils/openpi/datasets/Libero-XVLA-format/libero_90/KITCHEN_SCENE10_put_the_black_bowl_in_the_top_drawer_of_the_cabinet_demo/demo_12.hdf5
Downloading 'libero_90/KITCHEN_SCENE10_put_the_black_bowl_in_the_top_drawer_of_the_cabinet_demo/demo_19.hdf5' to '/scratch/shahils/openpi/datasets/Libero-XVLA-format/.cache/huggingface/download/libero_90/KITCHEN_SCENE10_put_the_black_bowl_in_the_top_drawer_of_the_cabinet_demo/6xBKWCyw0SdK7vupOIeue6KcRJQ=.95607bdc2ac0ea3937f03a5a9c478f8f37ef13329dea67ab27c7469e688f7148.incomplete'
Downloading 'libero_90/KITCHEN_SCENE10_put_the_black_bowl_in_the_top_drawer_of_the_cabinet_demo/demo_18.hdf5' to '/scratch/shahils/openpi/datasets/Libero-XVLA-format/.cache/huggingface/download/libero_90/KITCHEN_SCENE10_put_the_black_bowl_in_the_top_drawer_of_the_cabinet_demo/QKYXz1zdl3FTvUCbpq3qqjTLQU0=.25009acd7baabba4069007014ba550031b4be7c8d69bfa126f885d47bbc08d9b.incomplete'
Download complete. Moving file to /scratch/shahils/openpi/datasets/Libero-XVLA-format/libero_90/KITCHEN_SCENE10_put_the_black_bowl_in_the_top_drawer_of_the_cabinet_demo/demo_15.hdf5
Downloading 'libero_90/KITCHEN_SCENE10_put_the_black_bowl_in_the_top_drawer_of_the_cabinet_demo/demo_2.hdf5' to '/scratch/shahils/openpi/datasets/Libero-XVLA-format/.cache/huggingface/download/libero_90/KITCHEN_SCENE10_put_the_black_bowl_in_the_top_drawer_of_the_cabinet_demo/3og14UMK8OhFZ5TnH3yoVefIegk=.efcbe65150411f78863d24a157b7b38ce0964a71be954f691905bfbb9283bc8a.incomplete'
Downloading 'libero_90/KITCHEN_SCENE10_put_the_black_bowl_in_the_top_drawer_of_the_cabinet_demo/demo_20.hdf5' to '/scratch/shahils/openpi/datasets/Libero-XVLA-format/.cache/huggingface/download/libero_90/KITCHEN_SCENE10_put_the_black_bowl_in_the_top_drawer_of_the_cabinet_demo/YKCRkR71roKkdVB7ct5LRhgdm0w=.81c7b9962b60ff934553fe5a80d4222e58a905eeac83d548fc525d132ee1c929.incomplete'
Download complete. Moving file to /scratch/shahils/openpi/datasets/Libero-XVLA-format/libero_90/KITCHEN_SCENE10_put_the_black_bowl_in_the_top_drawer_of_the_cabinet_demo/demo_14.hdf5
Downloading 'libero_90/KITCHEN_SCENE10_put_the_black_bowl_in_the_top_drawer_of_the_cabinet_demo/demo_21.hdf5' to '/scratch/shahils/openpi/datasets/Libero-XVLA-format/.cache/huggingface/download/libero_90/KITCHEN_SCENE10_put_the_black_bowl_in_the_top_drawer_of_the_cabinet_demo/3K3Z_y4mvKjZ0errTbFxkBfVJTk=.54b678a2b614d490092d5726b13286737c1a726e92a9066a59ed03cb21fcd6dc.incomplete'
Fetching 5618 files:   9%|▊         | 482/5618 [01:00<07:23, 11.58it/s]Downloading 'libero_90/KITCHEN_SCENE10_put_the_black_bowl_in_the_top_drawer_of_the_cabinet_demo/demo_22.hdf5' to '/scratch/shahils/openpi/datasets/Libero-XVLA-format/.cache/huggingface/download/libero_90/KITCHEN_SCENE10_put_the_black_bowl_in_the_top_drawer_of_the_cabinet_demo/gWwjSkl0yFcWGaeq6CAzkhpO2D0=.a4fc269da74685baeeb4abcb95549e38ce2bb50471d4145a95f6962a2470e64c.incomplete'
Download complete. Moving file to /scratch/shahils/openpi/datasets/Libero-XVLA-format/libero_90/KITCHEN_SCENE10_put_the_black_bowl_in_the_top_drawer_of_the_cabinet_demo/demo_16.hdf5
Fetching 5618 files:   9%|▊         | 484/5618 [01:00<08:34,  9.98it/s]Download complete. Moving file to /scratch/shahils/openpi/datasets/Libero-XVLA-format/libero_90/KITCHEN_SCENE10_put_the_black_bowl_in_the_top_drawer_of_the_cabinet_demo/demo_18.hdf5
Download complete. Moving file to /scratch/shahils/openpi/datasets/Libero-XVLA-format/libero_90/KITCHEN_SCENE10_put_the_black_bowl_in_the_top_drawer_of_the_cabinet_demo/demo_19.hdf5
Download complete. Moving file to /scratch/shahils/openpi/datasets/Libero-XVLA-format/libero_90/KITCHEN_SCENE10_put_the_black_bowl_in_the_top_drawer_of_the_cabinet_demo/demo_17.hdf5
Download complete. Moving file to /scratch/shahils/openpi/datasets/Libero-XVLA-format/libero_90/KITCHEN_SCENE10_put_the_black_bowl_in_the_top_drawer_of_the_cabinet_demo/demo_2.hdf5
Fetching 5618 files:   9%|▊         | 488/5618 [01:00<06:40, 12.80it/s]Downloading 'libero_90/KITCHEN_SCENE10_put_the_black_bowl_in_the_top_drawer_of_the_cabinet_demo/demo_23.hdf5' to '/scratch/shahils/openpi/datasets/Libero-XVLA-format/.cache/huggingface/download/libero_90/KITCHEN_SCENE10_put_the_black_bowl_in_the_top_drawer_of_the_cabinet_demo/yzE0FOLSaNlQiGR555_6tIW-62E=.295098121807ab37451393e403196a47ecb2bd930dd8b7734f6574b17ef08680.incomplete'
Download complete. Moving file to /scratch/shahils/openpi/datasets/Libero-XVLA-format/libero_90/KITCHEN_SCENE10_put_the_black_bowl_in_the_top_drawer_of_the_cabinet_demo/demo_21.hdf5
Downloading 'libero_90/KITCHEN_SCENE10_put_the_black_bowl_in_the_top_drawer_of_the_cabinet_demo/demo_24.hdf5' to '/scratch/shahils/openpi/datasets/Libero-XVLA-format/.cache/huggingface/download/libero_90/KITCHEN_SCENE10_put_the_black_bowl_in_the_top_drawer_of_the_cabinet_demo/Av9f4nuuD5gt-fGnBnDr3GSVu64=.4aac0f4c1348f1ea5143bbb8ee5cb0d51d37173c9434d56e87063c1cb1380457.incomplete'
Downloading 'libero_90/KITCHEN_SCENE10_put_the_black_bowl_in_the_top_drawer_of_the_cabinet_demo/demo_25.hdf5' to '/scratch/shahils/openpi/datasets/Libero-XVLA-format/.cache/huggingface/download/libero_90/KITCHEN_SCENE10_put_the_black_bowl_in_the_top_drawer_of_the_cabinet_demo/6Z-wCyJKscsJ4FI7YAMP-Ecsv0g=.9620aaf5524b45353f33b8fecd4c46f2881bb5553440718613ba41e62c5ff47a.incomplete'
Download complete. Moving file to /scratch/shahils/openpi/datasets/Libero-XVLA-format/libero_90/KITCHEN_SCENE10_put_the_black_bowl_in_the_top_drawer_of_the_cabinet_demo/demo_20.hdf5
Downloading 'libero_90/KITCHEN_SCENE10_put_the_black_bowl_in_the_top_drawer_of_the_cabinet_demo/demo_26.hdf5' to '/scratch/shahils/openpi/datasets/Libero-XVLA-format/.cache/huggingface/download/libero_90/KITCHEN_SCENE10_put_the_black_bowl_in_the_top_drawer_of_the_cabinet_demo/D0Sfp77Lbsw-ire7S06x4EHBIz8=.972e1bdfed0967048ae22396d9c042a2469f73a9a770ae78712940a502c15a74.incomplete'
Downloading 'libero_90/KITCHEN_SCENE10_put_the_black_bowl_in_the_top_drawer_of_the_cabinet_demo/demo_27.hdf5' to '/scratch/shahils/openpi/datasets/Libero-XVLA-format/.cache/huggingface/download/libero_90/KITCHEN_SCENE10_put_the_black_bowl_in_the_top_drawer_of_the_cabinet_demo/awW9_RZm5u75nVXyr7-Wt87ouRY=.e6a04a95c5d462c31782ed11ac153ea17829f563da8ed1c28726757391f5c452.incomplete'
Downloading 'libero_90/KITCHEN_SCENE10_put_the_black_bowl_in_the_top_drawer_of_the_cabinet_demo/demo_28.hdf5' to '/scratch/shahils/openpi/datasets/Libero-XVLA-format/.cache/huggingface/download/libero_90/KITCHEN_SCENE10_put_the_black_bowl_in_the_top_drawer_of_the_cabinet_demo/oCHBOAFNGVGg80mwaTp2RsvSXNo=.ac9bfc2600838d7a6caea7fb7da9ed51a64649037e9be45bb95a1c3568cee39c.incomplete'
Fetching 5618 files:   9%|▊         | 490/5618 [01:00<06:34, 13.00it/s]Download complete. Moving file to /scratch/shahils/openpi/datasets/Libero-XVLA-format/libero_90/KITCHEN_SCENE10_put_the_black_bowl_in_the_top_drawer_of_the_cabinet_demo/demo_22.hdf5
Downloading 'libero_90/KITCHEN_SCENE10_put_the_black_bowl_in_the_top_drawer_of_the_cabinet_demo/demo_29.hdf5' to '/scratch/shahils/openpi/datasets/Libero-XVLA-format/.cache/huggingface/download/libero_90/KITCHEN_SCENE10_put_the_black_bowl_in_the_top_drawer_of_the_cabinet_demo/yAz0xkAEzHO3nJc6fbf1lm5EA4A=.370b02c7134d35522c4401c04c059444aaa43539c169f22fb065648966ab67e4.incomplete'
Downloading 'libero_90/KITCHEN_SCENE10_put_the_black_bowl_in_the_top_drawer_of_the_cabinet_demo/demo_3.hdf5' to '/scratch/shahils/openpi/datasets/Libero-XVLA-format/.cache/huggingface/download/libero_90/KITCHEN_SCENE10_put_the_black_bowl_in_the_top_drawer_of_the_cabinet_demo/kDPYMwpDbb0UmDre7lwzbkhjc_A=.9927a01f69cb8cb3ed6aa086d8825c98f2b7dbe519dca330ea2c1d87be9fd6f7.incomplete'
Download complete. Moving file to /scratch/shahils/openpi/datasets/Libero-XVLA-format/libero_90/KITCHEN_SCENE10_put_the_black_bowl_in_the_top_drawer_of_the_cabinet_demo/demo_23.hdf5
Fetching 5618 files:   9%|▉         | 492/5618 [01:01<09:28,  9.01it/s]Download complete. Moving file to /scratch/shahils/openpi/datasets/Libero-XVLA-format/libero_90/KITCHEN_SCENE10_put_the_black_bowl_in_the_top_drawer_of_the_cabinet_demo/demo_25.hdf5
Download complete. Moving file to /scratch/shahils/openpi/datasets/Libero-XVLA-format/libero_90/KITCHEN_SCENE10_put_the_black_bowl_in_the_top_drawer_of_the_cabinet_demo/demo_24.hdf5
Downloading 'libero_90/KITCHEN_SCENE10_put_the_black_bowl_in_the_top_drawer_of_the_cabinet_demo/demo_30.hdf5' to '/scratch/shahils/openpi/datasets/Libero-XVLA-format/.cache/huggingface/download/libero_90/KITCHEN_SCENE10_put_the_black_bowl_in_the_top_drawer_of_the_cabinet_demo/5eZjcC9Xnjg2nGdXeYCieWD8ndg=.887280edef0c93d40070c4d2ccf76ad1e13992a53a0d86fde63bb8ad1305b366.incomplete'
Download complete. Moving file to /scratch/shahils/openpi/datasets/Libero-XVLA-format/libero_90/KITCHEN_SCENE10_put_the_black_bowl_in_the_top_drawer_of_the_cabinet_demo/demo_28.hdf5
Download complete. Moving file to /scratch/shahils/openpi/datasets/Libero-XVLA-format/libero_90/KITCHEN_SCENE10_put_the_black_bowl_in_the_top_drawer_of_the_cabinet_demo/demo_27.hdf5
Downloading 'libero_90/KITCHEN_SCENE10_put_the_black_bowl_in_the_top_drawer_of_the_cabinet_demo/demo_31.hdf5' to '/scratch/shahils/openpi/datasets/Libero-XVLA-format/.cache/huggingface/download/libero_90/KITCHEN_SCENE10_put_the_black_bowl_in_the_top_drawer_of_the_cabinet_demo/NBPPmp9ufBi0WLlkvdO6oSjfcDw=.7f1b9ee92135f0631b848610b9314df72c69ae9075d56c751fad2c72220fc025.incomplete'
Download complete. Moving file to /scratch/shahils/openpi/datasets/Libero-XVLA-format/libero_90/KITCHEN_SCENE10_put_the_black_bowl_in_the_top_drawer_of_the_cabinet_demo/demo_26.hdf5
Fetching 5618 files:   9%|▉         | 495/5618 [01:01<08:03, 10.60it/s]Download complete. Moving file to /scratch/shahils/openpi/datasets/Libero-XVLA-format/libero_90/KITCHEN_SCENE10_put_the_black_bowl_in_the_top_drawer_of_the_cabinet_demo/demo_29.hdf5
Downloading 'libero_90/KITCHEN_SCENE10_put_the_black_bowl_in_the_top_drawer_of_the_cabinet_demo/demo_33.hdf5' to '/scratch/shahils/openpi/datasets/Libero-XVLA-format/.cache/huggingface/download/libero_90/KITCHEN_SCENE10_put_the_black_bowl_in_the_top_drawer_of_the_cabinet_demo/71dKVjNemPYFufIxiL0NslgkHZ4=.929e0d8fa9609f5116291e93941d517886f1c6475bd982b47d740f3bf6214d86.incomplete'
Downloading 'libero_90/KITCHEN_SCENE10_put_the_black_bowl_in_the_top_drawer_of_the_cabinet_demo/demo_34.hdf5' to '/scratch/shahils/openpi/datasets/Libero-XVLA-format/.cache/huggingface/download/libero_90/KITCHEN_SCENE10_put_the_black_bowl_in_the_top_drawer_of_the_cabinet_demo/XvqvOhPRR_plUN0huKWrYYYqQso=.80b0bfa7de69cd937dd0531b684901dca6a1d163bc0de5f9a5246f39cf5f3b34.incomplete'
Downloading 'libero_90/KITCHEN_SCENE10_put_the_black_bowl_in_the_top_drawer_of_the_cabinet_demo/demo_35.hdf5' to '/scratch/shahils/openpi/datasets/Libero-XVLA-format/.cache/huggingface/download/libero_90/KITCHEN_SCENE10_put_the_black_bowl_in_the_top_drawer_of_the_cabinet_demo/puxvedngqel9iesOxTa00onBNow=.f53e54b9e75dd524eb14df0c2b76d736de23b264223ac510e94905829d94818e.incomplete'
Downloading 'libero_90/KITCHEN_SCENE10_put_the_black_bowl_in_the_top_drawer_of_the_cabinet_demo/demo_32.hdf5' to '/scratch/shahils/openpi/datasets/Libero-XVLA-format/.cache/huggingface/download/libero_90/KITCHEN_SCENE10_put_the_black_bowl_in_the_top_drawer_of_the_cabinet_demo/W47I1m5ZiJ5j1VB8WAfsa1kZ3jg=.4ecc1d5b064e35b200e9e57cbc1872022c6d5046a3c4fabf5cd92791ea02eed0.incomplete'
Downloading 'libero_90/KITCHEN_SCENE10_put_the_black_bowl_in_the_top_drawer_of_the_cabinet_demo/demo_4.hdf5' to '/scratch/shahils/openpi/datasets/Libero-XVLA-format/.cache/huggingface/download/libero_90/KITCHEN_SCENE10_put_the_black_bowl_in_the_top_drawer_of_the_cabinet_demo/ipuk287oYmp9DTR1pceb2mWz1L8=.f5489ac7968fddef53baf5030e578f11c34caf0ae0a2e5a8ac91083cc9ace27b.incomplete'
Downloading 'libero_90/KITCHEN_SCENE10_put_the_black_bowl_in_the_top_drawer_of_the_cabinet_demo/demo_36.hdf5' to '/scratch/shahils/openpi/datasets/Libero-XVLA-format/.cache/huggingface/download/libero_90/KITCHEN_SCENE10_put_the_black_bowl_in_the_top_drawer_of_the_cabinet_demo/0t-nm1J8m0Aumq16uzFp8HaSrqk=.5e79936696854e13fa74d1ffe3d2de18319266594e21397eaf08d41372808925.incomplete'
Downloading 'libero_90/KITCHEN_SCENE10_put_the_black_bowl_in_the_top_drawer_of_the_cabinet_demo/demo_37.hdf5' to '/scratch/shahils/openpi/datasets/Libero-XVLA-format/.cache/huggingface/download/libero_90/KITCHEN_SCENE10_put_the_black_bowl_in_the_top_drawer_of_the_cabinet_demo/six54jnBxEIwvnS7MaIA-ysQ7ww=.af18b10dd6a673b0a19c44eef626a39d3daa2b6f2a8c017168c5a4475a7e9529.incomplete'
Downloading 'libero_90/KITCHEN_SCENE10_put_the_black_bowl_in_the_top_drawer_of_the_cabinet_demo/demo_38.hdf5' to '/scratch/shahils/openpi/datasets/Libero-XVLA-format/.cache/huggingface/download/libero_90/KITCHEN_SCENE10_put_the_black_bowl_in_the_top_drawer_of_the_cabinet_demo/FvVDF7ms8p6TQEbfo1o-dhDgGUo=.333742ae644ed2606a2e03484212bd9f322d72ddf87f8582d561c9be3f229a04.incomplete'
Downloading 'libero_90/KITCHEN_SCENE10_put_the_black_bowl_in_the_top_drawer_of_the_cabinet_demo/demo_39.hdf5' to '/scratch/shahils/openpi/datasets/Libero-XVLA-format/.cache/huggingface/download/libero_90/KITCHEN_SCENE10_put_the_black_bowl_in_the_top_drawer_of_the_cabinet_demo/uc2s1qxkrQQuSk7uhnI17Kpq7so=.5dec8eb082c1f97f3dcd0e33a6974bf7c7c5d4b192930575440d54bb21d5eb9e.incomplete'
Downloading 'libero_90/KITCHEN_SCENE10_put_the_black_bowl_in_the_top_drawer_of_the_cabinet_demo/demo_40.hdf5' to '/scratch/shahils/openpi/datasets/Libero-XVLA-format/.cache/huggingface/download/libero_90/KITCHEN_SCENE10_put_the_black_bowl_in_the_top_drawer_of_the_cabinet_demo/gbqCG95rgl4AbHbeFAAh6X4b9_0=.d8c4e7837f44b95cdd71de9b6ce76a2f547e71f2b24910998d84372e064f2178.incomplete'
Downloading 'libero_90/KITCHEN_SCENE10_put_the_black_bowl_in_the_top_drawer_of_the_cabinet_demo/demo_42.hdf5' to '/scratch/shahils/openpi/datasets/Libero-XVLA-format/.cache/huggingface/download/libero_90/KITCHEN_SCENE10_put_the_black_bowl_in_the_top_drawer_of_the_cabinet_demo/aG9SsDqjtm7eJlBwavK1b1oF2A0=.abe40596e6e3768b0366b5dfb8294b1cb40549b11b30b629339c6878dda7342d.incomplete'
Download complete. Moving file to /scratch/shahils/openpi/datasets/Libero-XVLA-format/libero_90/KITCHEN_SCENE10_put_the_black_bowl_in_the_top_drawer_of_the_cabinet_demo/demo_3.hdf5
Fetching 5618 files:   9%|▉         | 499/5618 [01:01<08:11, 10.42it/s]Download complete. Moving file to /scratch/shahils/openpi/datasets/Libero-XVLA-format/libero_90/KITCHEN_SCENE10_put_the_black_bowl_in_the_top_drawer_of_the_cabinet_demo/demo_31.hdf5
Downloading 'libero_90/KITCHEN_SCENE10_put_the_black_bowl_in_the_top_drawer_of_the_cabinet_demo/demo_41.hdf5' to '/scratch/shahils/openpi/datasets/Libero-XVLA-format/.cache/huggingface/download/libero_90/KITCHEN_SCENE10_put_the_black_bowl_in_the_top_drawer_of_the_cabinet_demo/3iMrJnDf8EyN9l6WylHc3Y2wlVg=.c8fc172a8b87649943c1ed59776500e74dd29f9d4b887ed87559e3ff6c055942.incomplete'
Downloading 'libero_90/KITCHEN_SCENE10_put_the_black_bowl_in_the_top_drawer_of_the_cabinet_demo/demo_45.hdf5' to '/scratch/shahils/openpi/datasets/Libero-XVLA-format/.cache/huggingface/download/libero_90/KITCHEN_SCENE10_put_the_black_bowl_in_the_top_drawer_of_the_cabinet_demo/UJk1zjgo-NhoaRnOwcI5hlYGES8=.619ac13e9a5f93a84c575f862b2ff6efe47563fbed14ee7722920781797eff40.incomplete'
Downloading 'libero_90/KITCHEN_SCENE10_put_the_black_bowl_in_the_top_drawer_of_the_cabinet_demo/demo_44.hdf5' to '/scratch/shahils/openpi/datasets/Libero-XVLA-format/.cache/huggingface/download/libero_90/KITCHEN_SCENE10_put_the_black_bowl_in_the_top_drawer_of_the_cabinet_demo/WSw2kAHnlOu7Sf1zW4FvtY6ae68=.6fc886d412c48f67bc19b7669dabcdcf827f74f419c48304439bd1b0de10fb2c.incomplete'
Download complete. Moving file to /scratch/shahils/openpi/datasets/Libero-XVLA-format/libero_90/KITCHEN_SCENE10_put_the_black_bowl_in_the_top_drawer_of_the_cabinet_demo/demo_30.hdf5
Downloading 'libero_90/KITCHEN_SCENE10_put_the_black_bowl_in_the_top_drawer_of_the_cabinet_demo/demo_47.hdf5' to '/scratch/shahils/openpi/datasets/Libero-XVLA-format/.cache/huggingface/download/libero_90/KITCHEN_SCENE10_put_the_black_bowl_in_the_top_drawer_of_the_cabinet_demo/WAmqMow1SHsQNkQwGt3eEQD1n68=.aaf70c9d7323416be312774d22b1fe1ebe3d8554cc1603d11c382e0344338ba3.incomplete'
Fetching 5618 files:   9%|▉         | 501/5618 [01:01<07:36, 11.22it/s]Fetching 5618 files:   9%|▉         | 501/5618 [01:01<10:32,  8.09it/s]
Downloading 'libero_90/KITCHEN_SCENE10_put_the_black_bowl_in_the_top_drawer_of_the_cabinet_demo/demo_49.hdf5' to '/scratch/shahils/openpi/datasets/Libero-XVLA-format/.cache/huggingface/download/libero_90/KITCHEN_SCENE10_put_the_black_bowl_in_the_top_drawer_of_the_cabinet_demo/AqGksBkHsgl6Z30tGZzu6zuU6u4=.f18d41166be9b022f4ea75b5f69ef64db313edd90027438293d048a377d87361.incomplete'
Downloading 'libero_90/KITCHEN_SCENE10_put_the_black_bowl_in_the_top_drawer_of_the_cabinet_demo/demo_6.hdf5' to '/scratch/shahils/openpi/datasets/Libero-XVLA-format/.cache/huggingface/download/libero_90/KITCHEN_SCENE10_put_the_black_bowl_in_the_top_drawer_of_the_cabinet_demo/Wr6ZPoJs4sFIJWzyWVAnWCPbWzA=.73a61cee1bf188cbae7505e82602539908ec91157c587cca46992627d29ebab0.incomplete'
Downloading 'libero_90/KITCHEN_SCENE10_put_the_black_bowl_in_the_top_drawer_of_the_cabinet_demo/demo_46.hdf5' to '/scratch/shahils/openpi/datasets/Libero-XVLA-format/.cache/huggingface/download/libero_90/KITCHEN_SCENE10_put_the_black_bowl_in_the_top_drawer_of_the_cabinet_demo/GSFiAZuoEvbbDSjbh92wEUVAKvQ=.a5abe6738f3069fd98c39a47d2ecd972d30f0748480b2695d918f44b7375a701.incomplete'
Downloading 'libero_90/KITCHEN_SCENE10_put_the_black_bowl_in_the_top_drawer_of_the_cabinet_demo/demo_5.hdf5' to '/scratch/shahils/openpi/datasets/Libero-XVLA-format/.cache/huggingface/download/libero_90/KITCHEN_SCENE10_put_the_black_bowl_in_the_top_drawer_of_the_cabinet_demo/W103OyYBEP6E2F77F2mPmmee-xo=.bc078206b73596cc9b741532388dbbaa9af126e0d08e3fdd9aa0f1f8b42c33d2.incomplete'
Downloading 'libero_90/KITCHEN_SCENE10_put_the_black_bowl_in_the_top_drawer_of_the_cabinet_demo/demo_43.hdf5' to '/scratch/shahils/openpi/datasets/Libero-XVLA-format/.cache/huggingface/download/libero_90/KITCHEN_SCENE10_put_the_black_bowl_in_the_top_drawer_of_the_cabinet_demo/xDtfjXi1ZpcTDqx8nNxVshnvTLY=.0bbad15d7a6c9e5c86caffeb07dc6763aa05409170999a304c290fc57e6a2eeb.incomplete'
Downloading 'libero_90/KITCHEN_SCENE10_put_the_black_bowl_in_the_top_drawer_of_the_cabinet_demo/demo_7.hdf5' to '/scratch/shahils/openpi/datasets/Libero-XVLA-format/.cache/huggingface/download/libero_90/KITCHEN_SCENE10_put_the_black_bowl_in_the_top_drawer_of_the_cabinet_demo/Qbgk0AKX1FAN0bSHcNqoVwXx0Rg=.bb229bc8284d983bc131bfe970df92cf8e6e1dca8188dd0ef9bea0ad344dddf7.incomplete'
Downloading 'libero_90/KITCHEN_SCENE10_put_the_black_bowl_in_the_top_drawer_of_the_cabinet_demo/demo_8.hdf5' to '/scratch/shahils/openpi/datasets/Libero-XVLA-format/.cache/huggingface/download/libero_90/KITCHEN_SCENE10_put_the_black_bowl_in_the_top_drawer_of_the_cabinet_demo/guTF9kyhn15zkapITNaJzvsF6SM=.29f4701573b507bbf9371897070176776e8cccbb8af9c36c5e11cf4ad9760f8b.incomplete'
Downloading 'libero_90/KITCHEN_SCENE10_put_the_black_bowl_in_the_top_drawer_of_the_cabinet_demo/demo_48.hdf5' to '/scratch/shahils/openpi/datasets/Libero-XVLA-format/.cache/huggingface/download/libero_90/KITCHEN_SCENE10_put_the_black_bowl_in_the_top_drawer_of_the_cabinet_demo/clT21Q6GOZoCuvkT9Yij6UyXzo8=.1f6a12015dc24c214a246a6b06f32bcc89bb5bab9d57822568cdf26a9d17b986.incomplete'
Traceback (most recent call last):
  File "/home/shahils/.local/lib/python3.11/site-packages/huggingface_hub/utils/_http.py", line 409, in hf_raise_for_status
    response.raise_for_status()
  File "/software/slurm/spackages/linux-rocky8-x86_64/gcc-12.2.0/anaconda3-2023.09-0-3mhml42fa64byxqyd5fig5tbih625dp2/lib/python3.11/site-packages/requests/models.py", line 1021, in raise_for_status
    raise HTTPError(http_error_msg, response=self)
requests.exceptions.HTTPError: 429 Client Error: Too Many Requests for url: https://huggingface.co/api/datasets/2toINF/Libero-XVLA-format/xet-read-token/27ddd36538ee4812bd31fd8b494f8d7c6a11ef9d

The above exception was the direct cause of the following exception:

Traceback (most recent call last):
  File "/home/shahils/.local/bin/huggingface-cli", line 8, in <module>
    sys.exit(main())
             ^^^^^^
  File "/home/shahils/.local/lib/python3.11/site-packages/huggingface_hub/commands/huggingface_cli.py", line 61, in main
    service.run()
  File "/home/shahils/.local/lib/python3.11/site-packages/huggingface_hub/commands/download.py", line 157, in run
    print(self._download())  # Print path to downloaded files
          ^^^^^^^^^^^^^^^^
  File "/home/shahils/.local/lib/python3.11/site-packages/huggingface_hub/commands/download.py", line 191, in _download
    return snapshot_download(
           ^^^^^^^^^^^^^^^^^^
  File "/home/shahils/.local/lib/python3.11/site-packages/huggingface_hub/utils/_validators.py", line 114, in _inner_fn
    return fn(*args, **kwargs)
           ^^^^^^^^^^^^^^^^^^^
  File "/home/shahils/.local/lib/python3.11/site-packages/huggingface_hub/_snapshot_download.py", line 332, in snapshot_download
    thread_map(
  File "/software/slurm/spackages/linux-rocky8-x86_64/gcc-12.2.0/anaconda3-2023.09-0-3mhml42fa64byxqyd5fig5tbih625dp2/lib/python3.11/site-packages/tqdm/contrib/concurrent.py", line 69, in thread_map
    return _executor_map(ThreadPoolExecutor, fn, *iterables, **tqdm_kwargs)
           ^^^^^^^^^^^^^^^^^^^^^^^^^^^^^^^^^^^^^^^^^^^^^^^^^^^^^^^^^^^^^^^^
  File "/software/slurm/spackages/linux-rocky8-x86_64/gcc-12.2.0/anaconda3-2023.09-0-3mhml42fa64byxqyd5fig5tbih625dp2/lib/python3.11/site-packages/tqdm/contrib/concurrent.py", line 51, in _executor_map
    return list(tqdm_class(ex.map(fn, *iterables, chunksize=chunksize), **kwargs))
           ^^^^^^^^^^^^^^^^^^^^^^^^^^^^^^^^^^^^^^^^^^^^^^^^^^^^^^^^^^^^^^^^^^^^^^^
  File "/software/slurm/spackages/linux-rocky8-x86_64/gcc-12.2.0/anaconda3-2023.09-0-3mhml42fa64byxqyd5fig5tbih625dp2/lib/python3.11/site-packages/tqdm/std.py", line 1178, in __iter__
    for obj in iterable:
  File "/software/slurm/spackages/linux-rocky8-x86_64/gcc-12.2.0/anaconda3-2023.09-0-3mhml42fa64byxqyd5fig5tbih625dp2/lib/python3.11/concurrent/futures/_base.py", line 619, in result_iterator
    yield _result_or_cancel(fs.pop())
          ^^^^^^^^^^^^^^^^^^^^^^^^^^^
  File "/software/slurm/spackages/linux-rocky8-x86_64/gcc-12.2.0/anaconda3-2023.09-0-3mhml42fa64byxqyd5fig5tbih625dp2/lib/python3.11/concurrent/futures/_base.py", line 317, in _result_or_cancel
    return fut.result(timeout)
           ^^^^^^^^^^^^^^^^^^^
  File "/software/slurm/spackages/linux-rocky8-x86_64/gcc-12.2.0/anaconda3-2023.09-0-3mhml42fa64byxqyd5fig5tbih625dp2/lib/python3.11/concurrent/futures/_base.py", line 449, in result
    return self.__get_result()
           ^^^^^^^^^^^^^^^^^^^
  File "/software/slurm/spackages/linux-rocky8-x86_64/gcc-12.2.0/anaconda3-2023.09-0-3mhml42fa64byxqyd5fig5tbih625dp2/lib/python3.11/concurrent/futures/_base.py", line 401, in __get_result
    raise self._exception
  File "/software/slurm/spackages/linux-rocky8-x86_64/gcc-12.2.0/anaconda3-2023.09-0-3mhml42fa64byxqyd5fig5tbih625dp2/lib/python3.11/concurrent/futures/thread.py", line 58, in run
    result = self.fn(*self.args, **self.kwargs)
             ^^^^^^^^^^^^^^^^^^^^^^^^^^^^^^^^^^
  File "/home/shahils/.local/lib/python3.11/site-packages/huggingface_hub/_snapshot_download.py", line 306, in _inner_hf_hub_download
    return hf_hub_download(
           ^^^^^^^^^^^^^^^^
  File "/home/shahils/.local/lib/python3.11/site-packages/huggingface_hub/utils/_validators.py", line 114, in _inner_fn
    return fn(*args, **kwargs)
           ^^^^^^^^^^^^^^^^^^^
  File "/home/shahils/.local/lib/python3.11/site-packages/huggingface_hub/file_download.py", line 990, in hf_hub_download
    return _hf_hub_download_to_local_dir(
           ^^^^^^^^^^^^^^^^^^^^^^^^^^^^^^
  File "/home/shahils/.local/lib/python3.11/site-packages/huggingface_hub/file_download.py", line 1300, in _hf_hub_download_to_local_dir
    _download_to_tmp_and_move(
  File "/home/shahils/.local/lib/python3.11/site-packages/huggingface_hub/file_download.py", line 1723, in _download_to_tmp_and_move
    xet_get(
  File "/home/shahils/.local/lib/python3.11/site-packages/huggingface_hub/file_download.py", line 594, in xet_get
    connection_info = refresh_xet_connection_info(file_data=xet_file_data, headers=headers)
                      ^^^^^^^^^^^^^^^^^^^^^^^^^^^^^^^^^^^^^^^^^^^^^^^^^^^^^^^^^^^^^^^^^^^^^
  File "/home/shahils/.local/lib/python3.11/site-packages/huggingface_hub/utils/_validators.py", line 114, in _inner_fn
    return fn(*args, **kwargs)
           ^^^^^^^^^^^^^^^^^^^
  File "/home/shahils/.local/lib/python3.11/site-packages/huggingface_hub/utils/_xet.py", line 116, in refresh_xet_connection_info
    return _fetch_xet_connection_info_with_url(file_data.refresh_route, headers)
           ^^^^^^^^^^^^^^^^^^^^^^^^^^^^^^^^^^^^^^^^^^^^^^^^^^^^^^^^^^^^^^^^^^^^^
  File "/home/shahils/.local/lib/python3.11/site-packages/huggingface_hub/utils/_validators.py", line 114, in _inner_fn
    return fn(*args, **kwargs)
           ^^^^^^^^^^^^^^^^^^^
  File "/home/shahils/.local/lib/python3.11/site-packages/huggingface_hub/utils/_xet.py", line 187, in _fetch_xet_connection_info_with_url
    hf_raise_for_status(resp)
  File "/home/shahils/.local/lib/python3.11/site-packages/huggingface_hub/utils/_http.py", line 482, in hf_raise_for_status
    raise _format(HfHubHTTPError, str(e), response) from e
huggingface_hub.errors.HfHubHTTPError: 429 Client Error: Too Many Requests for url: https://huggingface.co/api/datasets/2toINF/Libero-XVLA-format/xet-read-token/27ddd36538ee4812bd31fd8b494f8d7c6a11ef9d (Request ID: Root=1-6a9e26f5-133a61d05f10b3fc4d360809;585d8a05-abde-4830-a496-1a84cfb7b622)

We had to rate limit your IP (205.186.62.252). To continue using our service, create a HF account or login to your existing account, and make sure you pass a HF_TOKEN if you're using the API.
